-----------------------------------------------------------------------------------------------------------------------------------------
      name:  <unnamed>
       log:  C:/Users/bcchen/Documents/GitHub/mvpf-climate/data/0_log/log_metafile_2025-10-22_15-03-00__full_current_no_lbd.log
  log type:  text
 opened on:  22 Oct 2025, 15:03:00

. // create new folders
. cap mkdir "${results}"

. 
. 
. *-----------------------------------------------------------------------
. * 0 - Define Macros.
. *-----------------------------------------------------------------------
. 
. foreach correction_mode of global correction_modes {
  2.     global correction_mode `correction_mode'
  3.     global nrun = "${nrun}_`correction_mode'"
  4.     global causal_ests = "${code_files}/2a_causal_estimates_papers/`correction_mode'"
  5.     global causal_draws = "${code_files}/2b_causal_estimates_draws/`correction_mode'"
  6. 
.     if $usets == 1 {
  7.         global stamp = "${timestamp}__${nrun}"
  8.     }
  9.     else {
 10.         global stamp = "${nrun}"
 11.     }
 12.     // Set results to use
.     if "$use_causal_draws" == "redraw" {
 13.         global redraw_causal_estimates = "yes"
 14.         global ts_causal_draws = "${stamp}"
 15.         noi di "Create new causal draws: ${ts_causal_draws}"
 16.         cap mkdir "${causal_draws}/${ts_causal_draws}"
 17.     }
 18.     else if "$use_causal_draws" == "latest" {
 19.         global redraw_causal_estimates = "no"
 20.         local folders : dir "${causal_draws}" dirs "*"
 21.         global ts_causal_draws : word `:list sizeof folders' of `folders'
 22.         noi di "Using latest causal draws: `ts_causal_draws'."
 23.     }
 24.     else {
 25.         global redraw_causal_estimates = "no"
 26.         global ts_causal_draws = "$use_causal_draws"
 27.         noi di "Using specific causal draws: `ts_causal_draws'."
 28.     }
 29.     /* Note: There is no "redraw bootstrap draws" option at the moment. */
.     if "$use_bootstrap_draws" == "redraw" {
 30.         global redraw_bootstrap_estimates = "yes"
 31.         global ts_bootstrap_draws = "${stamp}"
 32.         noi di "Create new bootstrap draws: ${ts_bootstrap_draws}"
 33.         cap mkdir "${bootstrap_folder}/${ts_bootstrap_draws}"
 34.     }
 35.     else if "$use_bootstrap_draws" == "latest" {
 36.         global redraw_bootstrap_estimates = "no"
 37.         local folders : dir "${bootstrap_folder}" dirs "*"
 38.         global ts_bootstrap_draws : word `:list sizeof folders' of `folders'
 39.         noi di "Using latest bootstrap draws: `ts_bootstrap_draws'."
 40.     }
 41.     else {
 42.         global redraw_bootstrap_estimates = "no"
 43.         global ts_bootstrap_draws = "$use_bootstrap_draws"
 44.         noi di "Using specific bootstrap draws: `ts_bootstrap_draws'."
 45.     }
 46. 
.     global bootstrap_files = "${bootstrap_folder}/${ts_bootstrap_draws}"
 47.     global append_files = "${bootstrap_files}/all_policies_collated"
 48.     cap mkdir "${bootstrap_files}"
 49.     cap mkdir "${append_files}"
 50. 
. 
.     local programs_to_run $programs_to_run
 51.     local programs_pb_exclude $programs_pb_exclude
 52.     if "`correction_mode'" == "corrected" global programs_to_run: list programs_to_run - programs_pb_exclude
 53. 
.     if "`correction_mode'" == "corrected"{
 54.         di in red "the list of programs is ${programs_to_run}"
 55.     }
 56. 
.     *-----------------------------------------------------------------------
.     * 0 - Macros
.     *-----------------------------------------------------------------------
.     noi di "SECTION 0: MACROS"
 57.         qui do "${github}/ado/check_timepaths.ado"
 58.     qui do "${github}/wrapper/macros.do" "yes"
 59. 
.     *-----------------------------------------------------------------------
.     * 1 - Prepare causal estimates
.     *-----------------------------------------------------------------------
.     noi di "SECTION 1: PREPARE CAUSAL ESTIMATES"
 60.     * 1 - prepare bootstrap draws of uncorrected causal estimates
.     noi do "${github}/wrapper/prepare_causal_estimates.do" ///
>            "$programs_to_run" // programs to run / all_programs
 61. 
.     *-----------------------------------------------------------------------
.     * 2 - Estimate MVPFs and other statistics, bootstrap, and loop through global assumptions
.     *-----------------------------------------------------------------------
. 
.     noi di "SECTION 2: ESTIMATION & BOOTSTRAPPING"
 62.         
.     do "${github}/wrapper/bootstrap_wrapper.do" ///
>        "${programs_to_run}" /// programs to run
>        "${modes_to_run}" // all_modes // baseline // modes to run
 63. 
.     if "${make_waterfall}" == "yes"{
 64.         do "${github}/wrapper/waterfalls.do" ///
>            "${programs_to_run}" /// programs to run
>            "${modes_to_run}" // all_modes // baseline // modes to run
 65.     }
 66. 
.     *-----------------------------------------------------------------------
.     * 3 - Compile results.
.     *-----------------------------------------------------------------------
.     noi di "SECTION 3: COMPILE ESTIMATES & INFERENCE"
 67.     clear
 68. 
.     di in red "compile programs is ${compile_programs}"
 69.     di in red "compile loop modes is ${compile_loop_modes}"
 70.     foreach program of global compile_programs {
 71. 
.         di "${compile_loop_modes}"              
 72.         foreach mode of global compile_loop_modes {
 73.             append using "${bootstrap_files}/`program'_`mode'_estimates_${replications}_replications"   
 74.         }
 75. 
.     }
 76.     save "${results}/compiled_results_all_`correction_mode'", replace 
 77. 
. 
.     /*-----------------------------------------------------------------------
>     * 4 - Append with Previous Run
>     *-----------------------------------------------------------------------*/
. 
.     if "${append}" == "yes" {
 78.         
.         use "${code_files}/4_results/${original_stamp}/compiled_results_all_`correction_mode'", clear 
 79. 
.         foreach mode of global compile_loop_modes {
 80.             foreach program of global compile_programs {
 81.                 drop if program == "`program'" & assumptions == "`mode'"        
 82.         
.             if "`mode'" == "baseline" {
 83.                 append using "${bootstrap_files}/`program'_`mode'_estimates_${replications}_replications"
 84.                 }
 85.             else {
 86.                 append using "${bootstrap_files}/`program'_`mode'_estimates_${replications}_replications"       
 87.                 }       
 88.             }
 89.         }
 90.         
.         save "${code_files}/4_results/${original_stamp}/compiled_results_all_`correction_mode'", replace
 91.     }
 92. 
. 
. 
.     *run publication bias metafile
.     if "`9'" == "yes"{
 93.         if "`correction_mode'" == "uncorrected_vJK" do "${github}/publication_bias/pub_bias_wrapper"
 94.     }
 95. 
. }
Create new causal draws: 2025-10-22_15-03-00__full_current_no_lbd_uncorrected_vJK
Create new bootstrap draws: 2025-10-22_15-03-00__full_current_no_lbd_uncorrected_vJK
SECTION 0: MACROS
Rerun macros set to yes through a positional argument
Rerun timepaths set to no
Asked to Resave CPI Globals
Asked to Resave VMT Rebound
Saving VMT Rebound because Currently Undefined.
Asked to Resave EV Price Elasticity (Gas Tax LBD)
Saving EV Price Elasticity (Gas Tax LBD) because Currently Undefined.
Asked to Rerun Gasoline Prices, Taxes, and Markups
Asked to Rerun Vehicle VMT Datasets
Discount Rate is 2%
Social Cost of Carbon is $193
Grid Type is mid
Asked to Rerun Electricity and Natural Gas Externalities
Asked to Rerun Gasoline Vehicle Externalities
Asked to Rerun Diesel Externalities
Asked to Rerun Benefits from Not Driving Gasoline-powered Vehicle
Asked to Rerun Damages from Charging Electric Vehicles
Setting globals to no because macros has finished running
SECTION 1: PREPARE CAUSAL ESTIMATES

. ********************************************************************************
. *                                               PREPARE CAUSAL ESTIMATES                                                           *
. ********************************************************************************
. display `"All the arguments, as typed by the user, are: `0'"'
All the arguments, as typed by the user, are: "ct_solar"

. 
. * Set options
. local replications ${reps}

. local correlation 1

. 
. *-------------------------------------------------------------------------------
. *       0. Define programs to run for
. *-------------------------------------------------------------------------------
. 
. if "`1'" == ""{ // file not being run externally
. 
.         global nrun = ""
.         global stamp = "${nrun}"
.         global redraw_causal_estimates = "yes"
.     global ts_causal_draws = "${stamp}"
.     cap mkdir "${causal_draws}/${ts_causal_draws}"
. }

. 
. 
. *Allow file to be ran externally from metafile
. if "`1'" != "" { // file is being run externally
.         local programs "`1'"
. 
. }

. 
. *Set the seed to the value defined in the metafile
. confirm number ${welfare_seed}

. set seed ${welfare_seed}

. 
. *Loop over programs
. foreach program in `programs' {
  2. 
.         set seed ${welfare_seed}
  3. 
.         *check if draws exist
.         cap confirm file "${causal_draws}/${ts_causal_draws}/`program'.dta"
  4.  
.         if _rc == 0 & "${redraw_causal_estimates}" != "yes" {
  5.                 di in red "Skipping redrawing for `program'"
  6.                 continue
  7.         }
  8. 
.         noi di "`program' "
  9. 
.         import excel "${causal_ests}/`program'.xlsx", clear sheet("wrapper_ready") firstrow
 10.         sort estimate
 11. 
.         *Get SE from t-stat
.         replace se = abs(pe / t_stat) if se == . & t_stat != .
 12. 
.         *Get SE from ci range (Assumed to be 95% CI)
.         replace se = ((ci_hi - ci_lo) / 2) / invnormal(0.975) if se == . & ci_lo != . & ci_hi != .
 13. 
.         *Allow for p-value ranges
.         cap tostring p_value, replace force
 14.         g p_value_range = p_value if regexm(p_value,"\[")|regexm(p_value,"\]")
 15.         replace p_value = "" if p_value_range != ""
 16.         destring p_value, replace force
 17.         replace se = abs(pe / invnormal(p_value/2)) if p_value_range == "" & se == .
 18.         g p_val_low = strtrim(substr(p_value_range,strpos(p_value_range,"[")+1,strpos(p_value_range,";")-strpos(p_value_range,"[")-1))
>  if p_value_range != ""
 19.         g p_val_high = strtrim(substr(p_value_range,strpos(p_value_range,";")+1,strpos(p_value_range,"]")-strpos(p_value_range,";")-1)
> ) if p_value_range != ""
 20.         destring p_val_low p_val_high, replace
 21.         drop if estimate == ""
 22. 
.         *Get PE matrix
.         mkmat pe, matrix(pes) // just turns the column of estimates into a matrix
 23. 
.         *Get correlation matrix
.         /* Here blocks are indicated by different base numbers and the sign determines
>         the correlation direction. E.g. if we have four variables with corr_directions
>         1, -1, 2, 2 respectively, then 1 and 2 are negatively correlated, 3 and 4 are
>         positively correlated, and 1 and 2 are uncorrelated with 3 and 4. */
. 
.         matrix corr = J(`=_N', `=_N', 0)
 24.         matlist corr
 25.         local namelist
 26.         forval j = 1/`=_N' {
 27.                 local name_`j' = estimate[`j']
 28.                 forval k = 1/`=_N' {
 29.                         if `j' == `k' matrix corr[`j',`k'] = 1
 30.                         else {
 31.                                 if abs(corr_direction[`j'])==abs(corr_direction[`k']) {
 32.                                         matrix corr[`j', `k'] = sign(corr_direction[`j'] * corr_direction[`k']) * `correlation'
 33.                                 }
 34.                         else matrix corr[`j',`k'] = 0
 35.                         }
 36.                 }
 37.                 local namelist `namelist' `name_`j''
 38.         }       
 39. 
.         *Loop over replications to get SE matrix (can vary due to p-value ranges)
.         forval i = 1/`replications' {
 40.                 matrix se_`i' = J(`=_N', 1, 0)
 41.                 forval j = 1/`=_N' {
 42.                         if se[`j']!=. {
 43.                                 matrix se_`i'[`j',1] = se[`j']
 44.                         }
 45.                         if se[`j'] == . & p_value_range[`j'] != "" {
 46.                                 matrix se_`i'[`j',1] = abs(pe[`j'] / invnormal(runiform(p_val_low[`j'],min(p_val_high[`j'],0.9))/2))
 47.                         }
 48.                 }               
 49.         }
 50.         qui{
 51.                 *Draw uncorrected, save dataset 
.                 forval i = 1/`replications' {
 52.                         clear
 53.                         set obs 1
 54.                         drawnorm "`namelist'", n(1) sds(se_`i') corr(corr) means(pes)
 55.                         local j = 0
 56.                         foreach var in `namelist' {
 57.                                 local ++j
 58.                                 g `var'_pe = pes[`j',1]
 59.                         }
 60.                         tempfile temp`i'
 61.                         save `temp`i''
 62.                 }
 63. 
.                 forval i = 1/`=`replications'-1' {
 64.                         append using `temp`i''
 65.                 }
 66.         }
 67. 
.         g draw_number = _n
 68.         order draw_number, first
 69. 
.         save "${causal_draws}/${ts_causal_draws}/`program'.dta", replace
 70. 
.         if _rc>0 {
 71.                 if _rc==1 continue, break
 72.                 di _rc
 73.                 local error_progs = "`error_progs'"+"`program'  "
 74.                 di as err "`program' broke"
 75.         }
 76. 
. }
ct_solar 
(12 vars, 3 obs)
(0 real changes made)
(0 real changes made)
(3 missing values generated)
(0 real changes made)
p_value: all characters numeric; replaced as byte
(3 missing values generated)
(0 real changes made)
(3 missing values generated)
(3 missing values generated)
p_val_low: all characters numeric; replaced as byte
(3 missing values generated)
p_val_high: all characters numeric; replaced as byte
(3 missing values generated)
(0 observations deleted)

             |        c1         c2         c3 
-------------+--------------------------------
          r1 |         0                       
          r2 |         0          0            
          r3 |         0          0          0 
(file
    C:/Users/bcchen/Documents/GitHub/mvpf-climate/data/2b_causal_estimates_draws/uncorrected_vJK/2025-10-22_15-03-00__full_current_no_lbd
    > _uncorrected_vJK/ct_solar.dta not found)
file
    C:/Users/bcchen/Documents/GitHub/mvpf-climate/data/2b_causal_estimates_draws/uncorrected_vJK/2025-10-22_15-03-00__full_current_no_lbd
    > _uncorrected_vJK/ct_solar.dta saved

. 
. *Throw errors if things didn't run
. if _rc!=1 {
.         global error_progs = "`error_progs'"
.         if "`error_progs'"!="" di as err "Finished running but the following programs threw errors: `error_progs'"
.         else di in red "Finished running with no errors"
Finished running with no errors
. }

. 
. 
. 
. 
. 
. 
. 
. 
end of do-file
SECTION 2: ESTIMATION & BOOTSTRAPPING

. ********************************************************************************
. *                                                               BOOTSTRAP WRAPPER                                                        
>   *
. ********************************************************************************
. 
. display `"All the arguments, as typed by the user, are: `0'"'
All the arguments, as typed by the user, are: "ct_solar" "current"

. *Set options
. local debug = 1 // 1 noisily displays running .do files

. 
. *Set modes
. local modes "all"

. 
. /*
> Note: modes can contain any of the following:
> - baseline: only runs the baseline specification
> - current: only runs the 2020 specification
> */
. 
. // macro list
. *Set modes if running externally
. if "`2'"!="" local modes "`2'"

. 
. *Set all
. if "`modes'"=="all" local modes baseline current

. global compile_loop_modes "`modes'"

. 
. *Set estimates to be used
. local use_estimates $correction_mode

. 
. *-------------------------------------------------------------------------------
. *       0. Define programs to run for
. *-------------------------------------------------------------------------------
. global compile_programs `1'

. *Set programs if running externally
. if "`1'" != "" {
.         local programs "`1'"
. }

. 
. local prog_num = wordcount("`programs'")

. 
. *-------------------------------------------------------------------------------
. *       1. Simulations
. *-------------------------------------------------------------------------------
. global replications_master = $reps

. 
. foreach mode in `modes' {
  2.         di in red "the mode is `mode'"
  3. 
.         local m = 0 // reset counter
  4.         global replications $replications_master
  5.         local replications $reps
  6. 
.         ********** Looping through each program **********
. 
.         mat t`mode'=J(11, 5, .)
  7.         local x = 1
  8.         foreach program in `programs' {
  9. 
.                 *Sort issues where names of assumption files don't line up with do file names
.                 local do_file = "`program'"
 10.                 local assumption_name = "`program'"
 11. 
.                 *Import program specific assumptions
.                 import excel "${assumptions}/program_specific/`assumption_name'.xlsx", clear first
 12.                 ds
 13. 
.                 duplicates drop // drop rows of assumptions that are identical
 14.                 count
 15.                 local columns = r(N)
 16.                 ds
 17.                 local varying_assumptions "`r(varlist)'"
 18. 
.                 if inlist("`mode'","baseline", "current")  {
 19.                         confirm var spec_type // check for specification type indicator, previously had a capture
 20.                         if _rc==0 {
 21.                                 keep if spec_type == "`mode'"
 22.                                 assert _N == 1 | _N == 0
 23.                                 if _N == 0{
 24.                                         di in red "Skipping `program' because `mode' does not exist for this program"
 25.                                         continue // skip programs missing certain assumptions
 26.                                 } 
 27.                 
.                                 qui ds spec_type, not
 28.                                 local varying_assumptions `r(varlist)'
 29.                                 foreach assumption in `r(varlist)'  {
 30.                                         local `assumption'_1 = `assumption'[1]
 31.                                 }
 32.                         }       
 33. 
.                         keep in 1 // where not specified the first row is the baseline specification
 34. 
.                         local correlation_1 = 1
 35.                         local varying_assumptions `varying_assumptions' correlation
 36.                         local columns = _N
 37.                         di `columns'
 38.                 }
 39.                 if "`mode'" != "baseline"{
 40.                         keep if spec_type == "`mode'"
 41.                         ds
 42.                         local varying_assumptions `r(varlist)'
 43.                         foreach assumption in `r(varlist)'{
 44.                                 local `assumption'_1 = `assumption'[1]
 45.                         }
 46.                         local correlation_1 = 1
 47.                         local varying_assumptions `varying_assumptions' correlation
 48.                         local columns = _N
 49.                         di `columns'
 50.                 }
 51. 
.                 local ++m
 52. 
.                 *Loop over types of assumptions
.                 forval c = 1/`columns' {
 53.                         noi di "Specification `c' of `columns', program `m' of `prog_num' (`program')"
 54. 
.                         *set assumptions
.                         foreach assumption in `varying_assumptions' {
 55.                                 global `assumption' ``assumption'_`c''
 56.                         }
 57.                         *generate estimates
.                         clear
 58. 
.                         set obs `replications'
 59. 
.                         di "`program'"
 60.                         * Generate variables to store the estimates and clean globals
.                         local ests MVPF MVPF_no_cc cost WTP program_cost total_cost ///
>                         beh_fisc_ext utility_fisc_ext gas_fisc_ext fed_fisc_ext state_fisc_ext ///
>                         WTP_USPres WTP_USFut WTP_RoW WTP_USTotal enviro_mvpf cost_mvpf firm_mvpf cost_wtp ///
>                         env_cost_wtp marginal infmarg wtp_private wtp_soc wtp_no_ice wtp_yes_ev wtp_yes_hev wtp_soc_rbd wtp_yes_ev_local 
> wtp_no_ice_local env_cost_wtp_l wtp_soc_rbd_l ///
>                         wtp_yes_ev_g wtp_no_ice_g env_cost_wtp_g wtp_soc_rbd_g ///
>                         wtp_marg wtp_inf wtp_glob wtp_loc wtp_r_glob wtp_r_loc wtp_e_cost ///
>                         WTP_cc wtp_install wtp_prod wtp_prod_s wtp_prod_u wtp_cons wtp_deal admin_cost ///
>                         wtp_permits wtp_abatement permitrev wtp_no_leak wtp_leak ///
>                         wtp_soc_g wtp_soc_l fisc_ext_t fisc_ext_s fisc_ext_lr q_CO2 q_CO2_no p_spend ///
>                         ev_sub_c ev_sub_c_row ev_sub_c_us ev_sub_env ev_sub_cost profits_fisc_e wtp_soc_l_po wtp_soc_l_dr ///
>                         gov_carbon resource_ce q_carbon_mck semie pass_through ///
>                         permitrev_new permitrev_ex fiscalext firm_cost_wtp c_savings resource_cost q_CO2_mck q_CO2_mck_no wtp_ctr gas_cor
> p_fisc_e epsilon /// 
>                         transfer enviro_wtp cost_curve profits subsidies taxes ///
>                         wtp_batt wtp_local_w_r wind_g_wf wind_l_wf
 61.                         
.                         foreach est in `ests' {
 62.                                 gen `est'_`program' = .
 63.                                 macro drop `est'_`program'
 64.                         
.                         }
 65.                         cap recast double cost_wtp_`program'
 66.                         cap recast double cost_mvpf_`program'
 67.                         cap recast double MVPF_`program'
 68. 
.                         local i = 1
 69.                         * Simulations: run each do file ~1000 times and store the estimates from each run
.                         if `replications' > 0 {
 70.                                 qui{
 71.                                         forvalues i = 1/`replications' {
 72.                                                 global draw_number = `i'
 73.                                                 di "${program_folder}/`do_file'"
 74.                                                 * Run the program with the "bootstrap" option and store estimates for this draw
.                                                 if `debug' == 0 qui do "${program_folder}/`do_file'" `program' yes `use_estimates' `mode'
>  // first place the policy .do files are called
 75.                                                 if `debug' == 1 noi do "${program_folder}/`do_file'" `program' yes `use_estimates' `mo
> de'
 76.                                                 foreach est in `ests'{
 77.                                                         if "${`est'_`program'}" != ""{
 78.                                                                 replace `est'_`program' = ${`est'_`program'} in `i'                   
>                                   
 79.                                                         }
 80.                                                 }
 81.                                         }
 82.                                 }
 83.                         }
 84.                         *** End of 1000 loop
.                                 
.                         * Get point estimates
.                         global draw_number = 0
 85.                         if `debug' == 0 qui do "${program_folder}/`do_file'" `program' no `use_estimates' `mode'
 86.                         if `debug' == 1 noi do "${program_folder}/`do_file'" `program' no `use_estimates' `mode'
 87.                         local inf = 99999
 88.                         local infinity_`program' = `inf'
 89.                                 
.                         
.                         if `replications' >0 {
 90.                                 if inlist("`mode'","baseline", "current")  {
 91.                                         *Save draws
.                                         gen draw_id = _n
 92.                                         local program_temp `program'
 93.                                         local mode_temp `mode'
 94.                                         save "${bootstrap_files}/`program_temp'_`mode_temp'_`replications'_draws_corr_1.dta", replace
 95.                                         drop draw_id
 96.                                 }
 97. 
. 
.                                 * If 99999 is not high enough, set new infinity
.                                 qui su MVPF_`program' if !mi(MVPF_`program')
 98.                                 local max = r(max)
 99.                                 local min = r(min)
100.                                 local infinity_`program' = max(abs(`max'), abs(`min'), `inf' , abs(${MVPF_`program'}))
101.                                 if `infinity_`program''>`inf' {
102.                                         local infinity_`program' = `infinity_`program'' * 10
103.                                         replace MVPF_`program' = `infinity_`program'' if MVPF_`program' == `inf'
104.                                         replace MVPF_`program' = -`infinity_`program'' if MVPF_`program' == -`inf'
105.                                         if ${MVPF_`program'} == `inf' {
106.                                                 global MVPF_`program' = `infinity_`program''
107.                                         }
108.                                         if ${MVPF_`program'} == -`inf' {
109.                                                 global MVPF_`program' = -`infinity_`program''
110.                                         }
111. 
.                                 }
112.                         }
113. 
.                         
.                         *Save all estimates in separate rows
.                         clear
114.                         
.                         local word_count : word count `ests'
115.                         di in red `word_count'
116.                         scalar var_count = `word_count'
117.                         di var_count
118.                         set obs `=scalar(var_count)'
119.                         g col = `c'
120.                         g program = "`program'"
121.                         g component_type = ""
122.                         g component_value = .
123.                         recast double component_value
124.                         g l_component = .
125.                         g u_component = .
126.                         g component_sd = .
127.                         
.                         *********** Making the Final Table of Calculations ***********
.                         local i = 1
128.                         di in red "`i'"
129.                         foreach est in `ests' {
130.                                 di "`est'"
131.                                 replace component_type = "`est'" if _n == `i'
132.                                 if "${`est'_`program'}" != ""{
133.                                         replace component_value = ${`est'_`program'} if _n == `i'
134.                                 }
135.                                 local `est'index = `i'
136.                                 local ++ i
137.                         }
138.                         g infinity = `infinity_`program''
139.                         gen component_over_prog_cost = .
140.                         foreach est in WTP cost {
141.                                 replace component_over_prog_cost = component_value / ${program_cost_`program'} if component_type == "`
> est'"
142.                         }
143. 
.                         *list assumptions
.                         gen assumptions = "`mode'"
144.                         gen correlation = $correlation
145.                         gen replications = $reps
146. 
.                         tempfile `program'_ests_`c'
147.                         save ``program'_ests_`c'', emptyok
148.                         ds
149.                 }
150. 
.                 *-------------------------------------------------------------------------------
.                 *       3. Export estimates
.                 *-------------------------------------------------------------------------------
.                 use ``program'_ests_1', clear
151. 
.                 if `columns' > 1 {
152.                         forval c = 2/`columns' {
153.                                 append using ``program'_ests_`c''
154.                         }
155.                 }
156. 
.                 drop col
157. 
.                 tempfile `program'_unbdd_ests
158.                 save ``program'_unbdd_ests'
159.                 
.                 drop infinity
160.                 tempfile `program'_ests
161.                 save ``program'_ests'
162. 
. 
.                 if "`mode'" == "baseline"{
163.                         local out_temp ${bootstrap_files}
164. 
.                         export delimited using "`out_temp'/`program'_baseline_estimates_`replications'_replications.csv", replace
165.                         save "`out_temp'/`program'_baseline_estimates_`replications'_replications.dta", replace // version used for wa
> terfall charts
166.                         use ``program'_unbdd_ests', clear
167.                         export delimited using "`out_temp'/`program'_baseline_unbounded_estimates_`replications'_replications.csv", re
> place
168.                 }
169.                 else{
170.                         save "${bootstrap_files}/`program'_`mode'_estimates_`replications'_replications.dta", replace // version used 
> for waterfall charts
171.                         use ``program'_unbdd_ests', clear
172.                         save "${bootstrap_files}/`program'_`mode'_unbounded_estimates_`replications'_replications.dta", replace
173.                 }
174. 
.                 pause
175. 
.                 di in red "Finished running for `program' under `mode'"
176. 
.                 *Get back bounded estimates for inspection
.                 use ``program'_ests', clear
177. 
. 
.                 if _rc > 0 {
178.                         if _rc == 1 continue, break
179.                         local error_progs = "`error_progs'"+"`program' on `mode', "
180.                         di as err "`program' broke"
181.                 }
182. 
.         } //end of program loop
183. } //end of mode loop
the mode is current
(4 vars, 5 obs)
spec_type    State        policy_year  description

Duplicates in terms of all variables

(0 observations are duplicates)
  5
spec_type    State        policy_year  description
(4 observations deleted)
(0 observations deleted)
1
(0 observations deleted)
spec_type    State        policy_year  description
1
Specification 1 of 1, program 1 of 1 (ct_solar)
Number of observations (_N) was 0, now 0.
ct_solar

. *************************************************************************************
. /*       0. Program: Connecticut Residential Solar Investment Program          */
. *************************************************************************************
. 
. /*
> Gillingham, Kenneth, and Tsvetan Tsvetanov. 
> "Hurdles and steps: Estimating demand for solar photovoltaics." 
> Quantitative Economics 10, no. 1 (2019): 275-310.
> *https://onlinelibrary.wiley.com/doi/pdfdirect/10.3982/QE919
> */
. 
. display `"All the arguments, as typed by the user, are: `0'"'
All the arguments, as typed by the user, are: ct_solar no uncorrected_vJK current

. 
. ********************************
. /* 1. Pull Global Assumptions */
. ********************************
. * Project wide globals
. local discount = ${discount_rate}

. 
. local replacement = "${replacement}"

. global spec_type = "`4'"

. 
. *********************************
. /* 2. Estimates from Paper */
. *********************************
. /* Import estimates from paper, giving option for corrected estimates.
> When bootstrap!=yes import point estimates for causal estimates.
> When bootstrap==yes import a particular draw for the causal estimates. */
. 
. if "`1'" != "" global name = "`1'"

. local bootstrap = "`2'"

. if "`3'" != "" global folder_name = "`3'"

. if "`bootstrap'" == "yes" {
. *       if ${draw_number} ==1 {
.                 preserve
.                         use "${code_files}/2b_causal_estimates_draws/${folder_name}/${ts_causal_draws}/${name}.dta", clear
.                         qui ds draw_number, not 
.                         global estimates_${name} = r(varlist)
.                         
.                         mkmat ${estimates_${name}}, matrix(draws_${name}) rownames(draw_number)
.                 restore
. *       }
.         local ests ${estimates_${name}}
.         foreach var in `ests' {
  2.                 matrix temp = draws_${name}["${draw_number}", "`var'"]
  3.                 local `var' = temp[1,1]
  4.         }
. }

. if "`bootstrap'" == "no" {
.         preserve
.                 
. qui import excel "${code_files}/2a_causal_estimates_papers/${folder_name}/${name}.xlsx", clear sheet("wrapper_ready") firstrow          
. 
. levelsof estimate, local(estimates)
`"elas"' `"farmer_theta"' `"markup"'
. 
. 
. 
. 
.                 foreach est in `estimates' {
  2.                         su pe if estimate == "`est'"
  3.                         local `est' = r(mean)
  4.                 }

    Variable |        Obs        Mean    Std. dev.       Min        Max
-------------+---------------------------------------------------------
          pe |          1       -.651           .      -.651      -.651

    Variable |        Obs        Mean    Std. dev.       Min        Max
-------------+---------------------------------------------------------
          pe |          1       -.319           .      -.319      -.319

    Variable |        Obs        Mean    Std. dev.       Min        Max
-------------+---------------------------------------------------------
          pe |          1         .46           .        .46        .46
.         restore
. }

. 
. ****************************************************
. /* 3. Set local assumptions unique to this policy */
. ****************************************************
. 
.         ****************************************************
.         /* 3a. Emissions Factors */
.         ****************************************************
.         if "${spec_type}" == "baseline"{
.                 local dollar_year = ${policy_year}
.         }

.         
.         if "${spec_type}" == "current"{
.                 local dollar_year = ${current_year}
.         }

. 
. 
.         ****************************************************
.         /* 3b. Policy Category Assumptions */
.         ****************************************************
. 
.         *i. Import Solar assumptions
.         preserve

.                 import excel "${policy_assumptions}", first clear sheet("Solar")
(4 vars, 6 obs)

.                 
.                 levelsof Parameter, local(levels)
`"cost_per_watt"' `"farmer_theta"' `"lifetime"' `"marginal_val"' `"output"' `"system_capacity"'

.                 foreach val of local levels {
  2.                         qui sum Estimate if Parameter == "`val'"
  3.                         global `val' = `r(mean)'
  4.                         local `val' = `r(mean)'
  5.                 }

.                 
.                 local system_capacity = ${system_capacity} // kW

.                 local annual_output = ${output} / (`system_capacity' * 1000) // kWh per year per Watt (kW * 1000)

.                 local lifetime = ${lifetime} 

.                 local marginal_val = ${marginal_val}

.                 local federal_subsidy = 0.26 // percent of cost subsidized, 2020 ITC

.                 local cost_per_watt_baseline = ${cost_per_watt} * (${cpi_`dollar_year'} / ${cpi_2022}) // expressed in 2022 dollars initi
> ally

.         restore

.         
.         if "${subsidy_loop}" == "yes" {
.                 local federal_subsidy = ${fed_sub_loop}
.         }

.         
.         if "${lifetime_change}" == "yes" {
.                 local lifetime = `lifetime' * ${lifetime_scalar}
.         }

. 
.         ****************************************************
.         /* 3c. Policy Specific Assumptions */
.         ****************************************************    
.         
.         ** Own-price elasticity of demand 
.         local e_demand = `elas' // Hurdle model - sum of cols (3) and (4), Table 6 

. 
.         ** Cost assumptions
.         local pre_cost_per_watt = ${cost_per_watt} * (${cpi_`dollar_year'} / ${cpi_2022})

.         local cost_per_watt = `pre_cost_per_watt' * (1 - `federal_subsidy')

.         local avg_state_rebate = 0 // Assuming no average state rebate.

.         local avg_fed_rebate = `pre_cost_per_watt' * `federal_subsidy'

.         
.         if "${spec_type}" == "baseline" {
.                 local federal_subsidy = 0.3 // Subsidy was 30% in baseline year. https://www.irs.gov/pub/irs-prior/i5695--2014.pdf
.                 local system_capacity =  6.972 // kW, Average system capacity (Table 3)
.                 local annual_output =  32.26 / 25 // kWh/Watt, output per unit of installed capacity over 25-year lifespan (pg 302)
.                 
.                 local pre_cost_per_watt = 3.8945 * (${cpi_${policy_year}}/${cpi_2014}) // Table 4 in 2014$
.                 local avg_state_rebate = 3.0427 * (${cpi_${policy_year}}/${cpi_2014}) // Table 4, $/W in 2014$, doesn't include federal s
> ubsidy
.                 
.                 local avg_fed_rebate = (`pre_cost_per_watt' + `avg_state_rebate') * `federal_subsidy' // Assume federal subsidy applies t
> o pre-state-incentive price. 
.                 
.                 local cost_per_watt = `pre_cost_per_watt' - `avg_fed_rebate'
.         }

.         
. //      if "${spec_type}" == "baseline_gen" {
. //              local federal_subsidy = 0.3
. //              local system_capacity = ${system_capacity}
. //              local annual_output = ${output} / (`system_capacity' * 1000)
. //              local pre_cost_per_watt = 5.40 // https://www.nrel.gov/solar/market-research-analysis/solar-installed-system-cost.html
. //              local avg_state_rebate = 0 // US-wide specification
. //              
. //              local cost_per_watt = `pre_cost_per_watt' * (1-`federal_subsidy')
. //              local avg_fed_rebate = `pre_cost_per_watt' * `federal_subsidy'
. //      }
.         
.         local semie = `e_demand'/`cost_per_watt'

. 
. *********************************
. /* 4. Intermediate Calculations */
. *********************************
. 
. * learning by doing
. local cum_sales = (713918 * 1000)/`system_capacity' // 71391800 MW, as of 2020; 176,113.39 MW, as of 2014 (IRENA, 2023)

. local marg_sales = (128050.40 * 1000)/`system_capacity' // 128050.40 MW, in 2020; 39,541.25 MW, in 2014 (IRENA, 2023)

. 
. if `dollar_year' == ${policy_year} {
.         local cum_sales = (176113.39 * 1000)/`system_capacity' //(IRENA, 2023)
.         local marg_sales = (39541.25 * 1000)/`system_capacity' //(IRENA, 2023)
. }

. 
. solar, policy_year(${policy_year}) spec(${spec_type}) semie(`semie') replacement(`replacement') p_name("ct_solar") marg_sales(`marg_sales
> ') cum_sales(`cum_sales') annual_output(`annual_output') system_capacity(`system_capacity') pre_cost_per_watt(`pre_cost_per_watt') avg_st
> ate_rebate(`avg_state_rebate') e_demand(`e_demand') pass_through(${solar_passthrough}) farmer_theta(`farmer_theta') federal_subsidy(`fede
> ral_subsidy')
(4 vars, 6 obs)
`"cost_per_watt"' `"farmer_theta"' `"lifetime"' `"marginal_val"' `"output"' `"system_capacity"'
(12 vars, 162 obs)
.78064202
Global Benefits: .5330543950151042
Local Benefits: .0781905400298043
Global Rebound: .1153666266079212
Local Rebound: .0153148704315805
Dynamic Price: 0
Dynamic Enviro: 0
Producer Loss: .0663388796718474
WTP_cc: 10111.70559208495
1.1655261

. 
end of do-file
98
98
Number of observations (_N) was 0, now 98.
(98 missing values generated)
(98 missing values generated)
(98 missing values generated)
(98 missing values generated)
(98 missing values generated)
1
MVPF
variable component_type was str1 now str4
(1 real change made)
(1 real change made)
MVPF_no_cc
variable component_type was str4 now str10
(1 real change made)
cost
(1 real change made)
(1 real change made)
WTP
(1 real change made)
(1 real change made)
program_cost
variable component_type was str10 now str12
(1 real change made)
(1 real change made)
total_cost
(1 real change made)
beh_fisc_ext
(1 real change made)
utility_fisc_ext
variable component_type was str12 now str16
(1 real change made)
gas_fisc_ext
(1 real change made)
fed_fisc_ext
(1 real change made)
state_fisc_ext
(1 real change made)
WTP_USPres
(1 real change made)
(1 real change made)
WTP_USFut
(1 real change made)
(1 real change made)
WTP_RoW
(1 real change made)
(1 real change made)
WTP_USTotal
(1 real change made)
enviro_mvpf
(1 real change made)
(1 real change made)
cost_mvpf
(1 real change made)
(1 real change made)
firm_mvpf
(1 real change made)
(1 real change made)
cost_wtp
(1 real change made)
(1 real change made)
env_cost_wtp
(1 real change made)
(1 real change made)
marginal
(1 real change made)
infmarg
(1 real change made)
wtp_private
(1 real change made)
(1 real change made)
wtp_soc
(1 real change made)
(1 real change made)
wtp_no_ice
(1 real change made)
wtp_yes_ev
(1 real change made)
wtp_yes_hev
(1 real change made)
wtp_soc_rbd
(1 real change made)
wtp_yes_ev_local
(1 real change made)
wtp_no_ice_local
(1 real change made)
env_cost_wtp_l
(1 real change made)
(1 real change made)
wtp_soc_rbd_l
(1 real change made)
wtp_yes_ev_g
(1 real change made)
wtp_no_ice_g
(1 real change made)
env_cost_wtp_g
(1 real change made)
(1 real change made)
wtp_soc_rbd_g
(1 real change made)
wtp_marg
(1 real change made)
wtp_inf
(1 real change made)
wtp_glob
(1 real change made)
(1 real change made)
wtp_loc
(1 real change made)
(1 real change made)
wtp_r_glob
(1 real change made)
(1 real change made)
wtp_r_loc
(1 real change made)
(1 real change made)
wtp_e_cost
(1 real change made)
(1 real change made)
WTP_cc
(1 real change made)
(1 real change made)
wtp_install
(1 real change made)
(1 real change made)
wtp_prod
(1 real change made)
(1 real change made)
wtp_prod_s
(1 real change made)
wtp_prod_u
(1 real change made)
wtp_cons
(1 real change made)
(1 real change made)
wtp_deal
(1 real change made)
admin_cost
(1 real change made)
wtp_permits
(1 real change made)
wtp_abatement
(1 real change made)
permitrev
(1 real change made)
wtp_no_leak
(1 real change made)
wtp_leak
(1 real change made)
wtp_soc_g
(1 real change made)
wtp_soc_l
(1 real change made)
fisc_ext_t
(1 real change made)
(1 real change made)
fisc_ext_s
(1 real change made)
(1 real change made)
fisc_ext_lr
(1 real change made)
(1 real change made)
q_CO2
(1 real change made)
(1 real change made)
q_CO2_no
(1 real change made)
p_spend
(1 real change made)
(1 real change made)
ev_sub_c
(1 real change made)
ev_sub_c_row
(1 real change made)
ev_sub_c_us
(1 real change made)
ev_sub_env
(1 real change made)
ev_sub_cost
(1 real change made)
profits_fisc_e
(1 real change made)
wtp_soc_l_po
(1 real change made)
wtp_soc_l_dr
(1 real change made)
gov_carbon
(1 real change made)
(1 real change made)
resource_ce
(1 real change made)
(1 real change made)
q_carbon_mck
(1 real change made)
(1 real change made)
semie
(1 real change made)
(1 real change made)
pass_through
(1 real change made)
(1 real change made)
permitrev_new
(1 real change made)
permitrev_ex
(1 real change made)
fiscalext
(1 real change made)
firm_cost_wtp
(1 real change made)
(1 real change made)
c_savings
(1 real change made)
(1 real change made)
resource_cost
(1 real change made)
(1 real change made)
q_CO2_mck
(1 real change made)
(1 real change made)
q_CO2_mck_no
(1 real change made)
wtp_ctr
(1 real change made)
gas_corp_fisc_e
(1 real change made)
epsilon
(1 real change made)
transfer
(1 real change made)
enviro_wtp
(1 real change made)
cost_curve
(1 real change made)
profits
(1 real change made)
subsidies
(1 real change made)
taxes
(1 real change made)
wtp_batt
(1 real change made)
wtp_local_w_r
(1 real change made)
wind_g_wf
(1 real change made)
wind_l_wf
(1 real change made)
(98 missing values generated)
(1 real change made)
(1 real change made)
file C:\Users\bcchen\AppData\Local\Temp\ST_8eb0_000001.tmp saved as .dta format
col           component~pe  l_component   component_sd  component_~t  correlation
program       component~ue  u_component   infinity      assumptions   replications
file C:\Users\bcchen\AppData\Local\Temp\ST_8eb0_000002.tmp saved as .dta format
file C:\Users\bcchen\AppData\Local\Temp\ST_8eb0_000003.tmp saved as .dta format
(file
    C:/Users/bcchen/Documents/GitHub/mvpf-climate/data/3_bootstrap_draws/2025-10-22_15-03-00__full_current_no_lbd_uncorrected_vJK/ct_sola
    > r_current_estimates_0_replications.dta not found)
file
    C:/Users/bcchen/Documents/GitHub/mvpf-climate/data/3_bootstrap_draws/2025-10-22_15-03-00__full_current_no_lbd_uncorrected_vJK/ct_sola
    > r_current_estimates_0_replications.dta saved
(file
    C:/Users/bcchen/Documents/GitHub/mvpf-climate/data/3_bootstrap_draws/2025-10-22_15-03-00__full_current_no_lbd_uncorrected_vJK/ct_sola
    > r_current_unbounded_estimates_0_replications.dta not found)
file
    C:/Users/bcchen/Documents/GitHub/mvpf-climate/data/3_bootstrap_draws/2025-10-22_15-03-00__full_current_no_lbd_uncorrected_vJK/ct_sola
    > r_current_unbounded_estimates_0_replications.dta saved
Finished running for ct_solar under current
ct_solar broke

.  
. 
. *Throw errors if things didn't run
. if _rc != 1 {
.         global error_progs = "`error_progs'"
.         if "`error_progs'" != "" di as err "Finished running but the following programs threw errors: `error_progs'"
Finished running but the following programs threw errors: ct_solar on current, 
.         else di in red "Finished running with no errors"
. }

. 
. 
. 
end of do-file
SECTION 3: COMPILE ESTIMATES & INFERENCE
compile programs is ct_solar
compile loop modes is current
current
(file
    C:/Users/bcchen/Documents/GitHub/mvpf-climate/data/4_results/2025-10-22_15-03-00__full_current_no_lbd/compiled_results_all_uncorrecte
    > d_vJK.dta not found)
file
    C:/Users/bcchen/Documents/GitHub/mvpf-climate/data/4_results/2025-10-22_15-03-00__full_current_no_lbd/compiled_results_all_uncorrecte
    > d_vJK.dta saved

. 
. noi di "== END OF SCRIPT =="
== END OF SCRIPT ==

. beep

. 
. 
end of do-file

. 
end of do-file

. do "C:\Users\bcchen\AppData\Local\Temp\STD8eb0_000004.tmp"

. do "${github}/figtab/excel_MVPF_tables.do" "full_current_193" "Table1_scc193_main" "no" "yes"

. *****************************************************************
. *             Export Final Datasets to Excel                    *
. *****************************************************************
. 
. *****************************************************
. * 0.             Get Dataset Names                  *
. *****************************************************
. 
. local selected_data_stub                `1'

. local pattern_suffix = "`selected_data_stub'"

. di in yellow "Looking for folders ending with pattern: `pattern_suffix'"
Looking for folders ending with pattern: full_current_193

. * Find all folders in the results directory that end with the pattern
. local results_dir = "${code_files}/4_results"

. local folder_list = ""

. local folder_dates = ""

. * Get list of all subdirectories
. qui local folders : dir "`results_dir'" dirs "*"

. * Filter folders that end with our pattern and extract timestamps
. foreach folder of local folders {
  2.     if regexm("`folder'", "^([0-9]{4}-[0-9]{2}-[0-9]{2}_[0-9]{2}-[0-9]{2}-[0-9]{2})__`pattern_suffix'$") {
  3.         local timestamp = regexs(1)
  4.         local folder_list = "`folder_list' `folder'"
  5.         local folder_dates = "`folder_dates' `timestamp'"
  6.         di in green "Found matching folder: `folder' (timestamp: `timestamp')"
  7.     }
  8. }
Found matching folder: 2025-09-25_13-45-54__full_current_193 (timestamp: 2025-09-25_13-45-54)
Found matching folder: 2025-10-21_01-03-46__full_current_193 (timestamp: 2025-10-21_01-03-46)

. * If no matching folders found, display error and exit
. if "`folder_list'" == "" {
.     di as error "`pattern_suffix' folder has not been created, please run the masterfile first to create this folder"
.     exit 601
. }

. else {
.     * Find the most recent folder by comparing timestamps
.     local most_recent_folder = ""
.     local most_recent_timestamp = ""
.     local folder_count : word count `folder_list'
.     local date_count : word count `folder_dates'
.     forvalues i = 1/`folder_count' {
  2.         local current_folder : word `i' of `folder_list'
  3.         local current_timestamp : word `i' of `folder_dates'
  4.         * Convert timestamp to comparable format (remove hyphens and underscores)
.         local current_numeric = subinstr(subinstr("`current_timestamp'", "-", "", .), "_", "", .)
  5.         if "`most_recent_timestamp'" == "" {
  6.             local most_recent_folder = "`current_folder'"
  7.             local most_recent_timestamp = "`current_numeric'"
  8.         }
  9.         else {
 10.             local most_recent_numeric = subinstr(subinstr("`most_recent_timestamp'", "-", "", .), "_", "", .)
 11.             if `current_numeric' > `most_recent_numeric' {
 12.                 local most_recent_folder = "`current_folder'"
 13.                 local most_recent_timestamp = "`current_numeric'"
 14.             }
 15.         }
 16.     }
.     local selected_data_stub = "`most_recent_folder'"
.     di in green "Selected most recent folder: `selected_data_stub'"
Selected most recent folder: 2025-10-21_01-03-46__full_current_193
. }

. 
. 
. local stub_toggle                                       "`selected_data_stub'" 

. 
. local table_name                                        "`2'"

. 
. local savings                                           "`3'"

. 
. local with_international                        "`4'"

. 
. local export_excel_toggle                       yes

. 
. local output_path ${output_tab}/tables_appendix

. 
. if "`2'" == "Table2_scc193_main" {
.         local output_path ${output_tab}/tables_main
. }

. 
. 
. *****************************************************
. * 1. Reshape Datasets and Merge with Policy Details *
. *****************************************************
. use "${code_files}/4_results/`stub_toggle'/compiled_results_all_uncorrected_vJK", clear

. 
. missings dropvars, force

Checking missings in program component_type component_value l_component u_component component_sd component_over_prog_cost assumptions
    correlation replications:
9800 observations with missing values

note: l_component u_component component_sd dropped

. drop component_over_prog_cost 

. cap drop perc_switch

. ren component_value cv

. cap drop assumptions component_sd

.         
. replace cv = cv
(0 real changes made)

. cap drop l_component u_component

.         
. reshape wide cv, i(program) j(component_type) string
(j = MVPF MVPF_no_cc WTP WTP_RoW WTP_USFut WTP_USPres WTP_USTotal WTP_cc admin_cost beh_fisc_ext c_savings cost cost_curve cost_mvpf cost_w
> tp env_cost_wtp env_cost_wtp_g env_cost_wtp_l enviro_mvpf enviro_wtp epsilon ev_sub_c ev_sub_c_row ev_sub_c_us ev_sub_cost ev_sub_env fed
> _fisc_ext firm_cost_wtp firm_mvpf fisc_ext_lr fisc_ext_s fisc_ext_t fiscalext gas_corp_fisc_e gas_fisc_ext gov_carbon infmarg marginal p_
> spend pass_through permitrev permitrev_ex permitrev_new profits profits_fisc_e program_cost q_CO2 q_CO2_mck q_CO2_mck_no q_CO2_no q_carbo
> n_mck resource_ce resource_cost semie state_fisc_ext subsidies taxes total_cost transfer utility_fisc_ext wind_g_wf wind_l_wf wtp_abateme
> nt wtp_batt wtp_cons wtp_ctr wtp_deal wtp_e_cost wtp_glob wtp_inf wtp_install wtp_leak wtp_loc wtp_local_w_r wtp_marg wtp_no_ice wtp_no_i
> ce_g wtp_no_ice_local wtp_no_leak wtp_permits wtp_private wtp_prod wtp_prod_s wtp_prod_u wtp_r_glob wtp_r_loc wtp_soc wtp_soc_g wtp_soc_l
>  wtp_soc_l_dr wtp_soc_l_po wtp_soc_rbd wtp_soc_rbd_g wtp_soc_rbd_l wtp_yes_ev wtp_yes_ev_g wtp_yes_ev_local wtp_yes_hev)

Data                               Long   ->   Wide
-----------------------------------------------------------------------------
Number of observations            9,800   ->   100         
Number of variables                   6   ->   102         
j variable (98 values)   component_type   ->   (dropped)
xij variables:
                                     cv   ->   cvMVPF cvMVPF_no_cc ... cvwtp_yes_hev
-----------------------------------------------------------------------------

. ren cv* *

. drop WTP_RoW WTP_USFut WTP_USPres WTP_USTotal wind_g_wf wind_l_wf epsilon

. 
. preserve

.         import excel "${code_files}/policy_details_v3.xlsx", clear first
(16 vars, 100 obs)

.         tempfile policy_labels

.         save "`policy_labels.dta'", replace
(file C:\Users\bcchen\AppData\Local\Temp\ST_8eb0_000002.tmp not found)
file C:\Users\bcchen\AppData\Local\Temp\ST_8eb0_000002.tmp saved as .dta format

. restore

. 
. merge m:1 program using "`policy_labels.dta'", keep(3)

    Result                      Number of obs
    -----------------------------------------
    Not matched                             0
    Matched                               100  (_merge==3)
    -----------------------------------------

. drop if program == "cafe_dk"
(1 observation deleted)

. drop if broad_category == "Regulation"
(3 observations deleted)

. drop if extended == 1
(24 observations deleted)

. assert _N == 72

. 
. missings dropvars, force

Checking missings in program MVPF MVPF_no_cc WTP WTP_cc admin_cost beh_fisc_ext c_savings cost cost_curve cost_mvpf cost_wtp env_cost_wtp
    env_cost_wtp_g env_cost_wtp_l enviro_mvpf enviro_wtp ev_sub_c ev_sub_c_row ev_sub_c_us ev_sub_cost ev_sub_env fed_fisc_ext
    firm_cost_wtp firm_mvpf fisc_ext_lr fisc_ext_s fisc_ext_t fiscalext gas_corp_fisc_e gas_fisc_ext gov_carbon infmarg marginal p_spend
    pass_through permitrev permitrev_ex permitrev_new profits profits_fisc_e program_cost q_CO2 q_CO2_mck q_CO2_mck_no q_CO2_no
    q_carbon_mck resource_ce resource_cost semie state_fisc_ext subsidies taxes total_cost transfer utility_fisc_ext wtp_abatement wtp_batt
    wtp_cons wtp_ctr wtp_deal wtp_e_cost wtp_glob wtp_inf wtp_install wtp_leak wtp_loc wtp_local_w_r wtp_marg wtp_no_ice wtp_no_ice_g
    wtp_no_ice_local wtp_no_leak wtp_permits wtp_private wtp_prod wtp_prod_s wtp_prod_u wtp_r_glob wtp_r_loc wtp_soc wtp_soc_g wtp_soc_l
    wtp_soc_l_dr wtp_soc_l_po wtp_soc_rbd wtp_soc_rbd_g wtp_soc_rbd_l wtp_yes_ev wtp_yes_ev_g wtp_yes_ev_local wtp_yes_hev assumptions
    correlation replications program_label_long program_label_short source year_in_context location broad_category group_label panel_number
    across_group_ordering in_group_ordering extended international regulation table_order no_SE _merge:
72 observations with missing values

note: ev_sub_c ev_sub_c_row ev_sub_c_us ev_sub_cost ev_sub_env fiscalext infmarg marginal permitrev permitrev_ex permitrev_new extended
regulation dropped

. drop _merge program_label_long

. drop correlation replications

. mvencode _all, mv(0) override
  MVPF_no_cc: 51 missing values recoded
      WTP_cc: 58 missing values recoded
  admin_cost: 69 missing values recoded
beh_fisc_ext: 66 missing values recoded
   c_savings: 36 missing values recoded
  cost_curve: 71 missing values recoded
   cost_mvpf: 58 missing values recoded
    cost_wtp: 45 missing values recoded
env_cost_wtp: 45 missing values recoded
env_cost_w~g: 58 missing values recoded
env_cost_w~l: 58 missing values recoded
 enviro_mvpf: 58 missing values recoded
  enviro_wtp: 71 missing values recoded
fed_fisc_ext: 67 missing values recoded
firm_cost_~p: 67 missing values recoded
   firm_mvpf: 67 missing values recoded
  fisc_ext_s: 12 missing values recoded
  fisc_ext_t: 7 missing values recoded
gas_corp_f~e: 66 missing values recoded
gas_fisc_ext: 66 missing values recoded
  gov_carbon: 13 missing values recoded
     p_spend: 17 missing values recoded
pass_through: 66 missing values recoded
     profits: 71 missing values recoded
profits_fi~e: 69 missing values recoded
       q_CO2: 5 missing values recoded
   q_CO2_mck: 47 missing values recoded
q_CO2_mck_no: 57 missing values recoded
    q_CO2_no: 57 missing values recoded
q_carbon_mck: 13 missing values recoded
 resource_ce: 13 missing values recoded
resource_c~t: 59 missing values recoded
       semie: 37 missing values recoded
state_fisc~t: 68 missing values recoded
   subsidies: 71 missing values recoded
       taxes: 71 missing values recoded
  total_cost: 22 missing values recoded
    transfer: 71 missing values recoded
utility_fi~t: 69 missing values recoded
wtp_abatem~t: 70 missing values recoded
    wtp_batt: 71 missing values recoded
    wtp_cons: 22 missing values recoded
     wtp_ctr: 70 missing values recoded
    wtp_deal: 69 missing values recoded
  wtp_e_cost: 63 missing values recoded
    wtp_glob: 15 missing values recoded
     wtp_inf: 38 missing values recoded
 wtp_install: 67 missing values recoded
    wtp_leak: 70 missing values recoded
     wtp_loc: 16 missing values recoded
wtp_local_~r: 71 missing values recoded
    wtp_marg: 38 missing values recoded
  wtp_no_ice: 66 missing values recoded
wtp_no_ice_g: 66 missing values recoded
wtp_no_ice~l: 66 missing values recoded
 wtp_no_leak: 70 missing values recoded
 wtp_permits: 70 missing values recoded
 wtp_private: 62 missing values recoded
    wtp_prod: 20 missing values recoded
  wtp_prod_s: 49 missing values recoded
  wtp_prod_u: 56 missing values recoded
  wtp_r_glob: 28 missing values recoded
   wtp_r_loc: 29 missing values recoded
     wtp_soc: 13 missing values recoded
   wtp_soc_g: 57 missing values recoded
   wtp_soc_l: 57 missing values recoded
wtp_soc_l_dr: 60 missing values recoded
wtp_soc_l_po: 60 missing values recoded
 wtp_soc_rbd: 55 missing values recoded
wtp_soc_rb~g: 69 missing values recoded
wtp_soc_rb~l: 69 missing values recoded
  wtp_yes_ev: 69 missing values recoded
wtp_yes_ev_g: 69 missing values recoded
wtp_yes_ev~l: 69 missing values recoded
 wtp_yes_hev: 69 missing values recoded
internatio~l: 61 missing values recoded
       no_SE: 60 missing values recoded

. order program_cost, after(WTP)

. 
. ***********************************************
. * 2. Check that Each Component Sums Correctly *
. ***********************************************
. 
. **** Transfer
. cap gen wtp_install = 0

. cap drop transfer

. gen transfer = wtp_cons + wtp_deal + wtp_install

. drop wtp_cons wtp_deal wtp_install

. replace transfer = wtp_inf + wtp_marg if (inlist(group_label, "Weatherization", "Appliance Rebates", "Other Nudges", "Vehicle Retirement"
> ) & ///
>                                                                                  program != "care" & program != "solarize" & program != "
> her_compiled" & program != "cw_datta" & program != "dw_datta" & ///
>                                                                                  program != "fridge_datta" & program != "wisc_rf") | inli
> st(program, "ca_electric", "cookstoves", "mx_deforest", "ug_deforest")
(18 real changes made)

. replace transfer = wtp_inf + wtp_marg + wtp_ctr if inlist(program, "ihwap_hb", "ihwap_lb")
(2 real changes made)

. drop wtp_inf wtp_marg wtp_private

. cap gen wtp_abatement = 0

. cap gen wtp_permits = 0

. replace transfer = wtp_abatement + wtp_permits if group_label == "Cap and Trade"
(2 real changes made)

. drop wtp_abatement wtp_permits

. replace transfer = wtp_prod if group_label == "Wind Production Credits" | inlist(program, "rao_crude", "bmm_crude", "india_offset")
(4 real changes made)

. replace transfer = 1 if program == "sallee_hy"
(0 real changes made)

. 
. **** Global and Local Enviro
. assert round(wtp_no_ice, 0.0001) == round(wtp_no_ice_g + wtp_no_ice_local, 0.0001)

. assert round(wtp_yes_ev, 0.0001) == round(wtp_yes_ev_local + wtp_yes_ev_g, 0.0001) if group_label == "Electric Vehicles"

. assert round(wtp_loc, 0.0001) == round(wtp_yes_ev_local + wtp_no_ice_local, 0.0001) if group_label == "Electric Vehicles"

. 
. drop wtp_no_ice_g wtp_no_ice_local wtp_yes_ev_g wtp_yes_ev_local

. 
. assert round(wtp_soc, 0.0001) == round(wtp_glob + wtp_loc, 0.0001) if group_label == "Electric Vehicles"

. assert round(wtp_soc, 0.0001) == round(wtp_glob + wtp_loc, 0.0001) if group_label == "Hybrid Vehicles"

. replace wtp_glob = wtp_glob + wtp_e_cost if group_label == "Residential Solar"| program == "solarize"
(6 real changes made)

. replace wtp_glob = (wtp_glob + wtp_e_cost) - wtp_r_glob if group_label == "Wind Production Credits"
(3 real changes made)

. replace wtp_glob = wtp_soc_g if inlist(group_label, "Gasoline Taxes", "Cap and Trade") | inlist(program, "cookstoves", "bmm_crude", "bunk
> er_fuel", "ethanol", "rao_crude")
(15 real changes made)

. replace wtp_loc = wtp_soc_l if inlist(group_label, "Gasoline Taxes", "Cap and Trade") | inlist(program, "cookstoves", "bmm_crude", "bunke
> r_fuel", "ethanol", "rao_crude")
(14 real changes made)

. replace wtp_loc = 0 if wtp_loc == -1.00e-35
(0 real changes made)

. replace wtp_loc = wtp_loc - wtp_r_loc if group_label == "Wind Production Credits"
(3 real changes made)

. 
. cap gen wtp_leak = 0

. cap gen wtp_no_leak = 0

. drop wtp_yes_ev wtp_yes_hev wtp_no_ice wtp_soc wtp_e_cost wtp_soc_g wtp_soc_l wtp_leak wtp_no_leak 

. 
. **** Rebound
. replace wtp_soc_rbd = 0 if wtp_soc_rbd == 1.00e-11
(1 real change made)

. replace wtp_soc_rbd_l = 0 if wtp_soc_rbd_l == 1.00e-20 | program == "rggi"
(0 real changes made)

. replace wtp_soc_rbd_g = 0 if wtp_soc_rbd_g == 1.00e-20 | program == "rggi"
(0 real changes made)

. assert round(wtp_soc_rbd, 0.0001) == round(wtp_soc_rbd_g + wtp_soc_rbd_l, 0.0001) if wtp_soc_rbd_g != 0 & wtp_soc_rbd_l != 0

. replace wtp_r_loc = wtp_soc_rbd_l if wtp_soc_rbd_l != 0 & wtp_r_loc == 0
(3 real changes made)

. replace wtp_r_glob = wtp_soc_rbd_g if wtp_soc_rbd_g != 0  & wtp_r_glob == 0
(3 real changes made)

. drop wtp_soc_rbd_l wtp_soc_rbd_g

. replace wtp_soc_rbd = wtp_r_glob + wtp_r_loc if wtp_soc_rbd == 0 & wtp_r_glob != 0 & wtp_r_loc != 0
(23 real changes made)

. replace wtp_soc_rbd = wtp_r_glob if inlist(program, "care", "opower_ng", "rebate_es", "es_incent", "ac_mex", "fridge_mex", "nudge_ger", "
> nudge_qatar", "wap_mexico") | inlist(program, "india_offset")
(7 real changes made)

. replace wtp_soc_rbd = -wtp_soc_rbd if program == "wisc_rf"
(1 real change made)

. 
. 
. **** Dynamic Price and Dynamic Enviro
. replace env_cost_wtp = 0 if env_cost_wtp == -1.00e-17
(0 real changes made)

. replace cost_wtp = 0 if cost_wtp == -1.00e-17
(0 real changes made)

. 
. assert round(env_cost_wtp, 0.0001) == round(env_cost_wtp_g + env_cost_wtp_l, 0.0001) if env_cost_wtp_l != 0 & env_cost_wtp_g != 0 & group
> _label != "Gasoline Tax"

. 
. drop cost_mvpf enviro_mvpf firm_mvpf

. 
. **** Producers
. gen producers = firm_cost_wtp + wtp_prod_s + wtp_prod_u

. replace producers = wtp_prod if inlist(group_label, "Residential Solar", "Appliance Rebates", "Weatherization", "Other Nudges", "Home Ene
> rgy Reports") | program == "care" | program == "ca_electric"
(30 real changes made)

. replace producers = wtp_prod if inlist(program, "jet_fuel", "CPP_aj", "CPP_pj", "PER", "baaqmd", "ca_electric")
(2 real changes made)

. replace producers = -wtp_prod if program == "wisc_rf"
(1 real change made)

. drop wtp_prod_s wtp_prod_u wtp_prod

. 
. **** Fiscal Externalities
. replace fisc_ext_s = beh_fisc_ext + fed_fisc_ext + state_fisc_ext if group_label == "Electric Vehicles" | group_label == "Hybrid Vehicles
> "
(3 real changes made)

. replace fisc_ext_t = gas_corp_fisc_e + gas_fisc_ext + utility_fisc_ext if group_label == "Electric Vehicles" | group_label == "Hybrid Veh
> icles"
(6 real changes made)

. 
. gen fisc_ext_sr = fisc_ext_s + fisc_ext_t

. drop fisc_ext_s fisc_ext_t

. 
. drop beh_fisc_ext fed_fisc_ext state_fisc_ext gas_corp_fisc_e gas_fisc_ext utility_fisc_ext

. 
. **** Total WTP
. gen WTP_no_cc = WTP

. replace WTP = WTP_cc if WTP_cc != 0
(14 real changes made)

. 
. **** Total Cost
. assert total_cost == cost if total_cost != 0

. drop total_cost

. 
. 
. **** Normalization Factor
. gen normalization = program_cost // for normalizing all the factors such that program_cost (without admin cost) is 1

. gen prog_cost_no_normal = program_cost

. 
. local components transfer wtp_loc wtp_glob wtp_soc_rbd env_cost_wtp cost_wtp producers WTP program_cost fisc_ext_sr fisc_ext_lr cost wtp_
> r_loc wtp_r_glob WTP_no_cc WTP_cc env_cost_wtp_g c_savings

. foreach comp of local components{
  2.     replace `comp' = `comp' / normalization
  3. }
(42 real changes made)
(34 real changes made)
(49 real changes made)
(36 real changes made)
(8 real changes made)
(8 real changes made)
(32 real changes made)
(49 real changes made)
(49 real changes made)
(38 real changes made)
(49 real changes made)
(49 real changes made)
(28 real changes made)
(36 real changes made)
(49 real changes made)
(8 real changes made)
(8 real changes made)
(3 real changes made)

. 
. 
. if "`savings'" == "yes"{
.     assert round(WTP, 0.001) == round(transfer + c_savings + wtp_loc + wtp_glob + wtp_soc_rbd + env_cost_wtp + cost_wtp + producers, 0.00
> 1)
. }

. else{
.     assert round(WTP, 0.001) == round(transfer + wtp_loc + wtp_glob + wtp_soc_rbd + env_cost_wtp + cost_wtp + producers, 0.001)
. }

. 
. assert round(cost, 0.001) == round(program_cost + fisc_ext_sr + fisc_ext_lr, 0.001) if program != "bev_state_i" // see if this is fixed a
> fter the latest big run

. assert round(MVPF, 0.001) == round(WTP / cost, 0.001) if (MVPF != 99999 & MVPF != -99999)

. 
. 
. *********************************
. * 3. Calculate Category Average *
. *********************************
. preserve

. 
.         tempfile all_policy_save

.         save "`all_policy_save'", replace
(file C:\Users\bcchen\AppData\Local\Temp\ST_8eb0_000004.tmp not found)
file C:\Users\bcchen\AppData\Local\Temp\ST_8eb0_000004.tmp saved as .dta format

.         
.         drop if extended == 1 & group_label != "International Nudges"
extended not found
r(111);

end of do-file
r(111);

end of do-file

r(111);

. do "C:\Users\bcchen\AppData\Local\Temp\STD8eb0_000005.tmp"

. do "${github}/figtab/excel_MVPF_tables.do" "full_current_193" "Table1_scc193_main" "no" "yes"

. *****************************************************************
. *             Export Final Datasets to Excel                    *
. *****************************************************************
. 
. *****************************************************
. * 0.             Get Dataset Names                  *
. *****************************************************
. 
. local selected_data_stub                `1'

. local pattern_suffix = "`selected_data_stub'"

. di in yellow "Looking for folders ending with pattern: `pattern_suffix'"
Looking for folders ending with pattern: full_current_193

. * Find all folders in the results directory that end with the pattern
. local results_dir = "${code_files}/4_results"

. local folder_list = ""

. local folder_dates = ""

. * Get list of all subdirectories
. qui local folders : dir "`results_dir'" dirs "*"

. * Filter folders that end with our pattern and extract timestamps
. foreach folder of local folders {
  2.     if regexm("`folder'", "^([0-9]{4}-[0-9]{2}-[0-9]{2}_[0-9]{2}-[0-9]{2}-[0-9]{2})__`pattern_suffix'$") {
  3.         local timestamp = regexs(1)
  4.         local folder_list = "`folder_list' `folder'"
  5.         local folder_dates = "`folder_dates' `timestamp'"
  6.         di in green "Found matching folder: `folder' (timestamp: `timestamp')"
  7.     }
  8. }
Found matching folder: 2025-09-25_13-45-54__full_current_193 (timestamp: 2025-09-25_13-45-54)
Found matching folder: 2025-10-21_01-03-46__full_current_193 (timestamp: 2025-10-21_01-03-46)

. * If no matching folders found, display error and exit
. if "`folder_list'" == "" {
.     di as error "`pattern_suffix' folder has not been created, please run the masterfile first to create this folder"
.     exit 601
. }

. else {
.     * Find the most recent folder by comparing timestamps
.     local most_recent_folder = ""
.     local most_recent_timestamp = ""
.     local folder_count : word count `folder_list'
.     local date_count : word count `folder_dates'
.     forvalues i = 1/`folder_count' {
  2.         local current_folder : word `i' of `folder_list'
  3.         local current_timestamp : word `i' of `folder_dates'
  4.         * Convert timestamp to comparable format (remove hyphens and underscores)
.         local current_numeric = subinstr(subinstr("`current_timestamp'", "-", "", .), "_", "", .)
  5.         if "`most_recent_timestamp'" == "" {
  6.             local most_recent_folder = "`current_folder'"
  7.             local most_recent_timestamp = "`current_numeric'"
  8.         }
  9.         else {
 10.             local most_recent_numeric = subinstr(subinstr("`most_recent_timestamp'", "-", "", .), "_", "", .)
 11.             if `current_numeric' > `most_recent_numeric' {
 12.                 local most_recent_folder = "`current_folder'"
 13.                 local most_recent_timestamp = "`current_numeric'"
 14.             }
 15.         }
 16.     }
.     local selected_data_stub = "`most_recent_folder'"
.     di in green "Selected most recent folder: `selected_data_stub'"
Selected most recent folder: 2025-10-21_01-03-46__full_current_193
. }

. 
. 
. local stub_toggle                                       "`selected_data_stub'" 

. 
. local table_name                                        "`2'"

. 
. local savings                                           "`3'"

. 
. local with_international                        "`4'"

. 
. local export_excel_toggle                       yes

. 
. local output_path ${output_tab}/tables_appendix

. 
. if "`2'" == "Table2_scc193_main" {
.         local output_path ${output_tab}/tables_main
. }

. 
. 
. *****************************************************
. * 1. Reshape Datasets and Merge with Policy Details *
. *****************************************************
. use "${code_files}/4_results/`stub_toggle'/compiled_results_all_uncorrected_vJK", clear

. 
. missings dropvars, force

Checking missings in program component_type component_value l_component u_component component_sd component_over_prog_cost assumptions
    correlation replications:
9800 observations with missing values

note: l_component u_component component_sd dropped

. drop component_over_prog_cost 

. cap drop perc_switch

. ren component_value cv

. cap drop assumptions component_sd

.         
. replace cv = cv
(0 real changes made)

. cap drop l_component u_component

.         
. reshape wide cv, i(program) j(component_type) string
(j = MVPF MVPF_no_cc WTP WTP_RoW WTP_USFut WTP_USPres WTP_USTotal WTP_cc admin_cost beh_fisc_ext c_savings cost cost_curve cost_mvpf cost_w
> tp env_cost_wtp env_cost_wtp_g env_cost_wtp_l enviro_mvpf enviro_wtp epsilon ev_sub_c ev_sub_c_row ev_sub_c_us ev_sub_cost ev_sub_env fed
> _fisc_ext firm_cost_wtp firm_mvpf fisc_ext_lr fisc_ext_s fisc_ext_t fiscalext gas_corp_fisc_e gas_fisc_ext gov_carbon infmarg marginal p_
> spend pass_through permitrev permitrev_ex permitrev_new profits profits_fisc_e program_cost q_CO2 q_CO2_mck q_CO2_mck_no q_CO2_no q_carbo
> n_mck resource_ce resource_cost semie state_fisc_ext subsidies taxes total_cost transfer utility_fisc_ext wind_g_wf wind_l_wf wtp_abateme
> nt wtp_batt wtp_cons wtp_ctr wtp_deal wtp_e_cost wtp_glob wtp_inf wtp_install wtp_leak wtp_loc wtp_local_w_r wtp_marg wtp_no_ice wtp_no_i
> ce_g wtp_no_ice_local wtp_no_leak wtp_permits wtp_private wtp_prod wtp_prod_s wtp_prod_u wtp_r_glob wtp_r_loc wtp_soc wtp_soc_g wtp_soc_l
>  wtp_soc_l_dr wtp_soc_l_po wtp_soc_rbd wtp_soc_rbd_g wtp_soc_rbd_l wtp_yes_ev wtp_yes_ev_g wtp_yes_ev_local wtp_yes_hev)

Data                               Long   ->   Wide
-----------------------------------------------------------------------------
Number of observations            9,800   ->   100         
Number of variables                   6   ->   102         
j variable (98 values)   component_type   ->   (dropped)
xij variables:
                                     cv   ->   cvMVPF cvMVPF_no_cc ... cvwtp_yes_hev
-----------------------------------------------------------------------------

. ren cv* *

. drop WTP_RoW WTP_USFut WTP_USPres WTP_USTotal wind_g_wf wind_l_wf epsilon

. 
. preserve

.         import excel "${code_files}/policy_details_v3.xlsx", clear first
(16 vars, 100 obs)

.         tempfile policy_labels

.         save "`policy_labels.dta'", replace
(file C:\Users\bcchen\AppData\Local\Temp\ST_8eb0_000002.tmp not found)
file C:\Users\bcchen\AppData\Local\Temp\ST_8eb0_000002.tmp saved as .dta format

. restore

. 
. merge m:1 program using "`policy_labels.dta'", keep(3)

    Result                      Number of obs
    -----------------------------------------
    Not matched                             0
    Matched                               100  (_merge==3)
    -----------------------------------------

. end
command end is unrecognized
r(199);

end of do-file
r(199);

end of do-file

r(199);

. do "C:\Users\bcchen\AppData\Local\Temp\STD8eb0_000006.tmp"

. do "${github}/figtab/excel_MVPF_tables.do" "full_current_193" "Table1_scc193_main" "no" "yes"

. *****************************************************************
. *             Export Final Datasets to Excel                    *
. *****************************************************************
. 
. *****************************************************
. * 0.             Get Dataset Names                  *
. *****************************************************
. 
. local selected_data_stub                `1'

. local pattern_suffix = "`selected_data_stub'"

. di in yellow "Looking for folders ending with pattern: `pattern_suffix'"
Looking for folders ending with pattern: full_current_193

. * Find all folders in the results directory that end with the pattern
. local results_dir = "${code_files}/4_results"

. local folder_list = ""

. local folder_dates = ""

. * Get list of all subdirectories
. qui local folders : dir "`results_dir'" dirs "*"

. * Filter folders that end with our pattern and extract timestamps
. foreach folder of local folders {
  2.     if regexm("`folder'", "^([0-9]{4}-[0-9]{2}-[0-9]{2}_[0-9]{2}-[0-9]{2}-[0-9]{2})__`pattern_suffix'$") {
  3.         local timestamp = regexs(1)
  4.         local folder_list = "`folder_list' `folder'"
  5.         local folder_dates = "`folder_dates' `timestamp'"
  6.         di in green "Found matching folder: `folder' (timestamp: `timestamp')"
  7.     }
  8. }
Found matching folder: 2025-09-25_13-45-54__full_current_193 (timestamp: 2025-09-25_13-45-54)
Found matching folder: 2025-10-21_01-03-46__full_current_193 (timestamp: 2025-10-21_01-03-46)

. * If no matching folders found, display error and exit
. if "`folder_list'" == "" {
.     di as error "`pattern_suffix' folder has not been created, please run the masterfile first to create this folder"
.     exit 601
. }

. else {
.     * Find the most recent folder by comparing timestamps
.     local most_recent_folder = ""
.     local most_recent_timestamp = ""
.     local folder_count : word count `folder_list'
.     local date_count : word count `folder_dates'
.     forvalues i = 1/`folder_count' {
  2.         local current_folder : word `i' of `folder_list'
  3.         local current_timestamp : word `i' of `folder_dates'
  4.         * Convert timestamp to comparable format (remove hyphens and underscores)
.         local current_numeric = subinstr(subinstr("`current_timestamp'", "-", "", .), "_", "", .)
  5.         if "`most_recent_timestamp'" == "" {
  6.             local most_recent_folder = "`current_folder'"
  7.             local most_recent_timestamp = "`current_numeric'"
  8.         }
  9.         else {
 10.             local most_recent_numeric = subinstr(subinstr("`most_recent_timestamp'", "-", "", .), "_", "", .)
 11.             if `current_numeric' > `most_recent_numeric' {
 12.                 local most_recent_folder = "`current_folder'"
 13.                 local most_recent_timestamp = "`current_numeric'"
 14.             }
 15.         }
 16.     }
.     local selected_data_stub = "`most_recent_folder'"
.     di in green "Selected most recent folder: `selected_data_stub'"
Selected most recent folder: 2025-10-21_01-03-46__full_current_193
. }

. 
. 
. local stub_toggle                                       "`selected_data_stub'" 

. 
. local table_name                                        "`2'"

. 
. local savings                                           "`3'"

. 
. local with_international                        "`4'"

. 
. local export_excel_toggle                       yes

. 
. local output_path ${output_tab}/tables_appendix

. 
. if "`2'" == "Table2_scc193_main" {
.         local output_path ${output_tab}/tables_main
. }

. 
. 
. *****************************************************
. * 1. Reshape Datasets and Merge with Policy Details *
. *****************************************************
. use "${code_files}/4_results/`stub_toggle'/compiled_results_all_uncorrected_vJK", clear

. 
. missings dropvars, force

Checking missings in program component_type component_value l_component u_component component_sd component_over_prog_cost assumptions
    correlation replications:
9800 observations with missing values

note: l_component u_component component_sd dropped

. drop component_over_prog_cost 

. cap drop perc_switch

. ren component_value cv

. cap drop assumptions component_sd

.         
. replace cv = cv
(0 real changes made)

. cap drop l_component u_component

.         
. reshape wide cv, i(program) j(component_type) string
(j = MVPF MVPF_no_cc WTP WTP_RoW WTP_USFut WTP_USPres WTP_USTotal WTP_cc admin_cost beh_fisc_ext c_savings cost cost_curve cost_mvpf cost_w
> tp env_cost_wtp env_cost_wtp_g env_cost_wtp_l enviro_mvpf enviro_wtp epsilon ev_sub_c ev_sub_c_row ev_sub_c_us ev_sub_cost ev_sub_env fed
> _fisc_ext firm_cost_wtp firm_mvpf fisc_ext_lr fisc_ext_s fisc_ext_t fiscalext gas_corp_fisc_e gas_fisc_ext gov_carbon infmarg marginal p_
> spend pass_through permitrev permitrev_ex permitrev_new profits profits_fisc_e program_cost q_CO2 q_CO2_mck q_CO2_mck_no q_CO2_no q_carbo
> n_mck resource_ce resource_cost semie state_fisc_ext subsidies taxes total_cost transfer utility_fisc_ext wind_g_wf wind_l_wf wtp_abateme
> nt wtp_batt wtp_cons wtp_ctr wtp_deal wtp_e_cost wtp_glob wtp_inf wtp_install wtp_leak wtp_loc wtp_local_w_r wtp_marg wtp_no_ice wtp_no_i
> ce_g wtp_no_ice_local wtp_no_leak wtp_permits wtp_private wtp_prod wtp_prod_s wtp_prod_u wtp_r_glob wtp_r_loc wtp_soc wtp_soc_g wtp_soc_l
>  wtp_soc_l_dr wtp_soc_l_po wtp_soc_rbd wtp_soc_rbd_g wtp_soc_rbd_l wtp_yes_ev wtp_yes_ev_g wtp_yes_ev_local wtp_yes_hev)

Data                               Long   ->   Wide
-----------------------------------------------------------------------------
Number of observations            9,800   ->   100         
Number of variables                   6   ->   102         
j variable (98 values)   component_type   ->   (dropped)
xij variables:
                                     cv   ->   cvMVPF cvMVPF_no_cc ... cvwtp_yes_hev
-----------------------------------------------------------------------------

. ren cv* *

. drop WTP_RoW WTP_USFut WTP_USPres WTP_USTotal wind_g_wf wind_l_wf epsilon

. 
. preserve

.         import excel "${code_files}/policy_details_v3.xlsx", clear first
(16 vars, 100 obs)

.         tempfile policy_labels

.         save "`policy_labels.dta'", replace
(file C:\Users\bcchen\AppData\Local\Temp\ST_8eb0_000002.tmp not found)
file C:\Users\bcchen\AppData\Local\Temp\ST_8eb0_000002.tmp saved as .dta format

. restore

. 
. merge m:1 program using "`policy_labels.dta'", keep(3)

    Result                      Number of obs
    -----------------------------------------
    Not matched                             0
    Matched                               100  (_merge==3)
    -----------------------------------------

. end
command end is unrecognized
r(199);

end of do-file
r(199);

end of do-file

r(199);

. do "C:\Users\bcchen\AppData\Local\Temp\STD8eb0_000007.tmp"

. do "${github}/figtab/excel_MVPF_tables.do" "full_current_193" "Table1_scc193_main" "no" "yes"

. *****************************************************************
. *             Export Final Datasets to Excel                    *
. *****************************************************************
. 
. *****************************************************
. * 0.             Get Dataset Names                  *
. *****************************************************
. 
. local selected_data_stub                `1'

. local pattern_suffix = "`selected_data_stub'"

. di in yellow "Looking for folders ending with pattern: `pattern_suffix'"
Looking for folders ending with pattern: full_current_193

. * Find all folders in the results directory that end with the pattern
. local results_dir = "${code_files}/4_results"

. local folder_list = ""

. local folder_dates = ""

. * Get list of all subdirectories
. qui local folders : dir "`results_dir'" dirs "*"

. * Filter folders that end with our pattern and extract timestamps
. foreach folder of local folders {
  2.     if regexm("`folder'", "^([0-9]{4}-[0-9]{2}-[0-9]{2}_[0-9]{2}-[0-9]{2}-[0-9]{2})__`pattern_suffix'$") {
  3.         local timestamp = regexs(1)
  4.         local folder_list = "`folder_list' `folder'"
  5.         local folder_dates = "`folder_dates' `timestamp'"
  6.         di in green "Found matching folder: `folder' (timestamp: `timestamp')"
  7.     }
  8. }
Found matching folder: 2025-09-25_13-45-54__full_current_193 (timestamp: 2025-09-25_13-45-54)
Found matching folder: 2025-10-21_01-03-46__full_current_193 (timestamp: 2025-10-21_01-03-46)

. * If no matching folders found, display error and exit
. if "`folder_list'" == "" {
.     di as error "`pattern_suffix' folder has not been created, please run the masterfile first to create this folder"
.     exit 601
. }

. else {
.     * Find the most recent folder by comparing timestamps
.     local most_recent_folder = ""
.     local most_recent_timestamp = ""
.     local folder_count : word count `folder_list'
.     local date_count : word count `folder_dates'
.     forvalues i = 1/`folder_count' {
  2.         local current_folder : word `i' of `folder_list'
  3.         local current_timestamp : word `i' of `folder_dates'
  4.         * Convert timestamp to comparable format (remove hyphens and underscores)
.         local current_numeric = subinstr(subinstr("`current_timestamp'", "-", "", .), "_", "", .)
  5.         if "`most_recent_timestamp'" == "" {
  6.             local most_recent_folder = "`current_folder'"
  7.             local most_recent_timestamp = "`current_numeric'"
  8.         }
  9.         else {
 10.             local most_recent_numeric = subinstr(subinstr("`most_recent_timestamp'", "-", "", .), "_", "", .)
 11.             if `current_numeric' > `most_recent_numeric' {
 12.                 local most_recent_folder = "`current_folder'"
 13.                 local most_recent_timestamp = "`current_numeric'"
 14.             }
 15.         }
 16.     }
.     local selected_data_stub = "`most_recent_folder'"
.     di in green "Selected most recent folder: `selected_data_stub'"
Selected most recent folder: 2025-10-21_01-03-46__full_current_193
. }

. 
. 
. local stub_toggle                                       "`selected_data_stub'" 

. 
. local table_name                                        "`2'"

. 
. local savings                                           "`3'"

. 
. local with_international                        "`4'"

. 
. local export_excel_toggle                       yes

. 
. local output_path ${output_tab}/tables_appendix

. 
. if "`2'" == "Table2_scc193_main" {
.         local output_path ${output_tab}/tables_main
. }

. 
. 
. *****************************************************
. * 1. Reshape Datasets and Merge with Policy Details *
. *****************************************************
. use "${code_files}/4_results/`stub_toggle'/compiled_results_all_uncorrected_vJK", clear

. 
. missings dropvars, force

Checking missings in program component_type component_value l_component u_component component_sd component_over_prog_cost assumptions
    correlation replications:
9800 observations with missing values

note: l_component u_component component_sd dropped

. drop component_over_prog_cost 

. cap drop perc_switch

. ren component_value cv

. cap drop assumptions component_sd

.         
. replace cv = cv
(0 real changes made)

. cap drop l_component u_component

.         
. reshape wide cv, i(program) j(component_type) string
(j = MVPF MVPF_no_cc WTP WTP_RoW WTP_USFut WTP_USPres WTP_USTotal WTP_cc admin_cost beh_fisc_ext c_savings cost cost_curve cost_mvpf cost_w
> tp env_cost_wtp env_cost_wtp_g env_cost_wtp_l enviro_mvpf enviro_wtp epsilon ev_sub_c ev_sub_c_row ev_sub_c_us ev_sub_cost ev_sub_env fed
> _fisc_ext firm_cost_wtp firm_mvpf fisc_ext_lr fisc_ext_s fisc_ext_t fiscalext gas_corp_fisc_e gas_fisc_ext gov_carbon infmarg marginal p_
> spend pass_through permitrev permitrev_ex permitrev_new profits profits_fisc_e program_cost q_CO2 q_CO2_mck q_CO2_mck_no q_CO2_no q_carbo
> n_mck resource_ce resource_cost semie state_fisc_ext subsidies taxes total_cost transfer utility_fisc_ext wind_g_wf wind_l_wf wtp_abateme
> nt wtp_batt wtp_cons wtp_ctr wtp_deal wtp_e_cost wtp_glob wtp_inf wtp_install wtp_leak wtp_loc wtp_local_w_r wtp_marg wtp_no_ice wtp_no_i
> ce_g wtp_no_ice_local wtp_no_leak wtp_permits wtp_private wtp_prod wtp_prod_s wtp_prod_u wtp_r_glob wtp_r_loc wtp_soc wtp_soc_g wtp_soc_l
>  wtp_soc_l_dr wtp_soc_l_po wtp_soc_rbd wtp_soc_rbd_g wtp_soc_rbd_l wtp_yes_ev wtp_yes_ev_g wtp_yes_ev_local wtp_yes_hev)

Data                               Long   ->   Wide
-----------------------------------------------------------------------------
Number of observations            9,800   ->   100         
Number of variables                   6   ->   102         
j variable (98 values)   component_type   ->   (dropped)
xij variables:
                                     cv   ->   cvMVPF cvMVPF_no_cc ... cvwtp_yes_hev
-----------------------------------------------------------------------------

. ren cv* *

. drop WTP_RoW WTP_USFut WTP_USPres WTP_USTotal wind_g_wf wind_l_wf epsilon

. 
. preserve

.         import excel "${code_files}/policy_details_v3.xlsx", clear first
(16 vars, 100 obs)

.         tempfile policy_labels

.         save "`policy_labels.dta'", replace
(file C:\Users\bcchen\AppData\Local\Temp\ST_8eb0_000002.tmp not found)
file C:\Users\bcchen\AppData\Local\Temp\ST_8eb0_000002.tmp saved as .dta format

. restore

. 
. merge m:1 program using "`policy_labels.dta'", keep(3)

    Result                      Number of obs
    -----------------------------------------
    Not matched                             0
    Matched                               100  (_merge==3)
    -----------------------------------------

. drop if program == "cafe_dk"
(1 observation deleted)

. drop if broad_category == "Regulation"
(3 observations deleted)

. drop if extended == 1
(24 observations deleted)

. assert _N == 72

. 
. missings dropvars, force

Checking missings in program MVPF MVPF_no_cc WTP WTP_cc admin_cost beh_fisc_ext c_savings cost cost_curve cost_mvpf cost_wtp env_cost_wtp
    env_cost_wtp_g env_cost_wtp_l enviro_mvpf enviro_wtp ev_sub_c ev_sub_c_row ev_sub_c_us ev_sub_cost ev_sub_env fed_fisc_ext
    firm_cost_wtp firm_mvpf fisc_ext_lr fisc_ext_s fisc_ext_t fiscalext gas_corp_fisc_e gas_fisc_ext gov_carbon infmarg marginal p_spend
    pass_through permitrev permitrev_ex permitrev_new profits profits_fisc_e program_cost q_CO2 q_CO2_mck q_CO2_mck_no q_CO2_no
    q_carbon_mck resource_ce resource_cost semie state_fisc_ext subsidies taxes total_cost transfer utility_fisc_ext wtp_abatement wtp_batt
    wtp_cons wtp_ctr wtp_deal wtp_e_cost wtp_glob wtp_inf wtp_install wtp_leak wtp_loc wtp_local_w_r wtp_marg wtp_no_ice wtp_no_ice_g
    wtp_no_ice_local wtp_no_leak wtp_permits wtp_private wtp_prod wtp_prod_s wtp_prod_u wtp_r_glob wtp_r_loc wtp_soc wtp_soc_g wtp_soc_l
    wtp_soc_l_dr wtp_soc_l_po wtp_soc_rbd wtp_soc_rbd_g wtp_soc_rbd_l wtp_yes_ev wtp_yes_ev_g wtp_yes_ev_local wtp_yes_hev assumptions
    correlation replications program_label_long program_label_short source year_in_context location broad_category group_label panel_number
    across_group_ordering in_group_ordering extended international regulation table_order no_SE _merge:
72 observations with missing values

note: ev_sub_c ev_sub_c_row ev_sub_c_us ev_sub_cost ev_sub_env fiscalext infmarg marginal permitrev permitrev_ex permitrev_new extended
regulation dropped

. drop _merge program_label_long

. drop correlation replications

. mvencode _all, mv(0) override
  MVPF_no_cc: 51 missing values recoded
      WTP_cc: 58 missing values recoded
  admin_cost: 69 missing values recoded
beh_fisc_ext: 66 missing values recoded
   c_savings: 36 missing values recoded
  cost_curve: 71 missing values recoded
   cost_mvpf: 58 missing values recoded
    cost_wtp: 45 missing values recoded
env_cost_wtp: 45 missing values recoded
env_cost_w~g: 58 missing values recoded
env_cost_w~l: 58 missing values recoded
 enviro_mvpf: 58 missing values recoded
  enviro_wtp: 71 missing values recoded
fed_fisc_ext: 67 missing values recoded
firm_cost_~p: 67 missing values recoded
   firm_mvpf: 67 missing values recoded
  fisc_ext_s: 12 missing values recoded
  fisc_ext_t: 7 missing values recoded
gas_corp_f~e: 66 missing values recoded
gas_fisc_ext: 66 missing values recoded
  gov_carbon: 13 missing values recoded
     p_spend: 17 missing values recoded
pass_through: 66 missing values recoded
     profits: 71 missing values recoded
profits_fi~e: 69 missing values recoded
       q_CO2: 5 missing values recoded
   q_CO2_mck: 47 missing values recoded
q_CO2_mck_no: 57 missing values recoded
    q_CO2_no: 57 missing values recoded
q_carbon_mck: 13 missing values recoded
 resource_ce: 13 missing values recoded
resource_c~t: 59 missing values recoded
       semie: 37 missing values recoded
state_fisc~t: 68 missing values recoded
   subsidies: 71 missing values recoded
       taxes: 71 missing values recoded
  total_cost: 22 missing values recoded
    transfer: 71 missing values recoded
utility_fi~t: 69 missing values recoded
wtp_abatem~t: 70 missing values recoded
    wtp_batt: 71 missing values recoded
    wtp_cons: 22 missing values recoded
     wtp_ctr: 70 missing values recoded
    wtp_deal: 69 missing values recoded
  wtp_e_cost: 63 missing values recoded
    wtp_glob: 15 missing values recoded
     wtp_inf: 38 missing values recoded
 wtp_install: 67 missing values recoded
    wtp_leak: 70 missing values recoded
     wtp_loc: 16 missing values recoded
wtp_local_~r: 71 missing values recoded
    wtp_marg: 38 missing values recoded
  wtp_no_ice: 66 missing values recoded
wtp_no_ice_g: 66 missing values recoded
wtp_no_ice~l: 66 missing values recoded
 wtp_no_leak: 70 missing values recoded
 wtp_permits: 70 missing values recoded
 wtp_private: 62 missing values recoded
    wtp_prod: 20 missing values recoded
  wtp_prod_s: 49 missing values recoded
  wtp_prod_u: 56 missing values recoded
  wtp_r_glob: 28 missing values recoded
   wtp_r_loc: 29 missing values recoded
     wtp_soc: 13 missing values recoded
   wtp_soc_g: 57 missing values recoded
   wtp_soc_l: 57 missing values recoded
wtp_soc_l_dr: 60 missing values recoded
wtp_soc_l_po: 60 missing values recoded
 wtp_soc_rbd: 55 missing values recoded
wtp_soc_rb~g: 69 missing values recoded
wtp_soc_rb~l: 69 missing values recoded
  wtp_yes_ev: 69 missing values recoded
wtp_yes_ev_g: 69 missing values recoded
wtp_yes_ev~l: 69 missing values recoded
 wtp_yes_hev: 69 missing values recoded
internatio~l: 61 missing values recoded
       no_SE: 60 missing values recoded

. order program_cost, after(WTP)

. 
. ***********************************************
. * 2. Check that Each Component Sums Correctly *
. ***********************************************
. 
. **** Transfer
. cap gen wtp_install = 0

. cap drop transfer

. gen transfer = wtp_cons + wtp_deal + wtp_install

. drop wtp_cons wtp_deal wtp_install

. replace transfer = wtp_inf + wtp_marg if (inlist(group_label, "Weatherization", "Appliance Rebates", "Other Nudges", "Vehicle Retirement"
> ) & ///
>                                                                                  program != "care" & program != "solarize" & program != "
> her_compiled" & program != "cw_datta" & program != "dw_datta" & ///
>                                                                                  program != "fridge_datta" & program != "wisc_rf") | inli
> st(program, "ca_electric", "cookstoves", "mx_deforest", "ug_deforest")
(18 real changes made)

. replace transfer = wtp_inf + wtp_marg + wtp_ctr if inlist(program, "ihwap_hb", "ihwap_lb")
(2 real changes made)

. drop wtp_inf wtp_marg wtp_private

. cap gen wtp_abatement = 0

. cap gen wtp_permits = 0

. replace transfer = wtp_abatement + wtp_permits if group_label == "Cap and Trade"
(2 real changes made)

. drop wtp_abatement wtp_permits

. replace transfer = wtp_prod if group_label == "Wind Production Credits" | inlist(program, "rao_crude", "bmm_crude", "india_offset")
(4 real changes made)

. replace transfer = 1 if program == "sallee_hy"
(0 real changes made)

. 
. **** Global and Local Enviro
. assert round(wtp_no_ice, 0.0001) == round(wtp_no_ice_g + wtp_no_ice_local, 0.0001)

. assert round(wtp_yes_ev, 0.0001) == round(wtp_yes_ev_local + wtp_yes_ev_g, 0.0001) if group_label == "Electric Vehicles"

. assert round(wtp_loc, 0.0001) == round(wtp_yes_ev_local + wtp_no_ice_local, 0.0001) if group_label == "Electric Vehicles"

. 
. drop wtp_no_ice_g wtp_no_ice_local wtp_yes_ev_g wtp_yes_ev_local

. 
. assert round(wtp_soc, 0.0001) == round(wtp_glob + wtp_loc, 0.0001) if group_label == "Electric Vehicles"

. assert round(wtp_soc, 0.0001) == round(wtp_glob + wtp_loc, 0.0001) if group_label == "Hybrid Vehicles"

. replace wtp_glob = wtp_glob + wtp_e_cost if group_label == "Residential Solar"| program == "solarize"
(6 real changes made)

. replace wtp_glob = (wtp_glob + wtp_e_cost) - wtp_r_glob if group_label == "Wind Production Credits"
(3 real changes made)

. replace wtp_glob = wtp_soc_g if inlist(group_label, "Gasoline Taxes", "Cap and Trade") | inlist(program, "cookstoves", "bmm_crude", "bunk
> er_fuel", "ethanol", "rao_crude")
(15 real changes made)

. replace wtp_loc = wtp_soc_l if inlist(group_label, "Gasoline Taxes", "Cap and Trade") | inlist(program, "cookstoves", "bmm_crude", "bunke
> r_fuel", "ethanol", "rao_crude")
(14 real changes made)

. replace wtp_loc = 0 if wtp_loc == -1.00e-35
(0 real changes made)

. replace wtp_loc = wtp_loc - wtp_r_loc if group_label == "Wind Production Credits"
(3 real changes made)

. 
. cap gen wtp_leak = 0

. cap gen wtp_no_leak = 0

. drop wtp_yes_ev wtp_yes_hev wtp_no_ice wtp_soc wtp_e_cost wtp_soc_g wtp_soc_l wtp_leak wtp_no_leak 

. 
. **** Rebound
. replace wtp_soc_rbd = 0 if wtp_soc_rbd == 1.00e-11
(1 real change made)

. replace wtp_soc_rbd_l = 0 if wtp_soc_rbd_l == 1.00e-20 | program == "rggi"
(0 real changes made)

. replace wtp_soc_rbd_g = 0 if wtp_soc_rbd_g == 1.00e-20 | program == "rggi"
(0 real changes made)

. assert round(wtp_soc_rbd, 0.0001) == round(wtp_soc_rbd_g + wtp_soc_rbd_l, 0.0001) if wtp_soc_rbd_g != 0 & wtp_soc_rbd_l != 0

. replace wtp_r_loc = wtp_soc_rbd_l if wtp_soc_rbd_l != 0 & wtp_r_loc == 0
(3 real changes made)

. replace wtp_r_glob = wtp_soc_rbd_g if wtp_soc_rbd_g != 0  & wtp_r_glob == 0
(3 real changes made)

. drop wtp_soc_rbd_l wtp_soc_rbd_g

. replace wtp_soc_rbd = wtp_r_glob + wtp_r_loc if wtp_soc_rbd == 0 & wtp_r_glob != 0 & wtp_r_loc != 0
(23 real changes made)

. replace wtp_soc_rbd = wtp_r_glob if inlist(program, "care", "opower_ng", "rebate_es", "es_incent", "ac_mex", "fridge_mex", "nudge_ger", "
> nudge_qatar", "wap_mexico") | inlist(program, "india_offset")
(7 real changes made)

. replace wtp_soc_rbd = -wtp_soc_rbd if program == "wisc_rf"
(1 real change made)

. 
. 
. **** Dynamic Price and Dynamic Enviro
. replace env_cost_wtp = 0 if env_cost_wtp == -1.00e-17
(0 real changes made)

. replace cost_wtp = 0 if cost_wtp == -1.00e-17
(0 real changes made)

. 
. assert round(env_cost_wtp, 0.0001) == round(env_cost_wtp_g + env_cost_wtp_l, 0.0001) if env_cost_wtp_l != 0 & env_cost_wtp_g != 0 & group
> _label != "Gasoline Tax"

. 
. drop cost_mvpf enviro_mvpf firm_mvpf

. 
. **** Producers
. gen producers = firm_cost_wtp + wtp_prod_s + wtp_prod_u

. replace producers = wtp_prod if inlist(group_label, "Residential Solar", "Appliance Rebates", "Weatherization", "Other Nudges", "Home Ene
> rgy Reports") | program == "care" | program == "ca_electric"
(30 real changes made)

. replace producers = wtp_prod if inlist(program, "jet_fuel", "CPP_aj", "CPP_pj", "PER", "baaqmd", "ca_electric")
(2 real changes made)

. replace producers = -wtp_prod if program == "wisc_rf"
(1 real change made)

. drop wtp_prod_s wtp_prod_u wtp_prod

. 
. **** Fiscal Externalities
. replace fisc_ext_s = beh_fisc_ext + fed_fisc_ext + state_fisc_ext if group_label == "Electric Vehicles" | group_label == "Hybrid Vehicles
> "
(3 real changes made)

. replace fisc_ext_t = gas_corp_fisc_e + gas_fisc_ext + utility_fisc_ext if group_label == "Electric Vehicles" | group_label == "Hybrid Veh
> icles"
(6 real changes made)

. 
. gen fisc_ext_sr = fisc_ext_s + fisc_ext_t

. drop fisc_ext_s fisc_ext_t

. 
. drop beh_fisc_ext fed_fisc_ext state_fisc_ext gas_corp_fisc_e gas_fisc_ext utility_fisc_ext

. 
. **** Total WTP
. gen WTP_no_cc = WTP

. replace WTP = WTP_cc if WTP_cc != 0
(14 real changes made)

. 
. **** Total Cost
. assert total_cost == cost if total_cost != 0

. drop total_cost

. 
. 
. **** Normalization Factor
. gen normalization = program_cost // for normalizing all the factors such that program_cost (without admin cost) is 1

. gen prog_cost_no_normal = program_cost

. 
. local components transfer wtp_loc wtp_glob wtp_soc_rbd env_cost_wtp cost_wtp producers WTP program_cost fisc_ext_sr fisc_ext_lr cost wtp_
> r_loc wtp_r_glob WTP_no_cc WTP_cc env_cost_wtp_g c_savings

. foreach comp of local components{
  2.     replace `comp' = `comp' / normalization
  3. }
(42 real changes made)
(34 real changes made)
(49 real changes made)
(36 real changes made)
(8 real changes made)
(8 real changes made)
(32 real changes made)
(49 real changes made)
(49 real changes made)
(38 real changes made)
(49 real changes made)
(49 real changes made)
(28 real changes made)
(36 real changes made)
(49 real changes made)
(8 real changes made)
(8 real changes made)
(3 real changes made)

. 
. 
. if "`savings'" == "yes"{
.     assert round(WTP, 0.001) == round(transfer + c_savings + wtp_loc + wtp_glob + wtp_soc_rbd + env_cost_wtp + cost_wtp + producers, 0.00
> 1)
. }

. else{
.     assert round(WTP, 0.001) == round(transfer + wtp_loc + wtp_glob + wtp_soc_rbd + env_cost_wtp + cost_wtp + producers, 0.001)
. }

. 
. assert round(cost, 0.001) == round(program_cost + fisc_ext_sr + fisc_ext_lr, 0.001) if program != "bev_state_i" // see if this is fixed a
> fter the latest big run

. assert round(MVPF, 0.001) == round(WTP / cost, 0.001) if (MVPF != 99999 & MVPF != -99999)

. 
. 
. *********************************
. * 3. Calculate Category Average *
. *********************************
. preserve

. 
.         tempfile all_policy_save

.         save "`all_policy_save'", replace
(file C:\Users\bcchen\AppData\Local\Temp\ST_8eb0_000004.tmp not found)
file C:\Users\bcchen\AppData\Local\Temp\ST_8eb0_000004.tmp saved as .dta format

.         
.         drop if extended == 1 & group_label != "International Nudges"
extended not found
r(111);

end of do-file
r(111);

end of do-file

r(111);

. do "C:\Users\bcchen\AppData\Local\Temp\STD8eb0_000008.tmp"

. do "${github}/figtab/excel_MVPF_tables.do" "full_current_193" "Table1_scc193_main" "no" "yes"

. *****************************************************************
. *             Export Final Datasets to Excel                    *
. *****************************************************************
. 
. *****************************************************
. * 0.             Get Dataset Names                  *
. *****************************************************
. 
. local selected_data_stub                `1'

. local pattern_suffix = "`selected_data_stub'"

. di in yellow "Looking for folders ending with pattern: `pattern_suffix'"
Looking for folders ending with pattern: full_current_193

. * Find all folders in the results directory that end with the pattern
. local results_dir = "${code_files}/4_results"

. local folder_list = ""

. local folder_dates = ""

. * Get list of all subdirectories
. qui local folders : dir "`results_dir'" dirs "*"

. * Filter folders that end with our pattern and extract timestamps
. foreach folder of local folders {
  2.     if regexm("`folder'", "^([0-9]{4}-[0-9]{2}-[0-9]{2}_[0-9]{2}-[0-9]{2}-[0-9]{2})__`pattern_suffix'$") {
  3.         local timestamp = regexs(1)
  4.         local folder_list = "`folder_list' `folder'"
  5.         local folder_dates = "`folder_dates' `timestamp'"
  6.         di in green "Found matching folder: `folder' (timestamp: `timestamp')"
  7.     }
  8. }
Found matching folder: 2025-09-25_13-45-54__full_current_193 (timestamp: 2025-09-25_13-45-54)
Found matching folder: 2025-10-21_01-03-46__full_current_193 (timestamp: 2025-10-21_01-03-46)

. * If no matching folders found, display error and exit
. if "`folder_list'" == "" {
.     di as error "`pattern_suffix' folder has not been created, please run the masterfile first to create this folder"
.     exit 601
. }

. else {
.     * Find the most recent folder by comparing timestamps
.     local most_recent_folder = ""
.     local most_recent_timestamp = ""
.     local folder_count : word count `folder_list'
.     local date_count : word count `folder_dates'
.     forvalues i = 1/`folder_count' {
  2.         local current_folder : word `i' of `folder_list'
  3.         local current_timestamp : word `i' of `folder_dates'
  4.         * Convert timestamp to comparable format (remove hyphens and underscores)
.         local current_numeric = subinstr(subinstr("`current_timestamp'", "-", "", .), "_", "", .)
  5.         if "`most_recent_timestamp'" == "" {
  6.             local most_recent_folder = "`current_folder'"
  7.             local most_recent_timestamp = "`current_numeric'"
  8.         }
  9.         else {
 10.             local most_recent_numeric = subinstr(subinstr("`most_recent_timestamp'", "-", "", .), "_", "", .)
 11.             if `current_numeric' > `most_recent_numeric' {
 12.                 local most_recent_folder = "`current_folder'"
 13.                 local most_recent_timestamp = "`current_numeric'"
 14.             }
 15.         }
 16.     }
.     local selected_data_stub = "`most_recent_folder'"
.     di in green "Selected most recent folder: `selected_data_stub'"
Selected most recent folder: 2025-10-21_01-03-46__full_current_193
. }

. 
. 
. local stub_toggle                                       "`selected_data_stub'" 

. 
. local table_name                                        "`2'"

. 
. local savings                                           "`3'"

. 
. local with_international                        "`4'"

. 
. local export_excel_toggle                       yes

. 
. local output_path ${output_tab}/tables_appendix

. 
. if "`2'" == "Table2_scc193_main" {
.         local output_path ${output_tab}/tables_main
. }

. 
. 
. *****************************************************
. * 1. Reshape Datasets and Merge with Policy Details *
. *****************************************************
. use "${code_files}/4_results/`stub_toggle'/compiled_results_all_uncorrected_vJK", clear

. 
. missings dropvars, force

Checking missings in program component_type component_value l_component u_component component_sd component_over_prog_cost assumptions
    correlation replications:
9800 observations with missing values

note: l_component u_component component_sd dropped

. drop component_over_prog_cost 

. cap drop perc_switch

. ren component_value cv

. cap drop assumptions component_sd

.         
. replace cv = cv
(0 real changes made)

. cap drop l_component u_component

.         
. reshape wide cv, i(program) j(component_type) string
(j = MVPF MVPF_no_cc WTP WTP_RoW WTP_USFut WTP_USPres WTP_USTotal WTP_cc admin_cost beh_fisc_ext c_savings cost cost_curve cost_mvpf cost_w
> tp env_cost_wtp env_cost_wtp_g env_cost_wtp_l enviro_mvpf enviro_wtp epsilon ev_sub_c ev_sub_c_row ev_sub_c_us ev_sub_cost ev_sub_env fed
> _fisc_ext firm_cost_wtp firm_mvpf fisc_ext_lr fisc_ext_s fisc_ext_t fiscalext gas_corp_fisc_e gas_fisc_ext gov_carbon infmarg marginal p_
> spend pass_through permitrev permitrev_ex permitrev_new profits profits_fisc_e program_cost q_CO2 q_CO2_mck q_CO2_mck_no q_CO2_no q_carbo
> n_mck resource_ce resource_cost semie state_fisc_ext subsidies taxes total_cost transfer utility_fisc_ext wind_g_wf wind_l_wf wtp_abateme
> nt wtp_batt wtp_cons wtp_ctr wtp_deal wtp_e_cost wtp_glob wtp_inf wtp_install wtp_leak wtp_loc wtp_local_w_r wtp_marg wtp_no_ice wtp_no_i
> ce_g wtp_no_ice_local wtp_no_leak wtp_permits wtp_private wtp_prod wtp_prod_s wtp_prod_u wtp_r_glob wtp_r_loc wtp_soc wtp_soc_g wtp_soc_l
>  wtp_soc_l_dr wtp_soc_l_po wtp_soc_rbd wtp_soc_rbd_g wtp_soc_rbd_l wtp_yes_ev wtp_yes_ev_g wtp_yes_ev_local wtp_yes_hev)

Data                               Long   ->   Wide
-----------------------------------------------------------------------------
Number of observations            9,800   ->   100         
Number of variables                   6   ->   102         
j variable (98 values)   component_type   ->   (dropped)
xij variables:
                                     cv   ->   cvMVPF cvMVPF_no_cc ... cvwtp_yes_hev
-----------------------------------------------------------------------------

. ren cv* *

. drop WTP_RoW WTP_USFut WTP_USPres WTP_USTotal wind_g_wf wind_l_wf epsilon

. 
. preserve

.         import excel "${code_files}/policy_details_v3.xlsx", clear first
(16 vars, 100 obs)

.         tempfile policy_labels

.         save "`policy_labels.dta'", replace
(file C:\Users\bcchen\AppData\Local\Temp\ST_8eb0_000002.tmp not found)
file C:\Users\bcchen\AppData\Local\Temp\ST_8eb0_000002.tmp saved as .dta format

. restore

. 
. merge m:1 program using "`policy_labels.dta'", keep(3)

    Result                      Number of obs
    -----------------------------------------
    Not matched                             0
    Matched                               100  (_merge==3)
    -----------------------------------------

. end
command end is unrecognized
r(199);

end of do-file
r(199);

end of do-file

r(199);

. do "C:\Users\bcchen\AppData\Local\Temp\STD8eb0_000009.tmp"

. do "${github}/figtab/excel_MVPF_tables.do" "full_current_193" "Table1_scc193_main" "no" "yes"

. *****************************************************************
. *             Export Final Datasets to Excel                    *
. *****************************************************************
. 
. *****************************************************
. * 0.             Get Dataset Names                  *
. *****************************************************
. 
. local selected_data_stub                `1'

. local pattern_suffix = "`selected_data_stub'"

. di in yellow "Looking for folders ending with pattern: `pattern_suffix'"
Looking for folders ending with pattern: full_current_193

. * Find all folders in the results directory that end with the pattern
. local results_dir = "${code_files}/4_results"

. local folder_list = ""

. local folder_dates = ""

. * Get list of all subdirectories
. qui local folders : dir "`results_dir'" dirs "*"

. * Filter folders that end with our pattern and extract timestamps
. foreach folder of local folders {
  2.     if regexm("`folder'", "^([0-9]{4}-[0-9]{2}-[0-9]{2}_[0-9]{2}-[0-9]{2}-[0-9]{2})__`pattern_suffix'$") {
  3.         local timestamp = regexs(1)
  4.         local folder_list = "`folder_list' `folder'"
  5.         local folder_dates = "`folder_dates' `timestamp'"
  6.         di in green "Found matching folder: `folder' (timestamp: `timestamp')"
  7.     }
  8. }
Found matching folder: 2025-09-25_13-45-54__full_current_193 (timestamp: 2025-09-25_13-45-54)
Found matching folder: 2025-10-21_01-03-46__full_current_193 (timestamp: 2025-10-21_01-03-46)

. * If no matching folders found, display error and exit
. if "`folder_list'" == "" {
.     di as error "`pattern_suffix' folder has not been created, please run the masterfile first to create this folder"
.     exit 601
. }

. else {
.     * Find the most recent folder by comparing timestamps
.     local most_recent_folder = ""
.     local most_recent_timestamp = ""
.     local folder_count : word count `folder_list'
.     local date_count : word count `folder_dates'
.     forvalues i = 1/`folder_count' {
  2.         local current_folder : word `i' of `folder_list'
  3.         local current_timestamp : word `i' of `folder_dates'
  4.         * Convert timestamp to comparable format (remove hyphens and underscores)
.         local current_numeric = subinstr(subinstr("`current_timestamp'", "-", "", .), "_", "", .)
  5.         if "`most_recent_timestamp'" == "" {
  6.             local most_recent_folder = "`current_folder'"
  7.             local most_recent_timestamp = "`current_numeric'"
  8.         }
  9.         else {
 10.             local most_recent_numeric = subinstr(subinstr("`most_recent_timestamp'", "-", "", .), "_", "", .)
 11.             if `current_numeric' > `most_recent_numeric' {
 12.                 local most_recent_folder = "`current_folder'"
 13.                 local most_recent_timestamp = "`current_numeric'"
 14.             }
 15.         }
 16.     }
.     local selected_data_stub = "`most_recent_folder'"
.     di in green "Selected most recent folder: `selected_data_stub'"
Selected most recent folder: 2025-10-21_01-03-46__full_current_193
. }

. 
. 
. local stub_toggle                                       "`selected_data_stub'" 

. 
. local table_name                                        "`2'"

. 
. local savings                                           "`3'"

. 
. local with_international                        "`4'"

. 
. local export_excel_toggle                       yes

. 
. local output_path ${output_tab}/tables_appendix

. 
. if "`2'" == "Table2_scc193_main" {
.         local output_path ${output_tab}/tables_main
. }

. 
. 
. *****************************************************
. * 1. Reshape Datasets and Merge with Policy Details *
. *****************************************************
. use "${code_files}/4_results/`stub_toggle'/compiled_results_all_uncorrected_vJK", clear

. 
. missings dropvars, force

Checking missings in program component_type component_value l_component u_component component_sd component_over_prog_cost assumptions
    correlation replications:
9800 observations with missing values

note: l_component u_component component_sd dropped

. drop component_over_prog_cost 

. cap drop perc_switch

. ren component_value cv

. cap drop assumptions component_sd

.         
. replace cv = cv
(0 real changes made)

. cap drop l_component u_component

.         
. reshape wide cv, i(program) j(component_type) string
(j = MVPF MVPF_no_cc WTP WTP_RoW WTP_USFut WTP_USPres WTP_USTotal WTP_cc admin_cost beh_fisc_ext c_savings cost cost_curve cost_mvpf cost_w
> tp env_cost_wtp env_cost_wtp_g env_cost_wtp_l enviro_mvpf enviro_wtp epsilon ev_sub_c ev_sub_c_row ev_sub_c_us ev_sub_cost ev_sub_env fed
> _fisc_ext firm_cost_wtp firm_mvpf fisc_ext_lr fisc_ext_s fisc_ext_t fiscalext gas_corp_fisc_e gas_fisc_ext gov_carbon infmarg marginal p_
> spend pass_through permitrev permitrev_ex permitrev_new profits profits_fisc_e program_cost q_CO2 q_CO2_mck q_CO2_mck_no q_CO2_no q_carbo
> n_mck resource_ce resource_cost semie state_fisc_ext subsidies taxes total_cost transfer utility_fisc_ext wind_g_wf wind_l_wf wtp_abateme
> nt wtp_batt wtp_cons wtp_ctr wtp_deal wtp_e_cost wtp_glob wtp_inf wtp_install wtp_leak wtp_loc wtp_local_w_r wtp_marg wtp_no_ice wtp_no_i
> ce_g wtp_no_ice_local wtp_no_leak wtp_permits wtp_private wtp_prod wtp_prod_s wtp_prod_u wtp_r_glob wtp_r_loc wtp_soc wtp_soc_g wtp_soc_l
>  wtp_soc_l_dr wtp_soc_l_po wtp_soc_rbd wtp_soc_rbd_g wtp_soc_rbd_l wtp_yes_ev wtp_yes_ev_g wtp_yes_ev_local wtp_yes_hev)

Data                               Long   ->   Wide
-----------------------------------------------------------------------------
Number of observations            9,800   ->   100         
Number of variables                   6   ->   102         
j variable (98 values)   component_type   ->   (dropped)
xij variables:
                                     cv   ->   cvMVPF cvMVPF_no_cc ... cvwtp_yes_hev
-----------------------------------------------------------------------------

. ren cv* *

. drop WTP_RoW WTP_USFut WTP_USPres WTP_USTotal wind_g_wf wind_l_wf epsilon

. 
. preserve

.         import excel "${code_files}/policy_details_v3.xlsx", clear first
(16 vars, 100 obs)

.         tempfile policy_labels

.         save "`policy_labels.dta'", replace
(file C:\Users\bcchen\AppData\Local\Temp\ST_8eb0_000002.tmp not found)
file C:\Users\bcchen\AppData\Local\Temp\ST_8eb0_000002.tmp saved as .dta format

. restore

. 
. merge m:1 program using "`policy_labels.dta'", keep(3)

    Result                      Number of obs
    -----------------------------------------
    Not matched                             0
    Matched                               100  (_merge==3)
    -----------------------------------------

. tab extended, missing

   extended |      Freq.     Percent        Cum.
------------+-----------------------------------
          1 |         24       24.00       24.00
          . |         76       76.00      100.00
------------+-----------------------------------
      Total |        100      100.00

. end
command end is unrecognized
r(199);

end of do-file
r(199);

end of do-file

r(199);

. do "C:\Users\bcchen\AppData\Local\Temp\STD8eb0_00000a.tmp"

. do "${github}/figtab/excel_MVPF_tables.do" "full_current_193" "Table1_scc193_main" "no" "yes"

. *****************************************************************
. *             Export Final Datasets to Excel                    *
. *****************************************************************
. 
. *****************************************************
. * 0.             Get Dataset Names                  *
. *****************************************************
. 
. local selected_data_stub                `1'

. local pattern_suffix = "`selected_data_stub'"

. di in yellow "Looking for folders ending with pattern: `pattern_suffix'"
Looking for folders ending with pattern: full_current_193

. * Find all folders in the results directory that end with the pattern
. local results_dir = "${code_files}/4_results"

. local folder_list = ""

. local folder_dates = ""

. * Get list of all subdirectories
. qui local folders : dir "`results_dir'" dirs "*"

. * Filter folders that end with our pattern and extract timestamps
. foreach folder of local folders {
  2.     if regexm("`folder'", "^([0-9]{4}-[0-9]{2}-[0-9]{2}_[0-9]{2}-[0-9]{2}-[0-9]{2})__`pattern_suffix'$") {
  3.         local timestamp = regexs(1)
  4.         local folder_list = "`folder_list' `folder'"
  5.         local folder_dates = "`folder_dates' `timestamp'"
  6.         di in green "Found matching folder: `folder' (timestamp: `timestamp')"
  7.     }
  8. }
Found matching folder: 2025-09-25_13-45-54__full_current_193 (timestamp: 2025-09-25_13-45-54)
Found matching folder: 2025-10-21_01-03-46__full_current_193 (timestamp: 2025-10-21_01-03-46)

. * If no matching folders found, display error and exit
. if "`folder_list'" == "" {
.     di as error "`pattern_suffix' folder has not been created, please run the masterfile first to create this folder"
.     exit 601
. }

. else {
.     * Find the most recent folder by comparing timestamps
.     local most_recent_folder = ""
.     local most_recent_timestamp = ""
.     local folder_count : word count `folder_list'
.     local date_count : word count `folder_dates'
.     forvalues i = 1/`folder_count' {
  2.         local current_folder : word `i' of `folder_list'
  3.         local current_timestamp : word `i' of `folder_dates'
  4.         * Convert timestamp to comparable format (remove hyphens and underscores)
.         local current_numeric = subinstr(subinstr("`current_timestamp'", "-", "", .), "_", "", .)
  5.         if "`most_recent_timestamp'" == "" {
  6.             local most_recent_folder = "`current_folder'"
  7.             local most_recent_timestamp = "`current_numeric'"
  8.         }
  9.         else {
 10.             local most_recent_numeric = subinstr(subinstr("`most_recent_timestamp'", "-", "", .), "_", "", .)
 11.             if `current_numeric' > `most_recent_numeric' {
 12.                 local most_recent_folder = "`current_folder'"
 13.                 local most_recent_timestamp = "`current_numeric'"
 14.             }
 15.         }
 16.     }
.     local selected_data_stub = "`most_recent_folder'"
.     di in green "Selected most recent folder: `selected_data_stub'"
Selected most recent folder: 2025-10-21_01-03-46__full_current_193
. }

. 
. 
. local stub_toggle                                       "`selected_data_stub'" 

. 
. local table_name                                        "`2'"

. 
. local savings                                           "`3'"

. 
. local with_international                        "`4'"

. 
. local export_excel_toggle                       yes

. 
. local output_path ${output_tab}/tables_appendix

. 
. if "`2'" == "Table2_scc193_main" {
.         local output_path ${output_tab}/tables_main
. }

. 
. 
. *****************************************************
. * 1. Reshape Datasets and Merge with Policy Details *
. *****************************************************
. use "${code_files}/4_results/`stub_toggle'/compiled_results_all_uncorrected_vJK", clear

. 
. missings dropvars, force

Checking missings in program component_type component_value l_component u_component component_sd component_over_prog_cost assumptions
    correlation replications:
9800 observations with missing values

note: l_component u_component component_sd dropped

. drop component_over_prog_cost 

. cap drop perc_switch

. ren component_value cv

. cap drop assumptions component_sd

.         
. replace cv = cv
(0 real changes made)

. cap drop l_component u_component

.         
. reshape wide cv, i(program) j(component_type) string
(j = MVPF MVPF_no_cc WTP WTP_RoW WTP_USFut WTP_USPres WTP_USTotal WTP_cc admin_cost beh_fisc_ext c_savings cost cost_curve cost_mvpf cost_w
> tp env_cost_wtp env_cost_wtp_g env_cost_wtp_l enviro_mvpf enviro_wtp epsilon ev_sub_c ev_sub_c_row ev_sub_c_us ev_sub_cost ev_sub_env fed
> _fisc_ext firm_cost_wtp firm_mvpf fisc_ext_lr fisc_ext_s fisc_ext_t fiscalext gas_corp_fisc_e gas_fisc_ext gov_carbon infmarg marginal p_
> spend pass_through permitrev permitrev_ex permitrev_new profits profits_fisc_e program_cost q_CO2 q_CO2_mck q_CO2_mck_no q_CO2_no q_carbo
> n_mck resource_ce resource_cost semie state_fisc_ext subsidies taxes total_cost transfer utility_fisc_ext wind_g_wf wind_l_wf wtp_abateme
> nt wtp_batt wtp_cons wtp_ctr wtp_deal wtp_e_cost wtp_glob wtp_inf wtp_install wtp_leak wtp_loc wtp_local_w_r wtp_marg wtp_no_ice wtp_no_i
> ce_g wtp_no_ice_local wtp_no_leak wtp_permits wtp_private wtp_prod wtp_prod_s wtp_prod_u wtp_r_glob wtp_r_loc wtp_soc wtp_soc_g wtp_soc_l
>  wtp_soc_l_dr wtp_soc_l_po wtp_soc_rbd wtp_soc_rbd_g wtp_soc_rbd_l wtp_yes_ev wtp_yes_ev_g wtp_yes_ev_local wtp_yes_hev)

Data                               Long   ->   Wide
-----------------------------------------------------------------------------
Number of observations            9,800   ->   100         
Number of variables                   6   ->   102         
j variable (98 values)   component_type   ->   (dropped)
xij variables:
                                     cv   ->   cvMVPF cvMVPF_no_cc ... cvwtp_yes_hev
-----------------------------------------------------------------------------

. ren cv* *

. drop WTP_RoW WTP_USFut WTP_USPres WTP_USTotal wind_g_wf wind_l_wf epsilon

. 
. preserve

.         import excel "${code_files}/policy_details_v3.xlsx", clear first
(16 vars, 100 obs)

.         tempfile policy_labels

.         save "`policy_labels.dta'", replace
(file C:\Users\bcchen\AppData\Local\Temp\ST_8eb0_000002.tmp not found)
file C:\Users\bcchen\AppData\Local\Temp\ST_8eb0_000002.tmp saved as .dta format

. restore

. 
. merge m:1 program using "`policy_labels.dta'", keep(3)

    Result                      Number of obs
    -----------------------------------------
    Not matched                             0
    Matched                               100  (_merge==3)
    -----------------------------------------

. drop if program == "cafe_dk"
(1 observation deleted)

. drop if broad_category == "Regulation"
(3 observations deleted)

. describe extended

Variable      Storage   Display    Value
    name         type    format    label      Variable label
-------------------------------------------------------------------------------------------------------------------------------------------
extended        byte    %10.0g                extended

. drop if extended == 1
(24 observations deleted)

. assert _N == 72

. 
. missings dropvars, force

Checking missings in program MVPF MVPF_no_cc WTP WTP_cc admin_cost beh_fisc_ext c_savings cost cost_curve cost_mvpf cost_wtp env_cost_wtp
    env_cost_wtp_g env_cost_wtp_l enviro_mvpf enviro_wtp ev_sub_c ev_sub_c_row ev_sub_c_us ev_sub_cost ev_sub_env fed_fisc_ext
    firm_cost_wtp firm_mvpf fisc_ext_lr fisc_ext_s fisc_ext_t fiscalext gas_corp_fisc_e gas_fisc_ext gov_carbon infmarg marginal p_spend
    pass_through permitrev permitrev_ex permitrev_new profits profits_fisc_e program_cost q_CO2 q_CO2_mck q_CO2_mck_no q_CO2_no
    q_carbon_mck resource_ce resource_cost semie state_fisc_ext subsidies taxes total_cost transfer utility_fisc_ext wtp_abatement wtp_batt
    wtp_cons wtp_ctr wtp_deal wtp_e_cost wtp_glob wtp_inf wtp_install wtp_leak wtp_loc wtp_local_w_r wtp_marg wtp_no_ice wtp_no_ice_g
    wtp_no_ice_local wtp_no_leak wtp_permits wtp_private wtp_prod wtp_prod_s wtp_prod_u wtp_r_glob wtp_r_loc wtp_soc wtp_soc_g wtp_soc_l
    wtp_soc_l_dr wtp_soc_l_po wtp_soc_rbd wtp_soc_rbd_g wtp_soc_rbd_l wtp_yes_ev wtp_yes_ev_g wtp_yes_ev_local wtp_yes_hev assumptions
    correlation replications program_label_long program_label_short source year_in_context location broad_category group_label panel_number
    across_group_ordering in_group_ordering extended international regulation table_order no_SE _merge:
72 observations with missing values

note: ev_sub_c ev_sub_c_row ev_sub_c_us ev_sub_cost ev_sub_env fiscalext infmarg marginal permitrev permitrev_ex permitrev_new extended
regulation dropped

. drop _merge program_label_long

. drop correlation replications

. mvencode _all, mv(0) override
  MVPF_no_cc: 51 missing values recoded
      WTP_cc: 58 missing values recoded
  admin_cost: 69 missing values recoded
beh_fisc_ext: 66 missing values recoded
   c_savings: 36 missing values recoded
  cost_curve: 71 missing values recoded
   cost_mvpf: 58 missing values recoded
    cost_wtp: 45 missing values recoded
env_cost_wtp: 45 missing values recoded
env_cost_w~g: 58 missing values recoded
env_cost_w~l: 58 missing values recoded
 enviro_mvpf: 58 missing values recoded
  enviro_wtp: 71 missing values recoded
fed_fisc_ext: 67 missing values recoded
firm_cost_~p: 67 missing values recoded
   firm_mvpf: 67 missing values recoded
  fisc_ext_s: 12 missing values recoded
  fisc_ext_t: 7 missing values recoded
gas_corp_f~e: 66 missing values recoded
gas_fisc_ext: 66 missing values recoded
  gov_carbon: 13 missing values recoded
     p_spend: 17 missing values recoded
pass_through: 66 missing values recoded
     profits: 71 missing values recoded
profits_fi~e: 69 missing values recoded
       q_CO2: 5 missing values recoded
   q_CO2_mck: 47 missing values recoded
q_CO2_mck_no: 57 missing values recoded
    q_CO2_no: 57 missing values recoded
q_carbon_mck: 13 missing values recoded
 resource_ce: 13 missing values recoded
resource_c~t: 59 missing values recoded
       semie: 37 missing values recoded
state_fisc~t: 68 missing values recoded
   subsidies: 71 missing values recoded
       taxes: 71 missing values recoded
  total_cost: 22 missing values recoded
    transfer: 71 missing values recoded
utility_fi~t: 69 missing values recoded
wtp_abatem~t: 70 missing values recoded
    wtp_batt: 71 missing values recoded
    wtp_cons: 22 missing values recoded
     wtp_ctr: 70 missing values recoded
    wtp_deal: 69 missing values recoded
  wtp_e_cost: 63 missing values recoded
    wtp_glob: 15 missing values recoded
     wtp_inf: 38 missing values recoded
 wtp_install: 67 missing values recoded
    wtp_leak: 70 missing values recoded
     wtp_loc: 16 missing values recoded
wtp_local_~r: 71 missing values recoded
    wtp_marg: 38 missing values recoded
  wtp_no_ice: 66 missing values recoded
wtp_no_ice_g: 66 missing values recoded
wtp_no_ice~l: 66 missing values recoded
 wtp_no_leak: 70 missing values recoded
 wtp_permits: 70 missing values recoded
 wtp_private: 62 missing values recoded
    wtp_prod: 20 missing values recoded
  wtp_prod_s: 49 missing values recoded
  wtp_prod_u: 56 missing values recoded
  wtp_r_glob: 28 missing values recoded
   wtp_r_loc: 29 missing values recoded
     wtp_soc: 13 missing values recoded
   wtp_soc_g: 57 missing values recoded
   wtp_soc_l: 57 missing values recoded
wtp_soc_l_dr: 60 missing values recoded
wtp_soc_l_po: 60 missing values recoded
 wtp_soc_rbd: 55 missing values recoded
wtp_soc_rb~g: 69 missing values recoded
wtp_soc_rb~l: 69 missing values recoded
  wtp_yes_ev: 69 missing values recoded
wtp_yes_ev_g: 69 missing values recoded
wtp_yes_ev~l: 69 missing values recoded
 wtp_yes_hev: 69 missing values recoded
internatio~l: 61 missing values recoded
       no_SE: 60 missing values recoded

. order program_cost, after(WTP)

. 
. ***********************************************
. * 2. Check that Each Component Sums Correctly *
. ***********************************************
. 
. **** Transfer
. cap gen wtp_install = 0

. cap drop transfer

. gen transfer = wtp_cons + wtp_deal + wtp_install

. drop wtp_cons wtp_deal wtp_install

. replace transfer = wtp_inf + wtp_marg if (inlist(group_label, "Weatherization", "Appliance Rebates", "Other Nudges", "Vehicle Retirement"
> ) & ///
>                                                                                  program != "care" & program != "solarize" & program != "
> her_compiled" & program != "cw_datta" & program != "dw_datta" & ///
>                                                                                  program != "fridge_datta" & program != "wisc_rf") | inli
> st(program, "ca_electric", "cookstoves", "mx_deforest", "ug_deforest")
(18 real changes made)

. replace transfer = wtp_inf + wtp_marg + wtp_ctr if inlist(program, "ihwap_hb", "ihwap_lb")
(2 real changes made)

. drop wtp_inf wtp_marg wtp_private

. cap gen wtp_abatement = 0

. cap gen wtp_permits = 0

. replace transfer = wtp_abatement + wtp_permits if group_label == "Cap and Trade"
(2 real changes made)

. drop wtp_abatement wtp_permits

. replace transfer = wtp_prod if group_label == "Wind Production Credits" | inlist(program, "rao_crude", "bmm_crude", "india_offset")
(4 real changes made)

. replace transfer = 1 if program == "sallee_hy"
(0 real changes made)

. 
. **** Global and Local Enviro
. assert round(wtp_no_ice, 0.0001) == round(wtp_no_ice_g + wtp_no_ice_local, 0.0001)

. assert round(wtp_yes_ev, 0.0001) == round(wtp_yes_ev_local + wtp_yes_ev_g, 0.0001) if group_label == "Electric Vehicles"

. assert round(wtp_loc, 0.0001) == round(wtp_yes_ev_local + wtp_no_ice_local, 0.0001) if group_label == "Electric Vehicles"

. 
. drop wtp_no_ice_g wtp_no_ice_local wtp_yes_ev_g wtp_yes_ev_local

. 
. assert round(wtp_soc, 0.0001) == round(wtp_glob + wtp_loc, 0.0001) if group_label == "Electric Vehicles"

. assert round(wtp_soc, 0.0001) == round(wtp_glob + wtp_loc, 0.0001) if group_label == "Hybrid Vehicles"

. replace wtp_glob = wtp_glob + wtp_e_cost if group_label == "Residential Solar"| program == "solarize"
(6 real changes made)

. replace wtp_glob = (wtp_glob + wtp_e_cost) - wtp_r_glob if group_label == "Wind Production Credits"
(3 real changes made)

. replace wtp_glob = wtp_soc_g if inlist(group_label, "Gasoline Taxes", "Cap and Trade") | inlist(program, "cookstoves", "bmm_crude", "bunk
> er_fuel", "ethanol", "rao_crude")
(15 real changes made)

. replace wtp_loc = wtp_soc_l if inlist(group_label, "Gasoline Taxes", "Cap and Trade") | inlist(program, "cookstoves", "bmm_crude", "bunke
> r_fuel", "ethanol", "rao_crude")
(14 real changes made)

. replace wtp_loc = 0 if wtp_loc == -1.00e-35
(0 real changes made)

. replace wtp_loc = wtp_loc - wtp_r_loc if group_label == "Wind Production Credits"
(3 real changes made)

. 
. cap gen wtp_leak = 0

. cap gen wtp_no_leak = 0

. drop wtp_yes_ev wtp_yes_hev wtp_no_ice wtp_soc wtp_e_cost wtp_soc_g wtp_soc_l wtp_leak wtp_no_leak 

. 
. **** Rebound
. replace wtp_soc_rbd = 0 if wtp_soc_rbd == 1.00e-11
(1 real change made)

. replace wtp_soc_rbd_l = 0 if wtp_soc_rbd_l == 1.00e-20 | program == "rggi"
(0 real changes made)

. replace wtp_soc_rbd_g = 0 if wtp_soc_rbd_g == 1.00e-20 | program == "rggi"
(0 real changes made)

. assert round(wtp_soc_rbd, 0.0001) == round(wtp_soc_rbd_g + wtp_soc_rbd_l, 0.0001) if wtp_soc_rbd_g != 0 & wtp_soc_rbd_l != 0

. replace wtp_r_loc = wtp_soc_rbd_l if wtp_soc_rbd_l != 0 & wtp_r_loc == 0
(3 real changes made)

. replace wtp_r_glob = wtp_soc_rbd_g if wtp_soc_rbd_g != 0  & wtp_r_glob == 0
(3 real changes made)

. drop wtp_soc_rbd_l wtp_soc_rbd_g

. replace wtp_soc_rbd = wtp_r_glob + wtp_r_loc if wtp_soc_rbd == 0 & wtp_r_glob != 0 & wtp_r_loc != 0
(23 real changes made)

. replace wtp_soc_rbd = wtp_r_glob if inlist(program, "care", "opower_ng", "rebate_es", "es_incent", "ac_mex", "fridge_mex", "nudge_ger", "
> nudge_qatar", "wap_mexico") | inlist(program, "india_offset")
(7 real changes made)

. replace wtp_soc_rbd = -wtp_soc_rbd if program == "wisc_rf"
(1 real change made)

. 
. 
. **** Dynamic Price and Dynamic Enviro
. replace env_cost_wtp = 0 if env_cost_wtp == -1.00e-17
(0 real changes made)

. replace cost_wtp = 0 if cost_wtp == -1.00e-17
(0 real changes made)

. 
. assert round(env_cost_wtp, 0.0001) == round(env_cost_wtp_g + env_cost_wtp_l, 0.0001) if env_cost_wtp_l != 0 & env_cost_wtp_g != 0 & group
> _label != "Gasoline Tax"

. 
. drop cost_mvpf enviro_mvpf firm_mvpf

. 
. **** Producers
. gen producers = firm_cost_wtp + wtp_prod_s + wtp_prod_u

. replace producers = wtp_prod if inlist(group_label, "Residential Solar", "Appliance Rebates", "Weatherization", "Other Nudges", "Home Ene
> rgy Reports") | program == "care" | program == "ca_electric"
(30 real changes made)

. replace producers = wtp_prod if inlist(program, "jet_fuel", "CPP_aj", "CPP_pj", "PER", "baaqmd", "ca_electric")
(2 real changes made)

. replace producers = -wtp_prod if program == "wisc_rf"
(1 real change made)

. drop wtp_prod_s wtp_prod_u wtp_prod

. 
. **** Fiscal Externalities
. replace fisc_ext_s = beh_fisc_ext + fed_fisc_ext + state_fisc_ext if group_label == "Electric Vehicles" | group_label == "Hybrid Vehicles
> "
(3 real changes made)

. replace fisc_ext_t = gas_corp_fisc_e + gas_fisc_ext + utility_fisc_ext if group_label == "Electric Vehicles" | group_label == "Hybrid Veh
> icles"
(6 real changes made)

. 
. gen fisc_ext_sr = fisc_ext_s + fisc_ext_t

. drop fisc_ext_s fisc_ext_t

. 
. drop beh_fisc_ext fed_fisc_ext state_fisc_ext gas_corp_fisc_e gas_fisc_ext utility_fisc_ext

. 
. **** Total WTP
. gen WTP_no_cc = WTP

. replace WTP = WTP_cc if WTP_cc != 0
(14 real changes made)

. 
. **** Total Cost
. assert total_cost == cost if total_cost != 0

. drop total_cost

. 
. 
. **** Normalization Factor
. gen normalization = program_cost // for normalizing all the factors such that program_cost (without admin cost) is 1

. gen prog_cost_no_normal = program_cost

. 
. local components transfer wtp_loc wtp_glob wtp_soc_rbd env_cost_wtp cost_wtp producers WTP program_cost fisc_ext_sr fisc_ext_lr cost wtp_
> r_loc wtp_r_glob WTP_no_cc WTP_cc env_cost_wtp_g c_savings

. foreach comp of local components{
  2.     replace `comp' = `comp' / normalization
  3. }
(42 real changes made)
(34 real changes made)
(49 real changes made)
(36 real changes made)
(8 real changes made)
(8 real changes made)
(32 real changes made)
(49 real changes made)
(49 real changes made)
(38 real changes made)
(49 real changes made)
(49 real changes made)
(28 real changes made)
(36 real changes made)
(49 real changes made)
(8 real changes made)
(8 real changes made)
(3 real changes made)

. 
. 
. if "`savings'" == "yes"{
.     assert round(WTP, 0.001) == round(transfer + c_savings + wtp_loc + wtp_glob + wtp_soc_rbd + env_cost_wtp + cost_wtp + producers, 0.00
> 1)
. }

. else{
.     assert round(WTP, 0.001) == round(transfer + wtp_loc + wtp_glob + wtp_soc_rbd + env_cost_wtp + cost_wtp + producers, 0.001)
. }

. 
. assert round(cost, 0.001) == round(program_cost + fisc_ext_sr + fisc_ext_lr, 0.001) if program != "bev_state_i" // see if this is fixed a
> fter the latest big run

. assert round(MVPF, 0.001) == round(WTP / cost, 0.001) if (MVPF != 99999 & MVPF != -99999)

. 
. 
. *********************************
. * 3. Calculate Category Average *
. *********************************
. preserve

. 
.         tempfile all_policy_save

.         save "`all_policy_save'", replace
(file C:\Users\bcchen\AppData\Local\Temp\ST_8eb0_000004.tmp not found)
file C:\Users\bcchen\AppData\Local\Temp\ST_8eb0_000004.tmp saved as .dta format

.         
.         drop if extended == 1 & group_label != "International Nudges"
extended not found
r(111);

end of do-file
r(111);

end of do-file

r(111);

. do "C:\Users\bcchen\AppData\Local\Temp\STD8eb0_00000b.tmp"

. do "${github}/figtab/excel_MVPF_tables.do" "full_current_193" "Table1_scc193_main" "no" "yes"

. *****************************************************************
. *             Export Final Datasets to Excel                    *
. *****************************************************************
. 
. *****************************************************
. * 0.             Get Dataset Names                  *
. *****************************************************
. 
. local selected_data_stub                `1'

. local pattern_suffix = "`selected_data_stub'"

. di in yellow "Looking for folders ending with pattern: `pattern_suffix'"
Looking for folders ending with pattern: full_current_193

. * Find all folders in the results directory that end with the pattern
. local results_dir = "${code_files}/4_results"

. local folder_list = ""

. local folder_dates = ""

. * Get list of all subdirectories
. qui local folders : dir "`results_dir'" dirs "*"

. * Filter folders that end with our pattern and extract timestamps
. foreach folder of local folders {
  2.     if regexm("`folder'", "^([0-9]{4}-[0-9]{2}-[0-9]{2}_[0-9]{2}-[0-9]{2}-[0-9]{2})__`pattern_suffix'$") {
  3.         local timestamp = regexs(1)
  4.         local folder_list = "`folder_list' `folder'"
  5.         local folder_dates = "`folder_dates' `timestamp'"
  6.         di in green "Found matching folder: `folder' (timestamp: `timestamp')"
  7.     }
  8. }
Found matching folder: 2025-09-25_13-45-54__full_current_193 (timestamp: 2025-09-25_13-45-54)
Found matching folder: 2025-10-21_01-03-46__full_current_193 (timestamp: 2025-10-21_01-03-46)

. * If no matching folders found, display error and exit
. if "`folder_list'" == "" {
.     di as error "`pattern_suffix' folder has not been created, please run the masterfile first to create this folder"
.     exit 601
. }

. else {
.     * Find the most recent folder by comparing timestamps
.     local most_recent_folder = ""
.     local most_recent_timestamp = ""
.     local folder_count : word count `folder_list'
.     local date_count : word count `folder_dates'
.     forvalues i = 1/`folder_count' {
  2.         local current_folder : word `i' of `folder_list'
  3.         local current_timestamp : word `i' of `folder_dates'
  4.         * Convert timestamp to comparable format (remove hyphens and underscores)
.         local current_numeric = subinstr(subinstr("`current_timestamp'", "-", "", .), "_", "", .)
  5.         if "`most_recent_timestamp'" == "" {
  6.             local most_recent_folder = "`current_folder'"
  7.             local most_recent_timestamp = "`current_numeric'"
  8.         }
  9.         else {
 10.             local most_recent_numeric = subinstr(subinstr("`most_recent_timestamp'", "-", "", .), "_", "", .)
 11.             if `current_numeric' > `most_recent_numeric' {
 12.                 local most_recent_folder = "`current_folder'"
 13.                 local most_recent_timestamp = "`current_numeric'"
 14.             }
 15.         }
 16.     }
.     local selected_data_stub = "`most_recent_folder'"
.     di in green "Selected most recent folder: `selected_data_stub'"
Selected most recent folder: 2025-10-21_01-03-46__full_current_193
. }

. 
. 
. local stub_toggle                                       "`selected_data_stub'" 

. 
. local table_name                                        "`2'"

. 
. local savings                                           "`3'"

. 
. local with_international                        "`4'"

. 
. local export_excel_toggle                       yes

. 
. local output_path ${output_tab}/tables_appendix

. 
. if "`2'" == "Table2_scc193_main" {
.         local output_path ${output_tab}/tables_main
. }

. 
. 
. *****************************************************
. * 1. Reshape Datasets and Merge with Policy Details *
. *****************************************************
. use "${code_files}/4_results/`stub_toggle'/compiled_results_all_uncorrected_vJK", clear

. 
. missings dropvars, force

Checking missings in program component_type component_value l_component u_component component_sd component_over_prog_cost assumptions
    correlation replications:
9800 observations with missing values

note: l_component u_component component_sd dropped

. drop component_over_prog_cost 

. cap drop perc_switch

. ren component_value cv

. cap drop assumptions component_sd

.         
. replace cv = cv
(0 real changes made)

. cap drop l_component u_component

.         
. reshape wide cv, i(program) j(component_type) string
(j = MVPF MVPF_no_cc WTP WTP_RoW WTP_USFut WTP_USPres WTP_USTotal WTP_cc admin_cost beh_fisc_ext c_savings cost cost_curve cost_mvpf cost_w
> tp env_cost_wtp env_cost_wtp_g env_cost_wtp_l enviro_mvpf enviro_wtp epsilon ev_sub_c ev_sub_c_row ev_sub_c_us ev_sub_cost ev_sub_env fed
> _fisc_ext firm_cost_wtp firm_mvpf fisc_ext_lr fisc_ext_s fisc_ext_t fiscalext gas_corp_fisc_e gas_fisc_ext gov_carbon infmarg marginal p_
> spend pass_through permitrev permitrev_ex permitrev_new profits profits_fisc_e program_cost q_CO2 q_CO2_mck q_CO2_mck_no q_CO2_no q_carbo
> n_mck resource_ce resource_cost semie state_fisc_ext subsidies taxes total_cost transfer utility_fisc_ext wind_g_wf wind_l_wf wtp_abateme
> nt wtp_batt wtp_cons wtp_ctr wtp_deal wtp_e_cost wtp_glob wtp_inf wtp_install wtp_leak wtp_loc wtp_local_w_r wtp_marg wtp_no_ice wtp_no_i
> ce_g wtp_no_ice_local wtp_no_leak wtp_permits wtp_private wtp_prod wtp_prod_s wtp_prod_u wtp_r_glob wtp_r_loc wtp_soc wtp_soc_g wtp_soc_l
>  wtp_soc_l_dr wtp_soc_l_po wtp_soc_rbd wtp_soc_rbd_g wtp_soc_rbd_l wtp_yes_ev wtp_yes_ev_g wtp_yes_ev_local wtp_yes_hev)

Data                               Long   ->   Wide
-----------------------------------------------------------------------------
Number of observations            9,800   ->   100         
Number of variables                   6   ->   102         
j variable (98 values)   component_type   ->   (dropped)
xij variables:
                                     cv   ->   cvMVPF cvMVPF_no_cc ... cvwtp_yes_hev
-----------------------------------------------------------------------------

. ren cv* *

. drop WTP_RoW WTP_USFut WTP_USPres WTP_USTotal wind_g_wf wind_l_wf epsilon

. 
. preserve

.         import excel "${code_files}/policy_details_v3.xlsx", clear first
(16 vars, 100 obs)

.         tempfile policy_labels

.         save "`policy_labels.dta'", replace
(file C:\Users\bcchen\AppData\Local\Temp\ST_8eb0_000002.tmp not found)
file C:\Users\bcchen\AppData\Local\Temp\ST_8eb0_000002.tmp saved as .dta format

. restore

. 
. merge m:1 program using "`policy_labels.dta'", keep(3)

    Result                      Number of obs
    -----------------------------------------
    Not matched                             0
    Matched                               100  (_merge==3)
    -----------------------------------------

. drop if program == "cafe_dk"
(1 observation deleted)

. drop if broad_category == "Regulation"
(3 observations deleted)

. drop if extended == 1
(24 observations deleted)

. assert _N == 72

. 
. missings dropvars, force

Checking missings in program MVPF MVPF_no_cc WTP WTP_cc admin_cost beh_fisc_ext c_savings cost cost_curve cost_mvpf cost_wtp env_cost_wtp
    env_cost_wtp_g env_cost_wtp_l enviro_mvpf enviro_wtp ev_sub_c ev_sub_c_row ev_sub_c_us ev_sub_cost ev_sub_env fed_fisc_ext
    firm_cost_wtp firm_mvpf fisc_ext_lr fisc_ext_s fisc_ext_t fiscalext gas_corp_fisc_e gas_fisc_ext gov_carbon infmarg marginal p_spend
    pass_through permitrev permitrev_ex permitrev_new profits profits_fisc_e program_cost q_CO2 q_CO2_mck q_CO2_mck_no q_CO2_no
    q_carbon_mck resource_ce resource_cost semie state_fisc_ext subsidies taxes total_cost transfer utility_fisc_ext wtp_abatement wtp_batt
    wtp_cons wtp_ctr wtp_deal wtp_e_cost wtp_glob wtp_inf wtp_install wtp_leak wtp_loc wtp_local_w_r wtp_marg wtp_no_ice wtp_no_ice_g
    wtp_no_ice_local wtp_no_leak wtp_permits wtp_private wtp_prod wtp_prod_s wtp_prod_u wtp_r_glob wtp_r_loc wtp_soc wtp_soc_g wtp_soc_l
    wtp_soc_l_dr wtp_soc_l_po wtp_soc_rbd wtp_soc_rbd_g wtp_soc_rbd_l wtp_yes_ev wtp_yes_ev_g wtp_yes_ev_local wtp_yes_hev assumptions
    correlation replications program_label_long program_label_short source year_in_context location broad_category group_label panel_number
    across_group_ordering in_group_ordering extended international regulation table_order no_SE _merge:
72 observations with missing values

note: ev_sub_c ev_sub_c_row ev_sub_c_us ev_sub_cost ev_sub_env fiscalext infmarg marginal permitrev permitrev_ex permitrev_new extended
regulation dropped

. drop _merge program_label_long

. drop correlation replications

. mvencode _all, mv(0) override
  MVPF_no_cc: 51 missing values recoded
      WTP_cc: 58 missing values recoded
  admin_cost: 69 missing values recoded
beh_fisc_ext: 66 missing values recoded
   c_savings: 36 missing values recoded
  cost_curve: 71 missing values recoded
   cost_mvpf: 58 missing values recoded
    cost_wtp: 45 missing values recoded
env_cost_wtp: 45 missing values recoded
env_cost_w~g: 58 missing values recoded
env_cost_w~l: 58 missing values recoded
 enviro_mvpf: 58 missing values recoded
  enviro_wtp: 71 missing values recoded
fed_fisc_ext: 67 missing values recoded
firm_cost_~p: 67 missing values recoded
   firm_mvpf: 67 missing values recoded
  fisc_ext_s: 12 missing values recoded
  fisc_ext_t: 7 missing values recoded
gas_corp_f~e: 66 missing values recoded
gas_fisc_ext: 66 missing values recoded
  gov_carbon: 13 missing values recoded
     p_spend: 17 missing values recoded
pass_through: 66 missing values recoded
     profits: 71 missing values recoded
profits_fi~e: 69 missing values recoded
       q_CO2: 5 missing values recoded
   q_CO2_mck: 47 missing values recoded
q_CO2_mck_no: 57 missing values recoded
    q_CO2_no: 57 missing values recoded
q_carbon_mck: 13 missing values recoded
 resource_ce: 13 missing values recoded
resource_c~t: 59 missing values recoded
       semie: 37 missing values recoded
state_fisc~t: 68 missing values recoded
   subsidies: 71 missing values recoded
       taxes: 71 missing values recoded
  total_cost: 22 missing values recoded
    transfer: 71 missing values recoded
utility_fi~t: 69 missing values recoded
wtp_abatem~t: 70 missing values recoded
    wtp_batt: 71 missing values recoded
    wtp_cons: 22 missing values recoded
     wtp_ctr: 70 missing values recoded
    wtp_deal: 69 missing values recoded
  wtp_e_cost: 63 missing values recoded
    wtp_glob: 15 missing values recoded
     wtp_inf: 38 missing values recoded
 wtp_install: 67 missing values recoded
    wtp_leak: 70 missing values recoded
     wtp_loc: 16 missing values recoded
wtp_local_~r: 71 missing values recoded
    wtp_marg: 38 missing values recoded
  wtp_no_ice: 66 missing values recoded
wtp_no_ice_g: 66 missing values recoded
wtp_no_ice~l: 66 missing values recoded
 wtp_no_leak: 70 missing values recoded
 wtp_permits: 70 missing values recoded
 wtp_private: 62 missing values recoded
    wtp_prod: 20 missing values recoded
  wtp_prod_s: 49 missing values recoded
  wtp_prod_u: 56 missing values recoded
  wtp_r_glob: 28 missing values recoded
   wtp_r_loc: 29 missing values recoded
     wtp_soc: 13 missing values recoded
   wtp_soc_g: 57 missing values recoded
   wtp_soc_l: 57 missing values recoded
wtp_soc_l_dr: 60 missing values recoded
wtp_soc_l_po: 60 missing values recoded
 wtp_soc_rbd: 55 missing values recoded
wtp_soc_rb~g: 69 missing values recoded
wtp_soc_rb~l: 69 missing values recoded
  wtp_yes_ev: 69 missing values recoded
wtp_yes_ev_g: 69 missing values recoded
wtp_yes_ev~l: 69 missing values recoded
 wtp_yes_hev: 69 missing values recoded
internatio~l: 61 missing values recoded
       no_SE: 60 missing values recoded

. order program_cost, after(WTP)

. 
. end
command end is unrecognized
r(199);

end of do-file
r(199);

end of do-file

r(199);

. do "C:\Users\bcchen\AppData\Local\Temp\STD8eb0_00000c.tmp"

. do "${github}/figtab/excel_MVPF_tables.do" "full_current_193" "Table1_scc193_main" "no" "yes"

. *****************************************************************
. *             Export Final Datasets to Excel                    *
. *****************************************************************
. 
. *****************************************************
. * 0.             Get Dataset Names                  *
. *****************************************************
. 
. local selected_data_stub                `1'

. local pattern_suffix = "`selected_data_stub'"

. di in yellow "Looking for folders ending with pattern: `pattern_suffix'"
Looking for folders ending with pattern: full_current_193

. * Find all folders in the results directory that end with the pattern
. local results_dir = "${code_files}/4_results"

. local folder_list = ""

. local folder_dates = ""

. * Get list of all subdirectories
. qui local folders : dir "`results_dir'" dirs "*"

. * Filter folders that end with our pattern and extract timestamps
. foreach folder of local folders {
  2.     if regexm("`folder'", "^([0-9]{4}-[0-9]{2}-[0-9]{2}_[0-9]{2}-[0-9]{2}-[0-9]{2})__`pattern_suffix'$") {
  3.         local timestamp = regexs(1)
  4.         local folder_list = "`folder_list' `folder'"
  5.         local folder_dates = "`folder_dates' `timestamp'"
  6.         di in green "Found matching folder: `folder' (timestamp: `timestamp')"
  7.     }
  8. }
Found matching folder: 2025-09-25_13-45-54__full_current_193 (timestamp: 2025-09-25_13-45-54)
Found matching folder: 2025-10-21_01-03-46__full_current_193 (timestamp: 2025-10-21_01-03-46)

. * If no matching folders found, display error and exit
. if "`folder_list'" == "" {
.     di as error "`pattern_suffix' folder has not been created, please run the masterfile first to create this folder"
.     exit 601
. }

. else {
.     * Find the most recent folder by comparing timestamps
.     local most_recent_folder = ""
.     local most_recent_timestamp = ""
.     local folder_count : word count `folder_list'
.     local date_count : word count `folder_dates'
.     forvalues i = 1/`folder_count' {
  2.         local current_folder : word `i' of `folder_list'
  3.         local current_timestamp : word `i' of `folder_dates'
  4.         * Convert timestamp to comparable format (remove hyphens and underscores)
.         local current_numeric = subinstr(subinstr("`current_timestamp'", "-", "", .), "_", "", .)
  5.         if "`most_recent_timestamp'" == "" {
  6.             local most_recent_folder = "`current_folder'"
  7.             local most_recent_timestamp = "`current_numeric'"
  8.         }
  9.         else {
 10.             local most_recent_numeric = subinstr(subinstr("`most_recent_timestamp'", "-", "", .), "_", "", .)
 11.             if `current_numeric' > `most_recent_numeric' {
 12.                 local most_recent_folder = "`current_folder'"
 13.                 local most_recent_timestamp = "`current_numeric'"
 14.             }
 15.         }
 16.     }
.     local selected_data_stub = "`most_recent_folder'"
.     di in green "Selected most recent folder: `selected_data_stub'"
Selected most recent folder: 2025-10-21_01-03-46__full_current_193
. }

. 
. 
. local stub_toggle                                       "`selected_data_stub'" 

. 
. local table_name                                        "`2'"

. 
. local savings                                           "`3'"

. 
. local with_international                        "`4'"

. 
. local export_excel_toggle                       yes

. 
. local output_path ${output_tab}/tables_appendix

. 
. if "`2'" == "Table2_scc193_main" {
.         local output_path ${output_tab}/tables_main
. }

. 
. 
. *****************************************************
. * 1. Reshape Datasets and Merge with Policy Details *
. *****************************************************
. use "${code_files}/4_results/`stub_toggle'/compiled_results_all_uncorrected_vJK", clear

. 
. missings dropvars, force

Checking missings in program component_type component_value l_component u_component component_sd component_over_prog_cost assumptions
    correlation replications:
9800 observations with missing values

note: l_component u_component component_sd dropped

. drop component_over_prog_cost 

. cap drop perc_switch

. ren component_value cv

. cap drop assumptions component_sd

.         
. replace cv = cv
(0 real changes made)

. cap drop l_component u_component

.         
. reshape wide cv, i(program) j(component_type) string
(j = MVPF MVPF_no_cc WTP WTP_RoW WTP_USFut WTP_USPres WTP_USTotal WTP_cc admin_cost beh_fisc_ext c_savings cost cost_curve cost_mvpf cost_w
> tp env_cost_wtp env_cost_wtp_g env_cost_wtp_l enviro_mvpf enviro_wtp epsilon ev_sub_c ev_sub_c_row ev_sub_c_us ev_sub_cost ev_sub_env fed
> _fisc_ext firm_cost_wtp firm_mvpf fisc_ext_lr fisc_ext_s fisc_ext_t fiscalext gas_corp_fisc_e gas_fisc_ext gov_carbon infmarg marginal p_
> spend pass_through permitrev permitrev_ex permitrev_new profits profits_fisc_e program_cost q_CO2 q_CO2_mck q_CO2_mck_no q_CO2_no q_carbo
> n_mck resource_ce resource_cost semie state_fisc_ext subsidies taxes total_cost transfer utility_fisc_ext wind_g_wf wind_l_wf wtp_abateme
> nt wtp_batt wtp_cons wtp_ctr wtp_deal wtp_e_cost wtp_glob wtp_inf wtp_install wtp_leak wtp_loc wtp_local_w_r wtp_marg wtp_no_ice wtp_no_i
> ce_g wtp_no_ice_local wtp_no_leak wtp_permits wtp_private wtp_prod wtp_prod_s wtp_prod_u wtp_r_glob wtp_r_loc wtp_soc wtp_soc_g wtp_soc_l
>  wtp_soc_l_dr wtp_soc_l_po wtp_soc_rbd wtp_soc_rbd_g wtp_soc_rbd_l wtp_yes_ev wtp_yes_ev_g wtp_yes_ev_local wtp_yes_hev)

Data                               Long   ->   Wide
-----------------------------------------------------------------------------
Number of observations            9,800   ->   100         
Number of variables                   6   ->   102         
j variable (98 values)   component_type   ->   (dropped)
xij variables:
                                     cv   ->   cvMVPF cvMVPF_no_cc ... cvwtp_yes_hev
-----------------------------------------------------------------------------

. ren cv* *

. drop WTP_RoW WTP_USFut WTP_USPres WTP_USTotal wind_g_wf wind_l_wf epsilon

. 
. preserve

.         import excel "${code_files}/policy_details_v3.xlsx", clear first
(16 vars, 100 obs)

.         tempfile policy_labels

.         save "`policy_labels.dta'", replace
(file C:\Users\bcchen\AppData\Local\Temp\ST_8eb0_000002.tmp not found)
file C:\Users\bcchen\AppData\Local\Temp\ST_8eb0_000002.tmp saved as .dta format

. restore

. 
. merge m:1 program using "`policy_labels.dta'", keep(3)

    Result                      Number of obs
    -----------------------------------------
    Not matched                             0
    Matched                               100  (_merge==3)
    -----------------------------------------

. drop if program == "cafe_dk"
(1 observation deleted)

. drop if broad_category == "Regulation"
(3 observations deleted)

. drop if extended == 1
(24 observations deleted)

. assert _N == 72

. 
. missings dropvars, force

Checking missings in program MVPF MVPF_no_cc WTP WTP_cc admin_cost beh_fisc_ext c_savings cost cost_curve cost_mvpf cost_wtp env_cost_wtp
    env_cost_wtp_g env_cost_wtp_l enviro_mvpf enviro_wtp ev_sub_c ev_sub_c_row ev_sub_c_us ev_sub_cost ev_sub_env fed_fisc_ext
    firm_cost_wtp firm_mvpf fisc_ext_lr fisc_ext_s fisc_ext_t fiscalext gas_corp_fisc_e gas_fisc_ext gov_carbon infmarg marginal p_spend
    pass_through permitrev permitrev_ex permitrev_new profits profits_fisc_e program_cost q_CO2 q_CO2_mck q_CO2_mck_no q_CO2_no
    q_carbon_mck resource_ce resource_cost semie state_fisc_ext subsidies taxes total_cost transfer utility_fisc_ext wtp_abatement wtp_batt
    wtp_cons wtp_ctr wtp_deal wtp_e_cost wtp_glob wtp_inf wtp_install wtp_leak wtp_loc wtp_local_w_r wtp_marg wtp_no_ice wtp_no_ice_g
    wtp_no_ice_local wtp_no_leak wtp_permits wtp_private wtp_prod wtp_prod_s wtp_prod_u wtp_r_glob wtp_r_loc wtp_soc wtp_soc_g wtp_soc_l
    wtp_soc_l_dr wtp_soc_l_po wtp_soc_rbd wtp_soc_rbd_g wtp_soc_rbd_l wtp_yes_ev wtp_yes_ev_g wtp_yes_ev_local wtp_yes_hev assumptions
    correlation replications program_label_long program_label_short source year_in_context location broad_category group_label panel_number
    across_group_ordering in_group_ordering extended international regulation table_order no_SE _merge:
72 observations with missing values

note: ev_sub_c ev_sub_c_row ev_sub_c_us ev_sub_cost ev_sub_env fiscalext infmarg marginal permitrev permitrev_ex permitrev_new extended
regulation dropped

. drop _merge program_label_long

. drop correlation replications

. mvencode _all, mv(0) override
  MVPF_no_cc: 51 missing values recoded
      WTP_cc: 58 missing values recoded
  admin_cost: 69 missing values recoded
beh_fisc_ext: 66 missing values recoded
   c_savings: 36 missing values recoded
  cost_curve: 71 missing values recoded
   cost_mvpf: 58 missing values recoded
    cost_wtp: 45 missing values recoded
env_cost_wtp: 45 missing values recoded
env_cost_w~g: 58 missing values recoded
env_cost_w~l: 58 missing values recoded
 enviro_mvpf: 58 missing values recoded
  enviro_wtp: 71 missing values recoded
fed_fisc_ext: 67 missing values recoded
firm_cost_~p: 67 missing values recoded
   firm_mvpf: 67 missing values recoded
  fisc_ext_s: 12 missing values recoded
  fisc_ext_t: 7 missing values recoded
gas_corp_f~e: 66 missing values recoded
gas_fisc_ext: 66 missing values recoded
  gov_carbon: 13 missing values recoded
     p_spend: 17 missing values recoded
pass_through: 66 missing values recoded
     profits: 71 missing values recoded
profits_fi~e: 69 missing values recoded
       q_CO2: 5 missing values recoded
   q_CO2_mck: 47 missing values recoded
q_CO2_mck_no: 57 missing values recoded
    q_CO2_no: 57 missing values recoded
q_carbon_mck: 13 missing values recoded
 resource_ce: 13 missing values recoded
resource_c~t: 59 missing values recoded
       semie: 37 missing values recoded
state_fisc~t: 68 missing values recoded
   subsidies: 71 missing values recoded
       taxes: 71 missing values recoded
  total_cost: 22 missing values recoded
    transfer: 71 missing values recoded
utility_fi~t: 69 missing values recoded
wtp_abatem~t: 70 missing values recoded
    wtp_batt: 71 missing values recoded
    wtp_cons: 22 missing values recoded
     wtp_ctr: 70 missing values recoded
    wtp_deal: 69 missing values recoded
  wtp_e_cost: 63 missing values recoded
    wtp_glob: 15 missing values recoded
     wtp_inf: 38 missing values recoded
 wtp_install: 67 missing values recoded
    wtp_leak: 70 missing values recoded
     wtp_loc: 16 missing values recoded
wtp_local_~r: 71 missing values recoded
    wtp_marg: 38 missing values recoded
  wtp_no_ice: 66 missing values recoded
wtp_no_ice_g: 66 missing values recoded
wtp_no_ice~l: 66 missing values recoded
 wtp_no_leak: 70 missing values recoded
 wtp_permits: 70 missing values recoded
 wtp_private: 62 missing values recoded
    wtp_prod: 20 missing values recoded
  wtp_prod_s: 49 missing values recoded
  wtp_prod_u: 56 missing values recoded
  wtp_r_glob: 28 missing values recoded
   wtp_r_loc: 29 missing values recoded
     wtp_soc: 13 missing values recoded
   wtp_soc_g: 57 missing values recoded
   wtp_soc_l: 57 missing values recoded
wtp_soc_l_dr: 60 missing values recoded
wtp_soc_l_po: 60 missing values recoded
 wtp_soc_rbd: 55 missing values recoded
wtp_soc_rb~g: 69 missing values recoded
wtp_soc_rb~l: 69 missing values recoded
  wtp_yes_ev: 69 missing values recoded
wtp_yes_ev_g: 69 missing values recoded
wtp_yes_ev~l: 69 missing values recoded
 wtp_yes_hev: 69 missing values recoded
internatio~l: 61 missing values recoded
       no_SE: 60 missing values recoded

. order program_cost, after(WTP)

. 
. ***********************************************
. * 2. Check that Each Component Sums Correctly *
. ***********************************************
. 
. **** Transfer
. cap gen wtp_install = 0

. cap drop transfer

. gen transfer = wtp_cons + wtp_deal + wtp_install

. drop wtp_cons wtp_deal wtp_install

. replace transfer = wtp_inf + wtp_marg if (inlist(group_label, "Weatherization", "Appliance Rebates", "Other Nudges", "Vehicle Retirement"
> ) & ///
>                                                                                  program != "care" & program != "solarize" & program != "
> her_compiled" & program != "cw_datta" & program != "dw_datta" & ///
>                                                                                  program != "fridge_datta" & program != "wisc_rf") | inli
> st(program, "ca_electric", "cookstoves", "mx_deforest", "ug_deforest")
(18 real changes made)

. replace transfer = wtp_inf + wtp_marg + wtp_ctr if inlist(program, "ihwap_hb", "ihwap_lb")
(2 real changes made)

. drop wtp_inf wtp_marg wtp_private

. cap gen wtp_abatement = 0

. cap gen wtp_permits = 0

. replace transfer = wtp_abatement + wtp_permits if group_label == "Cap and Trade"
(2 real changes made)

. drop wtp_abatement wtp_permits

. replace transfer = wtp_prod if group_label == "Wind Production Credits" | inlist(program, "rao_crude", "bmm_crude", "india_offset")
(4 real changes made)

. replace transfer = 1 if program == "sallee_hy"
(0 real changes made)

. 
. **** Global and Local Enviro
. assert round(wtp_no_ice, 0.0001) == round(wtp_no_ice_g + wtp_no_ice_local, 0.0001)

. assert round(wtp_yes_ev, 0.0001) == round(wtp_yes_ev_local + wtp_yes_ev_g, 0.0001) if group_label == "Electric Vehicles"

. assert round(wtp_loc, 0.0001) == round(wtp_yes_ev_local + wtp_no_ice_local, 0.0001) if group_label == "Electric Vehicles"

. 
. drop wtp_no_ice_g wtp_no_ice_local wtp_yes_ev_g wtp_yes_ev_local

. 
. assert round(wtp_soc, 0.0001) == round(wtp_glob + wtp_loc, 0.0001) if group_label == "Electric Vehicles"

. assert round(wtp_soc, 0.0001) == round(wtp_glob + wtp_loc, 0.0001) if group_label == "Hybrid Vehicles"

. replace wtp_glob = wtp_glob + wtp_e_cost if group_label == "Residential Solar"| program == "solarize"
(6 real changes made)

. replace wtp_glob = (wtp_glob + wtp_e_cost) - wtp_r_glob if group_label == "Wind Production Credits"
(3 real changes made)

. replace wtp_glob = wtp_soc_g if inlist(group_label, "Gasoline Taxes", "Cap and Trade") | inlist(program, "cookstoves", "bmm_crude", "bunk
> er_fuel", "ethanol", "rao_crude")
(15 real changes made)

. replace wtp_loc = wtp_soc_l if inlist(group_label, "Gasoline Taxes", "Cap and Trade") | inlist(program, "cookstoves", "bmm_crude", "bunke
> r_fuel", "ethanol", "rao_crude")
(14 real changes made)

. replace wtp_loc = 0 if wtp_loc == -1.00e-35
(0 real changes made)

. replace wtp_loc = wtp_loc - wtp_r_loc if group_label == "Wind Production Credits"
(3 real changes made)

. 
. cap gen wtp_leak = 0

. cap gen wtp_no_leak = 0

. drop wtp_yes_ev wtp_yes_hev wtp_no_ice wtp_soc wtp_e_cost wtp_soc_g wtp_soc_l wtp_leak wtp_no_leak 

. 
. **** Rebound
. replace wtp_soc_rbd = 0 if wtp_soc_rbd == 1.00e-11
(1 real change made)

. replace wtp_soc_rbd_l = 0 if wtp_soc_rbd_l == 1.00e-20 | program == "rggi"
(0 real changes made)

. replace wtp_soc_rbd_g = 0 if wtp_soc_rbd_g == 1.00e-20 | program == "rggi"
(0 real changes made)

. assert round(wtp_soc_rbd, 0.0001) == round(wtp_soc_rbd_g + wtp_soc_rbd_l, 0.0001) if wtp_soc_rbd_g != 0 & wtp_soc_rbd_l != 0

. replace wtp_r_loc = wtp_soc_rbd_l if wtp_soc_rbd_l != 0 & wtp_r_loc == 0
(3 real changes made)

. replace wtp_r_glob = wtp_soc_rbd_g if wtp_soc_rbd_g != 0  & wtp_r_glob == 0
(3 real changes made)

. drop wtp_soc_rbd_l wtp_soc_rbd_g

. replace wtp_soc_rbd = wtp_r_glob + wtp_r_loc if wtp_soc_rbd == 0 & wtp_r_glob != 0 & wtp_r_loc != 0
(23 real changes made)

. replace wtp_soc_rbd = wtp_r_glob if inlist(program, "care", "opower_ng", "rebate_es", "es_incent", "ac_mex", "fridge_mex", "nudge_ger", "
> nudge_qatar", "wap_mexico") | inlist(program, "india_offset")
(7 real changes made)

. replace wtp_soc_rbd = -wtp_soc_rbd if program == "wisc_rf"
(1 real change made)

. 
. 
. **** Dynamic Price and Dynamic Enviro
. replace env_cost_wtp = 0 if env_cost_wtp == -1.00e-17
(0 real changes made)

. replace cost_wtp = 0 if cost_wtp == -1.00e-17
(0 real changes made)

. 
. assert round(env_cost_wtp, 0.0001) == round(env_cost_wtp_g + env_cost_wtp_l, 0.0001) if env_cost_wtp_l != 0 & env_cost_wtp_g != 0 & group
> _label != "Gasoline Tax"

. 
. drop cost_mvpf enviro_mvpf firm_mvpf

. 
. **** Producers
. gen producers = firm_cost_wtp + wtp_prod_s + wtp_prod_u

. replace producers = wtp_prod if inlist(group_label, "Residential Solar", "Appliance Rebates", "Weatherization", "Other Nudges", "Home Ene
> rgy Reports") | program == "care" | program == "ca_electric"
(30 real changes made)

. replace producers = wtp_prod if inlist(program, "jet_fuel", "CPP_aj", "CPP_pj", "PER", "baaqmd", "ca_electric")
(2 real changes made)

. replace producers = -wtp_prod if program == "wisc_rf"
(1 real change made)

. drop wtp_prod_s wtp_prod_u wtp_prod

. 
. **** Fiscal Externalities
. replace fisc_ext_s = beh_fisc_ext + fed_fisc_ext + state_fisc_ext if group_label == "Electric Vehicles" | group_label == "Hybrid Vehicles
> "
(3 real changes made)

. replace fisc_ext_t = gas_corp_fisc_e + gas_fisc_ext + utility_fisc_ext if group_label == "Electric Vehicles" | group_label == "Hybrid Veh
> icles"
(6 real changes made)

. 
. gen fisc_ext_sr = fisc_ext_s + fisc_ext_t

. drop fisc_ext_s fisc_ext_t

. 
. drop beh_fisc_ext fed_fisc_ext state_fisc_ext gas_corp_fisc_e gas_fisc_ext utility_fisc_ext

. 
. **** Total WTP
. gen WTP_no_cc = WTP

. replace WTP = WTP_cc if WTP_cc != 0
(14 real changes made)

. 
. **** Total Cost
. assert total_cost == cost if total_cost != 0

. drop total_cost

. 
. 
. **** Normalization Factor
. gen normalization = program_cost // for normalizing all the factors such that program_cost (without admin cost) is 1

. gen prog_cost_no_normal = program_cost

. 
. local components transfer wtp_loc wtp_glob wtp_soc_rbd env_cost_wtp cost_wtp producers WTP program_cost fisc_ext_sr fisc_ext_lr cost wtp_
> r_loc wtp_r_glob WTP_no_cc WTP_cc env_cost_wtp_g c_savings

. foreach comp of local components{
  2.     replace `comp' = `comp' / normalization
  3. }
(42 real changes made)
(34 real changes made)
(49 real changes made)
(36 real changes made)
(8 real changes made)
(8 real changes made)
(32 real changes made)
(49 real changes made)
(49 real changes made)
(38 real changes made)
(49 real changes made)
(49 real changes made)
(28 real changes made)
(36 real changes made)
(49 real changes made)
(8 real changes made)
(8 real changes made)
(3 real changes made)

. 
. 
. if "`savings'" == "yes"{
.     assert round(WTP, 0.001) == round(transfer + c_savings + wtp_loc + wtp_glob + wtp_soc_rbd + env_cost_wtp + cost_wtp + producers, 0.00
> 1)
. }

. else{
.     assert round(WTP, 0.001) == round(transfer + wtp_loc + wtp_glob + wtp_soc_rbd + env_cost_wtp + cost_wtp + producers, 0.001)
. }

. 
. assert round(cost, 0.001) == round(program_cost + fisc_ext_sr + fisc_ext_lr, 0.001) if program != "bev_state_i" // see if this is fixed a
> fter the latest big run

. assert round(MVPF, 0.001) == round(WTP / cost, 0.001) if (MVPF != 99999 & MVPF != -99999)

. 
. 
. *********************************
. * 3. Calculate Category Average *
. *********************************
. preserve

. 
.         tempfile all_policy_save

.         save "`all_policy_save'", replace
(file C:\Users\bcchen\AppData\Local\Temp\ST_8eb0_000004.tmp not found)
file C:\Users\bcchen\AppData\Local\Temp\ST_8eb0_000004.tmp saved as .dta format

.         
.         assert WTP_cc == WTP if WTP_cc != 0

.         sort table_order

.                 
.         if "`savings'" == "no" {
.                 collapse (mean) WTP program_cost cost env_cost_wtp cost_wtp producers fisc_ext_lr wtp_glob wtp_loc wtp_soc_rbd fisc_ext_s
> r transfer table_order, by(group_label)
.         }       

.         
.         if "`savings'" == "yes" {
.                 collapse (mean) WTP program_cost cost env_cost_wtp cost_wtp producers fisc_ext_lr wtp_glob wtp_loc wtp_soc_rbd fisc_ext_s
> r transfer c_savings table_order, by(group_label)
.         }

. 
.         gen MVPF = WTP / cost

.         replace table_order = .
(19 real changes made, 19 to missing)

.         tempfile category_averages

.         save "`category_averages'", replace             
(file C:\Users\bcchen\AppData\Local\Temp\ST_8eb0_000005.tmp not found)
file C:\Users\bcchen\AppData\Local\Temp\ST_8eb0_000005.tmp saved as .dta format

.                                 
. restore

. 
. **************************
. * 4. Organize Components *
. **************************
. keep program_label_short group_label MVPF WTP program_cost cost env_cost_wtp cost_wtp producers fisc_ext_lr wtp_glob wtp_loc wtp_soc_rbd 
> fisc_ext_sr transfer table_order extended c_savings across_group_ordering
variable extended not found
r(111);

end of do-file
r(111);

end of do-file

r(111);

. do "C:\Users\bcchen\AppData\Local\Temp\STD8eb0_00000d.tmp"

. do "${github}/figtab/excel_MVPF_tables.do" "full_current_193" "Table1_scc193_main" "no" "yes"

. *****************************************************************
. *             Export Final Datasets to Excel                    *
. *****************************************************************
. 
. *****************************************************
. * 0.             Get Dataset Names                  *
. *****************************************************
. 
. local selected_data_stub                `1'

. local pattern_suffix = "`selected_data_stub'"

. di in yellow "Looking for folders ending with pattern: `pattern_suffix'"
Looking for folders ending with pattern: full_current_193

. * Find all folders in the results directory that end with the pattern
. local results_dir = "${code_files}/4_results"

. local folder_list = ""

. local folder_dates = ""

. * Get list of all subdirectories
. qui local folders : dir "`results_dir'" dirs "*"

. * Filter folders that end with our pattern and extract timestamps
. foreach folder of local folders {
  2.     if regexm("`folder'", "^([0-9]{4}-[0-9]{2}-[0-9]{2}_[0-9]{2}-[0-9]{2}-[0-9]{2})__`pattern_suffix'$") {
  3.         local timestamp = regexs(1)
  4.         local folder_list = "`folder_list' `folder'"
  5.         local folder_dates = "`folder_dates' `timestamp'"
  6.         di in green "Found matching folder: `folder' (timestamp: `timestamp')"
  7.     }
  8. }
Found matching folder: 2025-09-25_13-45-54__full_current_193 (timestamp: 2025-09-25_13-45-54)
Found matching folder: 2025-10-21_01-03-46__full_current_193 (timestamp: 2025-10-21_01-03-46)

. * If no matching folders found, display error and exit
. if "`folder_list'" == "" {
.     di as error "`pattern_suffix' folder has not been created, please run the masterfile first to create this folder"
.     exit 601
. }

. else {
.     * Find the most recent folder by comparing timestamps
.     local most_recent_folder = ""
.     local most_recent_timestamp = ""
.     local folder_count : word count `folder_list'
.     local date_count : word count `folder_dates'
.     forvalues i = 1/`folder_count' {
  2.         local current_folder : word `i' of `folder_list'
  3.         local current_timestamp : word `i' of `folder_dates'
  4.         * Convert timestamp to comparable format (remove hyphens and underscores)
.         local current_numeric = subinstr(subinstr("`current_timestamp'", "-", "", .), "_", "", .)
  5.         if "`most_recent_timestamp'" == "" {
  6.             local most_recent_folder = "`current_folder'"
  7.             local most_recent_timestamp = "`current_numeric'"
  8.         }
  9.         else {
 10.             local most_recent_numeric = subinstr(subinstr("`most_recent_timestamp'", "-", "", .), "_", "", .)
 11.             if `current_numeric' > `most_recent_numeric' {
 12.                 local most_recent_folder = "`current_folder'"
 13.                 local most_recent_timestamp = "`current_numeric'"
 14.             }
 15.         }
 16.     }
.     local selected_data_stub = "`most_recent_folder'"
.     di in green "Selected most recent folder: `selected_data_stub'"
Selected most recent folder: 2025-10-21_01-03-46__full_current_193
. }

. 
. 
. local stub_toggle                                       "`selected_data_stub'" 

. 
. local table_name                                        "`2'"

. 
. local savings                                           "`3'"

. 
. local with_international                        "`4'"

. 
. local export_excel_toggle                       yes

. 
. local output_path ${output_tab}/tables_appendix

. 
. if "`2'" == "Table2_scc193_main" {
.         local output_path ${output_tab}/tables_main
. }

. 
. 
. *****************************************************
. * 1. Reshape Datasets and Merge with Policy Details *
. *****************************************************
. use "${code_files}/4_results/`stub_toggle'/compiled_results_all_uncorrected_vJK", clear

. 
. missings dropvars, force

Checking missings in program component_type component_value l_component u_component component_sd component_over_prog_cost assumptions
    correlation replications:
9800 observations with missing values

note: l_component u_component component_sd dropped

. drop component_over_prog_cost 

. cap drop perc_switch

. ren component_value cv

. cap drop assumptions component_sd

.         
. replace cv = cv
(0 real changes made)

. cap drop l_component u_component

.         
. reshape wide cv, i(program) j(component_type) string
(j = MVPF MVPF_no_cc WTP WTP_RoW WTP_USFut WTP_USPres WTP_USTotal WTP_cc admin_cost beh_fisc_ext c_savings cost cost_curve cost_mvpf cost_w
> tp env_cost_wtp env_cost_wtp_g env_cost_wtp_l enviro_mvpf enviro_wtp epsilon ev_sub_c ev_sub_c_row ev_sub_c_us ev_sub_cost ev_sub_env fed
> _fisc_ext firm_cost_wtp firm_mvpf fisc_ext_lr fisc_ext_s fisc_ext_t fiscalext gas_corp_fisc_e gas_fisc_ext gov_carbon infmarg marginal p_
> spend pass_through permitrev permitrev_ex permitrev_new profits profits_fisc_e program_cost q_CO2 q_CO2_mck q_CO2_mck_no q_CO2_no q_carbo
> n_mck resource_ce resource_cost semie state_fisc_ext subsidies taxes total_cost transfer utility_fisc_ext wind_g_wf wind_l_wf wtp_abateme
> nt wtp_batt wtp_cons wtp_ctr wtp_deal wtp_e_cost wtp_glob wtp_inf wtp_install wtp_leak wtp_loc wtp_local_w_r wtp_marg wtp_no_ice wtp_no_i
> ce_g wtp_no_ice_local wtp_no_leak wtp_permits wtp_private wtp_prod wtp_prod_s wtp_prod_u wtp_r_glob wtp_r_loc wtp_soc wtp_soc_g wtp_soc_l
>  wtp_soc_l_dr wtp_soc_l_po wtp_soc_rbd wtp_soc_rbd_g wtp_soc_rbd_l wtp_yes_ev wtp_yes_ev_g wtp_yes_ev_local wtp_yes_hev)

Data                               Long   ->   Wide
-----------------------------------------------------------------------------
Number of observations            9,800   ->   100         
Number of variables                   6   ->   102         
j variable (98 values)   component_type   ->   (dropped)
xij variables:
                                     cv   ->   cvMVPF cvMVPF_no_cc ... cvwtp_yes_hev
-----------------------------------------------------------------------------

. ren cv* *

. drop WTP_RoW WTP_USFut WTP_USPres WTP_USTotal wind_g_wf wind_l_wf epsilon

. 
. preserve

.         import excel "${code_files}/policy_details_v3.xlsx", clear first
(16 vars, 100 obs)

.         tempfile policy_labels

.         save "`policy_labels.dta'", replace
(file C:\Users\bcchen\AppData\Local\Temp\ST_8eb0_000002.tmp not found)
file C:\Users\bcchen\AppData\Local\Temp\ST_8eb0_000002.tmp saved as .dta format

. restore

. 
. merge m:1 program using "`policy_labels.dta'", keep(3)

    Result                      Number of obs
    -----------------------------------------
    Not matched                             0
    Matched                               100  (_merge==3)
    -----------------------------------------

. drop if program == "cafe_dk"
(1 observation deleted)

. drop if broad_category == "Regulation"
(3 observations deleted)

. drop if extended == 1
(24 observations deleted)

. assert _N == 72

. 
. missings dropvars, force

Checking missings in program MVPF MVPF_no_cc WTP WTP_cc admin_cost beh_fisc_ext c_savings cost cost_curve cost_mvpf cost_wtp env_cost_wtp
    env_cost_wtp_g env_cost_wtp_l enviro_mvpf enviro_wtp ev_sub_c ev_sub_c_row ev_sub_c_us ev_sub_cost ev_sub_env fed_fisc_ext
    firm_cost_wtp firm_mvpf fisc_ext_lr fisc_ext_s fisc_ext_t fiscalext gas_corp_fisc_e gas_fisc_ext gov_carbon infmarg marginal p_spend
    pass_through permitrev permitrev_ex permitrev_new profits profits_fisc_e program_cost q_CO2 q_CO2_mck q_CO2_mck_no q_CO2_no
    q_carbon_mck resource_ce resource_cost semie state_fisc_ext subsidies taxes total_cost transfer utility_fisc_ext wtp_abatement wtp_batt
    wtp_cons wtp_ctr wtp_deal wtp_e_cost wtp_glob wtp_inf wtp_install wtp_leak wtp_loc wtp_local_w_r wtp_marg wtp_no_ice wtp_no_ice_g
    wtp_no_ice_local wtp_no_leak wtp_permits wtp_private wtp_prod wtp_prod_s wtp_prod_u wtp_r_glob wtp_r_loc wtp_soc wtp_soc_g wtp_soc_l
    wtp_soc_l_dr wtp_soc_l_po wtp_soc_rbd wtp_soc_rbd_g wtp_soc_rbd_l wtp_yes_ev wtp_yes_ev_g wtp_yes_ev_local wtp_yes_hev assumptions
    correlation replications program_label_long program_label_short source year_in_context location broad_category group_label panel_number
    across_group_ordering in_group_ordering extended international regulation table_order no_SE _merge:
72 observations with missing values

note: ev_sub_c ev_sub_c_row ev_sub_c_us ev_sub_cost ev_sub_env fiscalext infmarg marginal permitrev permitrev_ex permitrev_new extended
regulation dropped

. drop _merge program_label_long

. drop correlation replications

. mvencode _all, mv(0) override
  MVPF_no_cc: 51 missing values recoded
      WTP_cc: 58 missing values recoded
  admin_cost: 69 missing values recoded
beh_fisc_ext: 66 missing values recoded
   c_savings: 36 missing values recoded
  cost_curve: 71 missing values recoded
   cost_mvpf: 58 missing values recoded
    cost_wtp: 45 missing values recoded
env_cost_wtp: 45 missing values recoded
env_cost_w~g: 58 missing values recoded
env_cost_w~l: 58 missing values recoded
 enviro_mvpf: 58 missing values recoded
  enviro_wtp: 71 missing values recoded
fed_fisc_ext: 67 missing values recoded
firm_cost_~p: 67 missing values recoded
   firm_mvpf: 67 missing values recoded
  fisc_ext_s: 12 missing values recoded
  fisc_ext_t: 7 missing values recoded
gas_corp_f~e: 66 missing values recoded
gas_fisc_ext: 66 missing values recoded
  gov_carbon: 13 missing values recoded
     p_spend: 17 missing values recoded
pass_through: 66 missing values recoded
     profits: 71 missing values recoded
profits_fi~e: 69 missing values recoded
       q_CO2: 5 missing values recoded
   q_CO2_mck: 47 missing values recoded
q_CO2_mck_no: 57 missing values recoded
    q_CO2_no: 57 missing values recoded
q_carbon_mck: 13 missing values recoded
 resource_ce: 13 missing values recoded
resource_c~t: 59 missing values recoded
       semie: 37 missing values recoded
state_fisc~t: 68 missing values recoded
   subsidies: 71 missing values recoded
       taxes: 71 missing values recoded
  total_cost: 22 missing values recoded
    transfer: 71 missing values recoded
utility_fi~t: 69 missing values recoded
wtp_abatem~t: 70 missing values recoded
    wtp_batt: 71 missing values recoded
    wtp_cons: 22 missing values recoded
     wtp_ctr: 70 missing values recoded
    wtp_deal: 69 missing values recoded
  wtp_e_cost: 63 missing values recoded
    wtp_glob: 15 missing values recoded
     wtp_inf: 38 missing values recoded
 wtp_install: 67 missing values recoded
    wtp_leak: 70 missing values recoded
     wtp_loc: 16 missing values recoded
wtp_local_~r: 71 missing values recoded
    wtp_marg: 38 missing values recoded
  wtp_no_ice: 66 missing values recoded
wtp_no_ice_g: 66 missing values recoded
wtp_no_ice~l: 66 missing values recoded
 wtp_no_leak: 70 missing values recoded
 wtp_permits: 70 missing values recoded
 wtp_private: 62 missing values recoded
    wtp_prod: 20 missing values recoded
  wtp_prod_s: 49 missing values recoded
  wtp_prod_u: 56 missing values recoded
  wtp_r_glob: 28 missing values recoded
   wtp_r_loc: 29 missing values recoded
     wtp_soc: 13 missing values recoded
   wtp_soc_g: 57 missing values recoded
   wtp_soc_l: 57 missing values recoded
wtp_soc_l_dr: 60 missing values recoded
wtp_soc_l_po: 60 missing values recoded
 wtp_soc_rbd: 55 missing values recoded
wtp_soc_rb~g: 69 missing values recoded
wtp_soc_rb~l: 69 missing values recoded
  wtp_yes_ev: 69 missing values recoded
wtp_yes_ev_g: 69 missing values recoded
wtp_yes_ev~l: 69 missing values recoded
 wtp_yes_hev: 69 missing values recoded
internatio~l: 61 missing values recoded
       no_SE: 60 missing values recoded

. order program_cost, after(WTP)

. 
. ***********************************************
. * 2. Check that Each Component Sums Correctly *
. ***********************************************
. 
. **** Transfer
. cap gen wtp_install = 0

. cap drop transfer

. gen transfer = wtp_cons + wtp_deal + wtp_install

. drop wtp_cons wtp_deal wtp_install

. replace transfer = wtp_inf + wtp_marg if (inlist(group_label, "Weatherization", "Appliance Rebates", "Other Nudges", "Vehicle Retirement"
> ) & ///
>                                                                                  program != "care" & program != "solarize" & program != "
> her_compiled" & program != "cw_datta" & program != "dw_datta" & ///
>                                                                                  program != "fridge_datta" & program != "wisc_rf") | inli
> st(program, "ca_electric", "cookstoves", "mx_deforest", "ug_deforest")
(18 real changes made)

. replace transfer = wtp_inf + wtp_marg + wtp_ctr if inlist(program, "ihwap_hb", "ihwap_lb")
(2 real changes made)

. drop wtp_inf wtp_marg wtp_private

. cap gen wtp_abatement = 0

. cap gen wtp_permits = 0

. replace transfer = wtp_abatement + wtp_permits if group_label == "Cap and Trade"
(2 real changes made)

. drop wtp_abatement wtp_permits

. replace transfer = wtp_prod if group_label == "Wind Production Credits" | inlist(program, "rao_crude", "bmm_crude", "india_offset")
(4 real changes made)

. replace transfer = 1 if program == "sallee_hy"
(0 real changes made)

. 
. **** Global and Local Enviro
. assert round(wtp_no_ice, 0.0001) == round(wtp_no_ice_g + wtp_no_ice_local, 0.0001)

. assert round(wtp_yes_ev, 0.0001) == round(wtp_yes_ev_local + wtp_yes_ev_g, 0.0001) if group_label == "Electric Vehicles"

. assert round(wtp_loc, 0.0001) == round(wtp_yes_ev_local + wtp_no_ice_local, 0.0001) if group_label == "Electric Vehicles"

. 
. drop wtp_no_ice_g wtp_no_ice_local wtp_yes_ev_g wtp_yes_ev_local

. 
. assert round(wtp_soc, 0.0001) == round(wtp_glob + wtp_loc, 0.0001) if group_label == "Electric Vehicles"

. assert round(wtp_soc, 0.0001) == round(wtp_glob + wtp_loc, 0.0001) if group_label == "Hybrid Vehicles"

. replace wtp_glob = wtp_glob + wtp_e_cost if group_label == "Residential Solar"| program == "solarize"
(6 real changes made)

. replace wtp_glob = (wtp_glob + wtp_e_cost) - wtp_r_glob if group_label == "Wind Production Credits"
(3 real changes made)

. replace wtp_glob = wtp_soc_g if inlist(group_label, "Gasoline Taxes", "Cap and Trade") | inlist(program, "cookstoves", "bmm_crude", "bunk
> er_fuel", "ethanol", "rao_crude")
(15 real changes made)

. replace wtp_loc = wtp_soc_l if inlist(group_label, "Gasoline Taxes", "Cap and Trade") | inlist(program, "cookstoves", "bmm_crude", "bunke
> r_fuel", "ethanol", "rao_crude")
(14 real changes made)

. replace wtp_loc = 0 if wtp_loc == -1.00e-35
(0 real changes made)

. replace wtp_loc = wtp_loc - wtp_r_loc if group_label == "Wind Production Credits"
(3 real changes made)

. 
. cap gen wtp_leak = 0

. cap gen wtp_no_leak = 0

. drop wtp_yes_ev wtp_yes_hev wtp_no_ice wtp_soc wtp_e_cost wtp_soc_g wtp_soc_l wtp_leak wtp_no_leak 

. 
. **** Rebound
. replace wtp_soc_rbd = 0 if wtp_soc_rbd == 1.00e-11
(1 real change made)

. replace wtp_soc_rbd_l = 0 if wtp_soc_rbd_l == 1.00e-20 | program == "rggi"
(0 real changes made)

. replace wtp_soc_rbd_g = 0 if wtp_soc_rbd_g == 1.00e-20 | program == "rggi"
(0 real changes made)

. assert round(wtp_soc_rbd, 0.0001) == round(wtp_soc_rbd_g + wtp_soc_rbd_l, 0.0001) if wtp_soc_rbd_g != 0 & wtp_soc_rbd_l != 0

. replace wtp_r_loc = wtp_soc_rbd_l if wtp_soc_rbd_l != 0 & wtp_r_loc == 0
(3 real changes made)

. replace wtp_r_glob = wtp_soc_rbd_g if wtp_soc_rbd_g != 0  & wtp_r_glob == 0
(3 real changes made)

. drop wtp_soc_rbd_l wtp_soc_rbd_g

. replace wtp_soc_rbd = wtp_r_glob + wtp_r_loc if wtp_soc_rbd == 0 & wtp_r_glob != 0 & wtp_r_loc != 0
(23 real changes made)

. replace wtp_soc_rbd = wtp_r_glob if inlist(program, "care", "opower_ng", "rebate_es", "es_incent", "ac_mex", "fridge_mex", "nudge_ger", "
> nudge_qatar", "wap_mexico") | inlist(program, "india_offset")
(7 real changes made)

. replace wtp_soc_rbd = -wtp_soc_rbd if program == "wisc_rf"
(1 real change made)

. 
. 
. **** Dynamic Price and Dynamic Enviro
. replace env_cost_wtp = 0 if env_cost_wtp == -1.00e-17
(0 real changes made)

. replace cost_wtp = 0 if cost_wtp == -1.00e-17
(0 real changes made)

. 
. assert round(env_cost_wtp, 0.0001) == round(env_cost_wtp_g + env_cost_wtp_l, 0.0001) if env_cost_wtp_l != 0 & env_cost_wtp_g != 0 & group
> _label != "Gasoline Tax"

. 
. drop cost_mvpf enviro_mvpf firm_mvpf

. 
. **** Producers
. gen producers = firm_cost_wtp + wtp_prod_s + wtp_prod_u

. replace producers = wtp_prod if inlist(group_label, "Residential Solar", "Appliance Rebates", "Weatherization", "Other Nudges", "Home Ene
> rgy Reports") | program == "care" | program == "ca_electric"
(30 real changes made)

. replace producers = wtp_prod if inlist(program, "jet_fuel", "CPP_aj", "CPP_pj", "PER", "baaqmd", "ca_electric")
(2 real changes made)

. replace producers = -wtp_prod if program == "wisc_rf"
(1 real change made)

. drop wtp_prod_s wtp_prod_u wtp_prod

. 
. **** Fiscal Externalities
. replace fisc_ext_s = beh_fisc_ext + fed_fisc_ext + state_fisc_ext if group_label == "Electric Vehicles" | group_label == "Hybrid Vehicles
> "
(3 real changes made)

. replace fisc_ext_t = gas_corp_fisc_e + gas_fisc_ext + utility_fisc_ext if group_label == "Electric Vehicles" | group_label == "Hybrid Veh
> icles"
(6 real changes made)

. 
. gen fisc_ext_sr = fisc_ext_s + fisc_ext_t

. drop fisc_ext_s fisc_ext_t

. 
. drop beh_fisc_ext fed_fisc_ext state_fisc_ext gas_corp_fisc_e gas_fisc_ext utility_fisc_ext

. 
. **** Total WTP
. gen WTP_no_cc = WTP

. replace WTP = WTP_cc if WTP_cc != 0
(14 real changes made)

. 
. **** Total Cost
. assert total_cost == cost if total_cost != 0

. drop total_cost

. 
. 
. **** Normalization Factor
. gen normalization = program_cost // for normalizing all the factors such that program_cost (without admin cost) is 1

. gen prog_cost_no_normal = program_cost

. 
. local components transfer wtp_loc wtp_glob wtp_soc_rbd env_cost_wtp cost_wtp producers WTP program_cost fisc_ext_sr fisc_ext_lr cost wtp_
> r_loc wtp_r_glob WTP_no_cc WTP_cc env_cost_wtp_g c_savings

. foreach comp of local components{
  2.     replace `comp' = `comp' / normalization
  3. }
(42 real changes made)
(34 real changes made)
(49 real changes made)
(36 real changes made)
(8 real changes made)
(8 real changes made)
(32 real changes made)
(49 real changes made)
(49 real changes made)
(38 real changes made)
(49 real changes made)
(49 real changes made)
(28 real changes made)
(36 real changes made)
(49 real changes made)
(8 real changes made)
(8 real changes made)
(3 real changes made)

. 
. 
. if "`savings'" == "yes"{
.     assert round(WTP, 0.001) == round(transfer + c_savings + wtp_loc + wtp_glob + wtp_soc_rbd + env_cost_wtp + cost_wtp + producers, 0.00
> 1)
. }

. else{
.     assert round(WTP, 0.001) == round(transfer + wtp_loc + wtp_glob + wtp_soc_rbd + env_cost_wtp + cost_wtp + producers, 0.001)
. }

. 
. assert round(cost, 0.001) == round(program_cost + fisc_ext_sr + fisc_ext_lr, 0.001) if program != "bev_state_i" // see if this is fixed a
> fter the latest big run

. assert round(MVPF, 0.001) == round(WTP / cost, 0.001) if (MVPF != 99999 & MVPF != -99999)

. 
. 
. *********************************
. * 3. Calculate Category Average *
. *********************************
. preserve

. 
.         tempfile all_policy_save

.         save "`all_policy_save'", replace
(file C:\Users\bcchen\AppData\Local\Temp\ST_8eb0_000004.tmp not found)
file C:\Users\bcchen\AppData\Local\Temp\ST_8eb0_000004.tmp saved as .dta format

.         
.         assert WTP_cc == WTP if WTP_cc != 0

.         sort table_order

.                 
.         if "`savings'" == "no" {
.                 collapse (mean) WTP program_cost cost env_cost_wtp cost_wtp producers fisc_ext_lr wtp_glob wtp_loc wtp_soc_rbd fisc_ext_s
> r transfer table_order, by(group_label)
.         }       

.         
.         if "`savings'" == "yes" {
.                 collapse (mean) WTP program_cost cost env_cost_wtp cost_wtp producers fisc_ext_lr wtp_glob wtp_loc wtp_soc_rbd fisc_ext_s
> r transfer c_savings table_order, by(group_label)
.         }

. 
.         gen MVPF = WTP / cost

.         replace table_order = .
(19 real changes made, 19 to missing)

.         tempfile category_averages

.         save "`category_averages'", replace             
(file C:\Users\bcchen\AppData\Local\Temp\ST_8eb0_000005.tmp not found)
file C:\Users\bcchen\AppData\Local\Temp\ST_8eb0_000005.tmp saved as .dta format

.                                 
. restore

. 
. **************************
. * 4. Organize Components *
. **************************
. keep program_label_short group_label MVPF WTP program_cost cost env_cost_wtp cost_wtp producers fisc_ext_lr wtp_glob wtp_loc wtp_soc_rbd 
> fisc_ext_sr transfer table_order c_savings across_group_ordering

. sort table_order

.         
. if "`savings'" == "no"{
.         drop c_savings
.         order program_label_short transfer wtp_glob wtp_loc wtp_soc_rbd env_cost_wtp cost_wtp producers WTP program_cost fisc_ext_sr fisc
> _ext_lr cost MVPF
. 
. }       

. else {
.         order program_label_short transfer wtp_glob wtp_loc wtp_soc_rbd env_cost_wtp cost_wtp producers WTP program_cost fisc_ext_sr fisc
> _ext_lr cost MVPF c_savings
. }

. 
. order table_order

. 
. // Deal with Ordering of Revenue Raisers
. replace across_group_ordering = 11 if group_label == "Gasoline Taxes"
(12 real changes made)

. replace across_group_ordering = 12 if group_label == "Other Fuel Taxes"
(0 real changes made)

. replace across_group_ordering = 13 if group_label == "Other Revenue Raisers"
(3 real changes made)

. replace across_group_ordering = 14 if group_label == "Cap and Trade"    
(0 real changes made)

. 
. replace table_order = table_order + across_group_ordering
variable table_order was byte now int
(72 real changes made)

. 
. 
. // Bring in Category Averages
. append using "`category_averages'"
(variable table_order was int, now float to accommodate using data's values)

. 
. levelsof(group_label), local(group_loop)
`"Appliance Rebates"' `"Cap and Trade"' `"Cookstoves"' `"Deforestation"' `"Electric Vehicles"' `"Gasoline Taxes"' `"Home Energy Reports"' `
> "Hybrid Vehicles"' `"International Rebates"' `"Other Fuel Taxes"' `"Other Nudges"' `"Other Revenue Raisers"' `"Other Subsidies"' `"Reside
> ntial Solar"' `"Rice Burning"' `"Vehicle Retirement"' `"Weatherization"' `"Wind Offset"' `"Wind Production Credits"'

. foreach g of local group_loop {
  2.         
.         sum table_order if group_label == "`g'"
  3.         replace table_order = (r(min) - 1) if group_label == "`g'" & program_label_short == "" 
  4.         replace program_label_short = "`g'" if group_label == "`g'" & program_label_short == ""
  5.                         
. }

    Variable |        Obs        Mean    Std. dev.       Min        Max
-------------+---------------------------------------------------------
 table_order |          8        27.5     2.44949         24         31
(1 real change made)
(1 real change made)

    Variable |        Obs        Mean    Std. dev.       Min        Max
-------------+---------------------------------------------------------
 table_order |          2        93.5    .7071068         93         94
(1 real change made)
(1 real change made)

    Variable |        Obs        Mean    Std. dev.       Min        Max
-------------+---------------------------------------------------------
 table_order |          2        98.5    .7071068         98         99
(1 real change made)
(1 real change made)

    Variable |        Obs        Mean    Std. dev.       Min        Max
-------------+---------------------------------------------------------
 table_order |          3         102           1        101        103
(1 real change made)
(1 real change made)

    Variable |        Obs        Mean    Std. dev.       Min        Max
-------------+---------------------------------------------------------
 table_order |          3          20           1         19         21
(1 real change made)
(1 real change made)

    Variable |        Obs        Mean    Std. dev.       Min        Max
-------------+---------------------------------------------------------
 table_order |         12        68.5    3.605551         63         74
(1 real change made)
(1 real change made)

    Variable |        Obs        Mean    Std. dev.       Min        Max
-------------+---------------------------------------------------------
 table_order |          4        51.5    1.290994         50         53
(1 real change made)
(1 real change made)

    Variable |        Obs        Mean    Std. dev.       Min        Max
-------------+---------------------------------------------------------
 table_order |          3          38           1         37         39
(1 real change made)
(1 real change made)

    Variable |        Obs        Mean    Std. dev.       Min        Max
-------------+---------------------------------------------------------
 table_order |          3         112           1        111        113
(1 real change made)
(1 real change made)

    Variable |        Obs        Mean    Std. dev.       Min        Max
-------------+---------------------------------------------------------
 table_order |          2        82.5    .7071068         82         83
(1 real change made)
(1 real change made)

    Variable |        Obs        Mean    Std. dev.       Min        Max
-------------+---------------------------------------------------------
 table_order |          6        57.5    1.870829         55         60
(1 real change made)
(1 real change made)

    Variable |        Obs        Mean    Std. dev.       Min        Max
-------------+---------------------------------------------------------
 table_order |          3          90           1         89         91
(1 real change made)
(1 real change made)

    Variable |        Obs        Mean    Std. dev.       Min        Max
-------------+---------------------------------------------------------
 table_order |          2        47.5    .7071068         47         48
(1 real change made)
(1 real change made)

    Variable |        Obs        Mean    Std. dev.       Min        Max
-------------+---------------------------------------------------------
 table_order |          5          14    1.581139         12         16
(1 real change made)
(1 real change made)

    Variable |        Obs        Mean    Std. dev.       Min        Max
-------------+---------------------------------------------------------
 table_order |          2       106.5    .7071068        106        107
(1 real change made)
(1 real change made)

    Variable |        Obs        Mean    Std. dev.       Min        Max
-------------+---------------------------------------------------------
 table_order |          3          34           1         33         35
(1 real change made)
(1 real change made)

    Variable |        Obs        Mean    Std. dev.       Min        Max
-------------+---------------------------------------------------------
 table_order |          5          43    1.581139         41         45
(1 real change made)
(1 real change made)

    Variable |        Obs        Mean    Std. dev.       Min        Max
-------------+---------------------------------------------------------
 table_order |          1         109           .        109        109
(1 real change made)
(1 real change made)

    Variable |        Obs        Mean    Std. dev.       Min        Max
-------------+---------------------------------------------------------
 table_order |          3           3           1          2          4
(1 real change made)
(1 real change made)

. sort table_order        

.         
.         
. **********************
. * 5. Export to Excel *
. **********************
. preserve 

. 
.         drop table_order across_group_ordering group_label

. 
.         if "`export_excel_toggle'" == "yes" {
. 
.                 if "`savings'" == "yes" {
.                         copy "${output_tab}/tables_templates/TEMPLATE_Savings.xlsx" "`output_path'/`table_name'.xlsx", replace  
.                 }
. 
.                 if "`savings'" == "no" {
.                         
.                         if "`with_international'" == "yes" {
.                                 copy "${output_tab}/tables_templates/TEMPLATE.xlsx" "`output_path'/`table_name'.xlsx", replace  
.                         }
.                         if "`with_international'" == "no" {
.                                 copy "${output_tab}/tables_templates/TEMPLATE_No_International.xlsx" "`output_path'/`table_name'.xlsx", r
> eplace 
.                         }
.                         
.                 }       
. 
.                 export excel "`output_path'/`table_name'.xlsx", first(var) sheet("data_export", replace) keepcellfmt    
file C:/Users/bcchen/Documents/GitHub/mvpf-climate/data/6_tables/tables_appendix/Table1_scc193_main.xlsx saved
.                 
.         }

. 
. restore 

. 
end of do-file

. 
end of do-file

. do "C:\Users\bcchen\AppData\Local\Temp\STD8eb0_00000e.tmp"

. do "${github}/figtab/excel_MVPF_tables.do" "full_current_193" "Table1_scc193_main" "no" "yes"

. *****************************************************************
. *             Export Final Datasets to Excel                    *
. *****************************************************************
. 
. *****************************************************
. * 0.             Get Dataset Names                  *
. *****************************************************
. 
. local selected_data_stub                `1'

. local pattern_suffix = "`selected_data_stub'"

. di in yellow "Looking for folders ending with pattern: `pattern_suffix'"
Looking for folders ending with pattern: full_current_193

. * Find all folders in the results directory that end with the pattern
. local results_dir = "${code_files}/4_results"

. local folder_list = ""

. local folder_dates = ""

. * Get list of all subdirectories
. qui local folders : dir "`results_dir'" dirs "*"

. * Filter folders that end with our pattern and extract timestamps
. foreach folder of local folders {
  2.     if regexm("`folder'", "^([0-9]{4}-[0-9]{2}-[0-9]{2}_[0-9]{2}-[0-9]{2}-[0-9]{2})__`pattern_suffix'$") {
  3.         local timestamp = regexs(1)
  4.         local folder_list = "`folder_list' `folder'"
  5.         local folder_dates = "`folder_dates' `timestamp'"
  6.         di in green "Found matching folder: `folder' (timestamp: `timestamp')"
  7.     }
  8. }
Found matching folder: 2025-09-25_13-45-54__full_current_193 (timestamp: 2025-09-25_13-45-54)
Found matching folder: 2025-10-21_01-03-46__full_current_193 (timestamp: 2025-10-21_01-03-46)

. * If no matching folders found, display error and exit
. if "`folder_list'" == "" {
.     di as error "`pattern_suffix' folder has not been created, please run the masterfile first to create this folder"
.     exit 601
. }

. else {
.     * Find the most recent folder by comparing timestamps
.     local most_recent_folder = ""
.     local most_recent_timestamp = ""
.     local folder_count : word count `folder_list'
.     local date_count : word count `folder_dates'
.     forvalues i = 1/`folder_count' {
  2.         local current_folder : word `i' of `folder_list'
  3.         local current_timestamp : word `i' of `folder_dates'
  4.         * Convert timestamp to comparable format (remove hyphens and underscores)
.         local current_numeric = subinstr(subinstr("`current_timestamp'", "-", "", .), "_", "", .)
  5.         if "`most_recent_timestamp'" == "" {
  6.             local most_recent_folder = "`current_folder'"
  7.             local most_recent_timestamp = "`current_numeric'"
  8.         }
  9.         else {
 10.             local most_recent_numeric = subinstr(subinstr("`most_recent_timestamp'", "-", "", .), "_", "", .)
 11.             if `current_numeric' > `most_recent_numeric' {
 12.                 local most_recent_folder = "`current_folder'"
 13.                 local most_recent_timestamp = "`current_numeric'"
 14.             }
 15.         }
 16.     }
.     local selected_data_stub = "`most_recent_folder'"
.     di in green "Selected most recent folder: `selected_data_stub'"
Selected most recent folder: 2025-10-21_01-03-46__full_current_193
. }

. 
. 
. local stub_toggle                                       "`selected_data_stub'" 

. 
. local table_name                                        "`2'"

. 
. local savings                                           "`3'"

. 
. local with_international                        "`4'"

. 
. local export_excel_toggle                       yes

. 
. local output_path ${output_tab}/tables_appendix

. 
. if "`2'" == "Table2_scc193_main" {
.         local output_path ${output_tab}/tables_main
. }

. 
. 
. *****************************************************
. * 1. Reshape Datasets and Merge with Policy Details *
. *****************************************************
. use "${code_files}/4_results/`stub_toggle'/compiled_results_all_uncorrected_vJK", clear

. 
. missings dropvars, force

Checking missings in program component_type component_value l_component u_component component_sd component_over_prog_cost assumptions
    correlation replications:
9800 observations with missing values

note: l_component u_component component_sd dropped

. drop component_over_prog_cost 

. cap drop perc_switch

. ren component_value cv

. cap drop assumptions component_sd

.         
. replace cv = cv
(0 real changes made)

. cap drop l_component u_component

.         
. reshape wide cv, i(program) j(component_type) string
(j = MVPF MVPF_no_cc WTP WTP_RoW WTP_USFut WTP_USPres WTP_USTotal WTP_cc admin_cost beh_fisc_ext c_savings cost cost_curve cost_mvpf cost_w
> tp env_cost_wtp env_cost_wtp_g env_cost_wtp_l enviro_mvpf enviro_wtp epsilon ev_sub_c ev_sub_c_row ev_sub_c_us ev_sub_cost ev_sub_env fed
> _fisc_ext firm_cost_wtp firm_mvpf fisc_ext_lr fisc_ext_s fisc_ext_t fiscalext gas_corp_fisc_e gas_fisc_ext gov_carbon infmarg marginal p_
> spend pass_through permitrev permitrev_ex permitrev_new profits profits_fisc_e program_cost q_CO2 q_CO2_mck q_CO2_mck_no q_CO2_no q_carbo
> n_mck resource_ce resource_cost semie state_fisc_ext subsidies taxes total_cost transfer utility_fisc_ext wind_g_wf wind_l_wf wtp_abateme
> nt wtp_batt wtp_cons wtp_ctr wtp_deal wtp_e_cost wtp_glob wtp_inf wtp_install wtp_leak wtp_loc wtp_local_w_r wtp_marg wtp_no_ice wtp_no_i
> ce_g wtp_no_ice_local wtp_no_leak wtp_permits wtp_private wtp_prod wtp_prod_s wtp_prod_u wtp_r_glob wtp_r_loc wtp_soc wtp_soc_g wtp_soc_l
>  wtp_soc_l_dr wtp_soc_l_po wtp_soc_rbd wtp_soc_rbd_g wtp_soc_rbd_l wtp_yes_ev wtp_yes_ev_g wtp_yes_ev_local wtp_yes_hev)

Data                               Long   ->   Wide
-----------------------------------------------------------------------------
Number of observations            9,800   ->   100         
Number of variables                   6   ->   102         
j variable (98 values)   component_type   ->   (dropped)
xij variables:
                                     cv   ->   cvMVPF cvMVPF_no_cc ... cvwtp_yes_hev
-----------------------------------------------------------------------------

. ren cv* *

. drop WTP_RoW WTP_USFut WTP_USPres WTP_USTotal wind_g_wf wind_l_wf epsilon

. 
. preserve

.         import excel "${code_files}/policy_details_v3.xlsx", clear first
(16 vars, 100 obs)

.         tempfile policy_labels

.         save "`policy_labels.dta'", replace
(file C:\Users\bcchen\AppData\Local\Temp\ST_8eb0_000002.tmp not found)
file C:\Users\bcchen\AppData\Local\Temp\ST_8eb0_000002.tmp saved as .dta format

. restore

. 
. merge m:1 program using "`policy_labels.dta'", keep(3)

    Result                      Number of obs
    -----------------------------------------
    Not matched                             0
    Matched                               100  (_merge==3)
    -----------------------------------------

. drop if program == "cafe_dk"
(1 observation deleted)

. drop if broad_category == "Regulation"
(3 observations deleted)

. drop if extended == 1
(24 observations deleted)

. assert _N == 72

. 
. missings dropvars, force

Checking missings in program MVPF MVPF_no_cc WTP WTP_cc admin_cost beh_fisc_ext c_savings cost cost_curve cost_mvpf cost_wtp env_cost_wtp
    env_cost_wtp_g env_cost_wtp_l enviro_mvpf enviro_wtp ev_sub_c ev_sub_c_row ev_sub_c_us ev_sub_cost ev_sub_env fed_fisc_ext
    firm_cost_wtp firm_mvpf fisc_ext_lr fisc_ext_s fisc_ext_t fiscalext gas_corp_fisc_e gas_fisc_ext gov_carbon infmarg marginal p_spend
    pass_through permitrev permitrev_ex permitrev_new profits profits_fisc_e program_cost q_CO2 q_CO2_mck q_CO2_mck_no q_CO2_no
    q_carbon_mck resource_ce resource_cost semie state_fisc_ext subsidies taxes total_cost transfer utility_fisc_ext wtp_abatement wtp_batt
    wtp_cons wtp_ctr wtp_deal wtp_e_cost wtp_glob wtp_inf wtp_install wtp_leak wtp_loc wtp_local_w_r wtp_marg wtp_no_ice wtp_no_ice_g
    wtp_no_ice_local wtp_no_leak wtp_permits wtp_private wtp_prod wtp_prod_s wtp_prod_u wtp_r_glob wtp_r_loc wtp_soc wtp_soc_g wtp_soc_l
    wtp_soc_l_dr wtp_soc_l_po wtp_soc_rbd wtp_soc_rbd_g wtp_soc_rbd_l wtp_yes_ev wtp_yes_ev_g wtp_yes_ev_local wtp_yes_hev assumptions
    correlation replications program_label_long program_label_short source year_in_context location broad_category group_label panel_number
    across_group_ordering in_group_ordering extended international regulation table_order no_SE _merge:
72 observations with missing values

note: ev_sub_c ev_sub_c_row ev_sub_c_us ev_sub_cost ev_sub_env fiscalext infmarg marginal permitrev permitrev_ex permitrev_new extended
regulation dropped

. drop _merge program_label_long

. drop correlation replications

. mvencode _all, mv(0) override
  MVPF_no_cc: 51 missing values recoded
      WTP_cc: 58 missing values recoded
  admin_cost: 69 missing values recoded
beh_fisc_ext: 66 missing values recoded
   c_savings: 36 missing values recoded
  cost_curve: 71 missing values recoded
   cost_mvpf: 58 missing values recoded
    cost_wtp: 45 missing values recoded
env_cost_wtp: 45 missing values recoded
env_cost_w~g: 58 missing values recoded
env_cost_w~l: 58 missing values recoded
 enviro_mvpf: 58 missing values recoded
  enviro_wtp: 71 missing values recoded
fed_fisc_ext: 67 missing values recoded
firm_cost_~p: 67 missing values recoded
   firm_mvpf: 67 missing values recoded
  fisc_ext_s: 12 missing values recoded
  fisc_ext_t: 7 missing values recoded
gas_corp_f~e: 66 missing values recoded
gas_fisc_ext: 66 missing values recoded
  gov_carbon: 13 missing values recoded
     p_spend: 17 missing values recoded
pass_through: 66 missing values recoded
     profits: 71 missing values recoded
profits_fi~e: 69 missing values recoded
       q_CO2: 5 missing values recoded
   q_CO2_mck: 47 missing values recoded
q_CO2_mck_no: 57 missing values recoded
    q_CO2_no: 57 missing values recoded
q_carbon_mck: 13 missing values recoded
 resource_ce: 13 missing values recoded
resource_c~t: 59 missing values recoded
       semie: 37 missing values recoded
state_fisc~t: 68 missing values recoded
   subsidies: 71 missing values recoded
       taxes: 71 missing values recoded
  total_cost: 22 missing values recoded
    transfer: 71 missing values recoded
utility_fi~t: 69 missing values recoded
wtp_abatem~t: 70 missing values recoded
    wtp_batt: 71 missing values recoded
    wtp_cons: 22 missing values recoded
     wtp_ctr: 70 missing values recoded
    wtp_deal: 69 missing values recoded
  wtp_e_cost: 63 missing values recoded
    wtp_glob: 15 missing values recoded
     wtp_inf: 38 missing values recoded
 wtp_install: 67 missing values recoded
    wtp_leak: 70 missing values recoded
     wtp_loc: 16 missing values recoded
wtp_local_~r: 71 missing values recoded
    wtp_marg: 38 missing values recoded
  wtp_no_ice: 66 missing values recoded
wtp_no_ice_g: 66 missing values recoded
wtp_no_ice~l: 66 missing values recoded
 wtp_no_leak: 70 missing values recoded
 wtp_permits: 70 missing values recoded
 wtp_private: 62 missing values recoded
    wtp_prod: 20 missing values recoded
  wtp_prod_s: 49 missing values recoded
  wtp_prod_u: 56 missing values recoded
  wtp_r_glob: 28 missing values recoded
   wtp_r_loc: 29 missing values recoded
     wtp_soc: 13 missing values recoded
   wtp_soc_g: 57 missing values recoded
   wtp_soc_l: 57 missing values recoded
wtp_soc_l_dr: 60 missing values recoded
wtp_soc_l_po: 60 missing values recoded
 wtp_soc_rbd: 55 missing values recoded
wtp_soc_rb~g: 69 missing values recoded
wtp_soc_rb~l: 69 missing values recoded
  wtp_yes_ev: 69 missing values recoded
wtp_yes_ev_g: 69 missing values recoded
wtp_yes_ev~l: 69 missing values recoded
 wtp_yes_hev: 69 missing values recoded
internatio~l: 61 missing values recoded
       no_SE: 60 missing values recoded

. order program_cost, after(WTP)

. 
. ***********************************************
. * 2. Check that Each Component Sums Correctly *
. ***********************************************
. 
. **** Transfer
. cap gen wtp_install = 0

. cap drop transfer

. gen transfer = wtp_cons + wtp_deal + wtp_install

. drop wtp_cons wtp_deal wtp_install

. replace transfer = wtp_inf + wtp_marg if (inlist(group_label, "Weatherization", "Appliance Rebates", "Other Nudges", "Vehicle Retirement"
> ) & ///
>                                                                                  program != "care" & program != "solarize" & program != "
> her_compiled" & program != "cw_datta" & program != "dw_datta" & ///
>                                                                                  program != "fridge_datta" & program != "wisc_rf") | inli
> st(program, "ca_electric", "cookstoves", "mx_deforest", "ug_deforest")
(18 real changes made)

. replace transfer = wtp_inf + wtp_marg + wtp_ctr if inlist(program, "ihwap_hb", "ihwap_lb")
(2 real changes made)

. drop wtp_inf wtp_marg wtp_private

. cap gen wtp_abatement = 0

. cap gen wtp_permits = 0

. replace transfer = wtp_abatement + wtp_permits if group_label == "Cap and Trade"
(2 real changes made)

. drop wtp_abatement wtp_permits

. replace transfer = wtp_prod if group_label == "Wind Production Credits" | inlist(program, "rao_crude", "bmm_crude", "india_offset")
(4 real changes made)

. replace transfer = 1 if program == "sallee_hy"
(0 real changes made)

. 
. **** Global and Local Enviro
. assert round(wtp_no_ice, 0.0001) == round(wtp_no_ice_g + wtp_no_ice_local, 0.0001)

. assert round(wtp_yes_ev, 0.0001) == round(wtp_yes_ev_local + wtp_yes_ev_g, 0.0001) if group_label == "Electric Vehicles"

. assert round(wtp_loc, 0.0001) == round(wtp_yes_ev_local + wtp_no_ice_local, 0.0001) if group_label == "Electric Vehicles"

. 
. drop wtp_no_ice_g wtp_no_ice_local wtp_yes_ev_g wtp_yes_ev_local

. 
. assert round(wtp_soc, 0.0001) == round(wtp_glob + wtp_loc, 0.0001) if group_label == "Electric Vehicles"

. assert round(wtp_soc, 0.0001) == round(wtp_glob + wtp_loc, 0.0001) if group_label == "Hybrid Vehicles"

. replace wtp_glob = wtp_glob + wtp_e_cost if group_label == "Residential Solar"| program == "solarize"
(6 real changes made)

. replace wtp_glob = (wtp_glob + wtp_e_cost) - wtp_r_glob if group_label == "Wind Production Credits"
(3 real changes made)

. replace wtp_glob = wtp_soc_g if inlist(group_label, "Gasoline Taxes", "Cap and Trade") | inlist(program, "cookstoves", "bmm_crude", "bunk
> er_fuel", "ethanol", "rao_crude")
(15 real changes made)

. replace wtp_loc = wtp_soc_l if inlist(group_label, "Gasoline Taxes", "Cap and Trade") | inlist(program, "cookstoves", "bmm_crude", "bunke
> r_fuel", "ethanol", "rao_crude")
(14 real changes made)

. replace wtp_loc = 0 if wtp_loc == -1.00e-35
(0 real changes made)

. replace wtp_loc = wtp_loc - wtp_r_loc if group_label == "Wind Production Credits"
(3 real changes made)

. 
. cap gen wtp_leak = 0

. cap gen wtp_no_leak = 0

. drop wtp_yes_ev wtp_yes_hev wtp_no_ice wtp_soc wtp_e_cost wtp_soc_g wtp_soc_l wtp_leak wtp_no_leak 

. 
. **** Rebound
. replace wtp_soc_rbd = 0 if wtp_soc_rbd == 1.00e-11
(1 real change made)

. replace wtp_soc_rbd_l = 0 if wtp_soc_rbd_l == 1.00e-20 | program == "rggi"
(0 real changes made)

. replace wtp_soc_rbd_g = 0 if wtp_soc_rbd_g == 1.00e-20 | program == "rggi"
(0 real changes made)

. assert round(wtp_soc_rbd, 0.0001) == round(wtp_soc_rbd_g + wtp_soc_rbd_l, 0.0001) if wtp_soc_rbd_g != 0 & wtp_soc_rbd_l != 0

. replace wtp_r_loc = wtp_soc_rbd_l if wtp_soc_rbd_l != 0 & wtp_r_loc == 0
(3 real changes made)

. replace wtp_r_glob = wtp_soc_rbd_g if wtp_soc_rbd_g != 0  & wtp_r_glob == 0
(3 real changes made)

. drop wtp_soc_rbd_l wtp_soc_rbd_g

. replace wtp_soc_rbd = wtp_r_glob + wtp_r_loc if wtp_soc_rbd == 0 & wtp_r_glob != 0 & wtp_r_loc != 0
(23 real changes made)

. replace wtp_soc_rbd = wtp_r_glob if inlist(program, "care", "opower_ng", "rebate_es", "es_incent", "ac_mex", "fridge_mex", "nudge_ger", "
> nudge_qatar", "wap_mexico") | inlist(program, "india_offset")
(7 real changes made)

. replace wtp_soc_rbd = -wtp_soc_rbd if program == "wisc_rf"
(1 real change made)

. 
. 
. **** Dynamic Price and Dynamic Enviro
. replace env_cost_wtp = 0 if env_cost_wtp == -1.00e-17
(0 real changes made)

. replace cost_wtp = 0 if cost_wtp == -1.00e-17
(0 real changes made)

. 
. assert round(env_cost_wtp, 0.0001) == round(env_cost_wtp_g + env_cost_wtp_l, 0.0001) if env_cost_wtp_l != 0 & env_cost_wtp_g != 0 & group
> _label != "Gasoline Tax"

. 
. drop cost_mvpf enviro_mvpf firm_mvpf

. 
. **** Producers
. gen producers = firm_cost_wtp + wtp_prod_s + wtp_prod_u

. replace producers = wtp_prod if inlist(group_label, "Residential Solar", "Appliance Rebates", "Weatherization", "Other Nudges", "Home Ene
> rgy Reports") | program == "care" | program == "ca_electric"
(30 real changes made)

. replace producers = wtp_prod if inlist(program, "jet_fuel", "CPP_aj", "CPP_pj", "PER", "baaqmd", "ca_electric")
(2 real changes made)

. replace producers = -wtp_prod if program == "wisc_rf"
(1 real change made)

. drop wtp_prod_s wtp_prod_u wtp_prod

. 
. **** Fiscal Externalities
. replace fisc_ext_s = beh_fisc_ext + fed_fisc_ext + state_fisc_ext if group_label == "Electric Vehicles" | group_label == "Hybrid Vehicles
> "
(3 real changes made)

. replace fisc_ext_t = gas_corp_fisc_e + gas_fisc_ext + utility_fisc_ext if group_label == "Electric Vehicles" | group_label == "Hybrid Veh
> icles"
(6 real changes made)

. 
. gen fisc_ext_sr = fisc_ext_s + fisc_ext_t

. drop fisc_ext_s fisc_ext_t

. 
. drop beh_fisc_ext fed_fisc_ext state_fisc_ext gas_corp_fisc_e gas_fisc_ext utility_fisc_ext

. 
. **** Total WTP
. gen WTP_no_cc = WTP

. replace WTP = WTP_cc if WTP_cc != 0
(14 real changes made)

. 
. **** Total Cost
. assert total_cost == cost if total_cost != 0

. drop total_cost

. 
. 
. **** Normalization Factor
. gen normalization = program_cost // for normalizing all the factors such that program_cost (without admin cost) is 1

. gen prog_cost_no_normal = program_cost

. 
. local components transfer wtp_loc wtp_glob wtp_soc_rbd env_cost_wtp cost_wtp producers WTP program_cost fisc_ext_sr fisc_ext_lr cost wtp_
> r_loc wtp_r_glob WTP_no_cc WTP_cc env_cost_wtp_g c_savings

. foreach comp of local components{
  2.     replace `comp' = `comp' / normalization
  3. }
(42 real changes made)
(34 real changes made)
(49 real changes made)
(36 real changes made)
(8 real changes made)
(8 real changes made)
(32 real changes made)
(49 real changes made)
(49 real changes made)
(38 real changes made)
(49 real changes made)
(49 real changes made)
(28 real changes made)
(36 real changes made)
(49 real changes made)
(8 real changes made)
(8 real changes made)
(3 real changes made)

. 
. 
. if "`savings'" == "yes"{
.     assert round(WTP, 0.001) == round(transfer + c_savings + wtp_loc + wtp_glob + wtp_soc_rbd + env_cost_wtp + cost_wtp + producers, 0.00
> 1)
. }

. else{
.     assert round(WTP, 0.001) == round(transfer + wtp_loc + wtp_glob + wtp_soc_rbd + env_cost_wtp + cost_wtp + producers, 0.001)
. }

. 
. assert round(cost, 0.001) == round(program_cost + fisc_ext_sr + fisc_ext_lr, 0.001) if program != "bev_state_i" // see if this is fixed a
> fter the latest big run

. assert round(MVPF, 0.001) == round(WTP / cost, 0.001) if (MVPF != 99999 & MVPF != -99999)

. 
. **** Combine Environmental Benefits
. gen wtp_env = wtp_glob + wtp_loc + wtp_soc_rbd

. 
. *********************************
. * 3. Calculate Category Average *
. *********************************
. preserve

. 
.         tempfile all_policy_save

.         save "`all_policy_save'", replace
(file C:\Users\bcchen\AppData\Local\Temp\ST_8eb0_000004.tmp not found)
file C:\Users\bcchen\AppData\Local\Temp\ST_8eb0_000004.tmp saved as .dta format

.         
.         assert WTP_cc == WTP if WTP_cc != 0

.         sort table_order

.                 
.         if "`savings'" == "no" {
.                 collapse (mean) WTP program_cost cost env_cost_wtp cost_wtp producers fisc_ext_lr wtp_glob wtp_loc wtp_soc_rbd fisc_ext_s
> r transfer table_order, by(group_label)
.         }       

.         
.         if "`savings'" == "yes" {
.                 collapse (mean) WTP program_cost cost env_cost_wtp cost_wtp producers fisc_ext_lr wtp_glob wtp_loc wtp_soc_rbd fisc_ext_s
> r transfer c_savings table_order, by(group_label)
.         }

. 
.         gen MVPF = WTP / cost

.         replace table_order = .
(19 real changes made, 19 to missing)

.         tempfile category_averages

.         save "`category_averages'", replace             
(file C:\Users\bcchen\AppData\Local\Temp\ST_8eb0_000005.tmp not found)
file C:\Users\bcchen\AppData\Local\Temp\ST_8eb0_000005.tmp saved as .dta format

.                                 
. restore

. 
. **************************
. * 4. Organize Components *
. **************************
. keep program_label_short group_label MVPF WTP program_cost cost env_cost_wtp cost_wtp producers fisc_ext_lr wtp_env fisc_ext_sr transfer 
> table_order c_savings across_group_ordering

. sort table_order

.         
. if "`savings'" == "no"{
.         drop c_savings
.         order program_label_short transfer wtp_env env_cost_wtp cost_wtp producers WTP program_cost fisc_ext_sr fisc_ext_lr cost MVPF
. 
. }       

. else {
.         order program_label_short transfer wtp_env env_cost_wtp cost_wtp producers WTP program_cost fisc_ext_sr fisc_ext_lr cost MVPF c_s
> avings
. }

. 
. order table_order

. 
. // Deal with Ordering of Revenue Raisers
. replace across_group_ordering = 11 if group_label == "Gasoline Taxes"
(12 real changes made)

. replace across_group_ordering = 12 if group_label == "Other Fuel Taxes"
(0 real changes made)

. replace across_group_ordering = 13 if group_label == "Other Revenue Raisers"
(3 real changes made)

. replace across_group_ordering = 14 if group_label == "Cap and Trade"    
(0 real changes made)

. 
. replace table_order = table_order + across_group_ordering
variable table_order was byte now int
(72 real changes made)

. 
. 
. // Bring in Category Averages
. append using "`category_averages'"
(variable table_order was int, now float to accommodate using data's values)

. 
. levelsof(group_label), local(group_loop)
`"Appliance Rebates"' `"Cap and Trade"' `"Cookstoves"' `"Deforestation"' `"Electric Vehicles"' `"Gasoline Taxes"' `"Home Energy Reports"' `
> "Hybrid Vehicles"' `"International Rebates"' `"Other Fuel Taxes"' `"Other Nudges"' `"Other Revenue Raisers"' `"Other Subsidies"' `"Reside
> ntial Solar"' `"Rice Burning"' `"Vehicle Retirement"' `"Weatherization"' `"Wind Offset"' `"Wind Production Credits"'

. foreach g of local group_loop {
  2.         
.         sum table_order if group_label == "`g'"
  3.         replace table_order = (r(min) - 1) if group_label == "`g'" & program_label_short == "" 
  4.         replace program_label_short = "`g'" if group_label == "`g'" & program_label_short == ""
  5.                         
. }

    Variable |        Obs        Mean    Std. dev.       Min        Max
-------------+---------------------------------------------------------
 table_order |          8        27.5     2.44949         24         31
(1 real change made)
(1 real change made)

    Variable |        Obs        Mean    Std. dev.       Min        Max
-------------+---------------------------------------------------------
 table_order |          2        93.5    .7071068         93         94
(1 real change made)
(1 real change made)

    Variable |        Obs        Mean    Std. dev.       Min        Max
-------------+---------------------------------------------------------
 table_order |          2        98.5    .7071068         98         99
(1 real change made)
(1 real change made)

    Variable |        Obs        Mean    Std. dev.       Min        Max
-------------+---------------------------------------------------------
 table_order |          3         102           1        101        103
(1 real change made)
(1 real change made)

    Variable |        Obs        Mean    Std. dev.       Min        Max
-------------+---------------------------------------------------------
 table_order |          3          20           1         19         21
(1 real change made)
(1 real change made)

    Variable |        Obs        Mean    Std. dev.       Min        Max
-------------+---------------------------------------------------------
 table_order |         12        68.5    3.605551         63         74
(1 real change made)
(1 real change made)

    Variable |        Obs        Mean    Std. dev.       Min        Max
-------------+---------------------------------------------------------
 table_order |          4        51.5    1.290994         50         53
(1 real change made)
(1 real change made)

    Variable |        Obs        Mean    Std. dev.       Min        Max
-------------+---------------------------------------------------------
 table_order |          3          38           1         37         39
(1 real change made)
(1 real change made)

    Variable |        Obs        Mean    Std. dev.       Min        Max
-------------+---------------------------------------------------------
 table_order |          3         112           1        111        113
(1 real change made)
(1 real change made)

    Variable |        Obs        Mean    Std. dev.       Min        Max
-------------+---------------------------------------------------------
 table_order |          2        82.5    .7071068         82         83
(1 real change made)
(1 real change made)

    Variable |        Obs        Mean    Std. dev.       Min        Max
-------------+---------------------------------------------------------
 table_order |          6        57.5    1.870829         55         60
(1 real change made)
(1 real change made)

    Variable |        Obs        Mean    Std. dev.       Min        Max
-------------+---------------------------------------------------------
 table_order |          3          90           1         89         91
(1 real change made)
(1 real change made)

    Variable |        Obs        Mean    Std. dev.       Min        Max
-------------+---------------------------------------------------------
 table_order |          2        47.5    .7071068         47         48
(1 real change made)
(1 real change made)

    Variable |        Obs        Mean    Std. dev.       Min        Max
-------------+---------------------------------------------------------
 table_order |          5          14    1.581139         12         16
(1 real change made)
(1 real change made)

    Variable |        Obs        Mean    Std. dev.       Min        Max
-------------+---------------------------------------------------------
 table_order |          2       106.5    .7071068        106        107
(1 real change made)
(1 real change made)

    Variable |        Obs        Mean    Std. dev.       Min        Max
-------------+---------------------------------------------------------
 table_order |          3          34           1         33         35
(1 real change made)
(1 real change made)

    Variable |        Obs        Mean    Std. dev.       Min        Max
-------------+---------------------------------------------------------
 table_order |          5          43    1.581139         41         45
(1 real change made)
(1 real change made)

    Variable |        Obs        Mean    Std. dev.       Min        Max
-------------+---------------------------------------------------------
 table_order |          1         109           .        109        109
(1 real change made)
(1 real change made)

    Variable |        Obs        Mean    Std. dev.       Min        Max
-------------+---------------------------------------------------------
 table_order |          3           3           1          2          4
(1 real change made)
(1 real change made)

. sort table_order        

.         
.         
. **********************
. * 5. Export to Excel *
. **********************
. preserve 

. 
.         drop table_order across_group_ordering group_label

. 
.         if "`export_excel_toggle'" == "yes" {
. 
.                 if "`savings'" == "yes" {
.                         copy "${output_tab}/tables_templates/TEMPLATE_Savings.xlsx" "`output_path'/`table_name'.xlsx", replace  
.                 }
. 
.                 if "`savings'" == "no" {
.                         
.                         if "`with_international'" == "yes" {
.                                 copy "${output_tab}/tables_templates/TEMPLATE.xlsx" "`output_path'/`table_name'.xlsx", replace  
file C:/Users/bcchen/Documents/GitHub/mvpf-climate/data/6_tables/tables_appendix/Table1_scc193_main.xlsx is read-only; cannot be modified
    or erased
r(608);
.                         }
r(608);
.                         if "`with_international'" == "no" {
.                                 copy "${output_tab}/tables_templates/TEMPLATE_No_International.xlsx" "`output_path'/`table_name'.xlsx", r
> eplace 
.                         }
.                         
.                 }       
r(608);
. 
.                 export excel "`output_path'/`table_name'.xlsx", first(var) sheet("data_export", replace) keepcellfmt    
.                 
.         }
r(608);

end of do-file
r(608);

end of do-file

r(608);

. do "C:\Users\bcchen\AppData\Local\Temp\STD8eb0_00000f.tmp"

. do "${github}/figtab/excel_MVPF_tables.do" "full_current_193" "Table1_scc193_main" "no" "yes"

. *****************************************************************
. *             Export Final Datasets to Excel                    *
. *****************************************************************
. 
. *****************************************************
. * 0.             Get Dataset Names                  *
. *****************************************************
. 
. local selected_data_stub                `1'

. local pattern_suffix = "`selected_data_stub'"

. di in yellow "Looking for folders ending with pattern: `pattern_suffix'"
Looking for folders ending with pattern: full_current_193

. * Find all folders in the results directory that end with the pattern
. local results_dir = "${code_files}/4_results"

. local folder_list = ""

. local folder_dates = ""

. * Get list of all subdirectories
. qui local folders : dir "`results_dir'" dirs "*"

. * Filter folders that end with our pattern and extract timestamps
. foreach folder of local folders {
  2.     if regexm("`folder'", "^([0-9]{4}-[0-9]{2}-[0-9]{2}_[0-9]{2}-[0-9]{2}-[0-9]{2})__`pattern_suffix'$") {
  3.         local timestamp = regexs(1)
  4.         local folder_list = "`folder_list' `folder'"
  5.         local folder_dates = "`folder_dates' `timestamp'"
  6.         di in green "Found matching folder: `folder' (timestamp: `timestamp')"
  7.     }
  8. }
Found matching folder: 2025-09-25_13-45-54__full_current_193 (timestamp: 2025-09-25_13-45-54)
Found matching folder: 2025-10-21_01-03-46__full_current_193 (timestamp: 2025-10-21_01-03-46)

. * If no matching folders found, display error and exit
. if "`folder_list'" == "" {
.     di as error "`pattern_suffix' folder has not been created, please run the masterfile first to create this folder"
.     exit 601
. }

. else {
.     * Find the most recent folder by comparing timestamps
.     local most_recent_folder = ""
.     local most_recent_timestamp = ""
.     local folder_count : word count `folder_list'
.     local date_count : word count `folder_dates'
.     forvalues i = 1/`folder_count' {
  2.         local current_folder : word `i' of `folder_list'
  3.         local current_timestamp : word `i' of `folder_dates'
  4.         * Convert timestamp to comparable format (remove hyphens and underscores)
.         local current_numeric = subinstr(subinstr("`current_timestamp'", "-", "", .), "_", "", .)
  5.         if "`most_recent_timestamp'" == "" {
  6.             local most_recent_folder = "`current_folder'"
  7.             local most_recent_timestamp = "`current_numeric'"
  8.         }
  9.         else {
 10.             local most_recent_numeric = subinstr(subinstr("`most_recent_timestamp'", "-", "", .), "_", "", .)
 11.             if `current_numeric' > `most_recent_numeric' {
 12.                 local most_recent_folder = "`current_folder'"
 13.                 local most_recent_timestamp = "`current_numeric'"
 14.             }
 15.         }
 16.     }
.     local selected_data_stub = "`most_recent_folder'"
.     di in green "Selected most recent folder: `selected_data_stub'"
Selected most recent folder: 2025-10-21_01-03-46__full_current_193
. }

. 
. 
. local stub_toggle                                       "`selected_data_stub'" 

. 
. local table_name                                        "`2'"

. 
. local savings                                           "`3'"

. 
. local with_international                        "`4'"

. 
. local export_excel_toggle                       yes

. 
. local output_path ${output_tab}/tables_appendix

. 
. if "`2'" == "Table2_scc193_main" {
.         local output_path ${output_tab}/tables_main
. }

. 
. 
. *****************************************************
. * 1. Reshape Datasets and Merge with Policy Details *
. *****************************************************
. use "${code_files}/4_results/`stub_toggle'/compiled_results_all_uncorrected_vJK", clear

. 
. missings dropvars, force

Checking missings in program component_type component_value l_component u_component component_sd component_over_prog_cost assumptions
    correlation replications:
9800 observations with missing values

note: l_component u_component component_sd dropped

. drop component_over_prog_cost 

. cap drop perc_switch

. ren component_value cv

. cap drop assumptions component_sd

.         
. replace cv = cv
(0 real changes made)

. cap drop l_component u_component

.         
. reshape wide cv, i(program) j(component_type) string
(j = MVPF MVPF_no_cc WTP WTP_RoW WTP_USFut WTP_USPres WTP_USTotal WTP_cc admin_cost beh_fisc_ext c_savings cost cost_curve cost_mvpf cost_w
> tp env_cost_wtp env_cost_wtp_g env_cost_wtp_l enviro_mvpf enviro_wtp epsilon ev_sub_c ev_sub_c_row ev_sub_c_us ev_sub_cost ev_sub_env fed
> _fisc_ext firm_cost_wtp firm_mvpf fisc_ext_lr fisc_ext_s fisc_ext_t fiscalext gas_corp_fisc_e gas_fisc_ext gov_carbon infmarg marginal p_
> spend pass_through permitrev permitrev_ex permitrev_new profits profits_fisc_e program_cost q_CO2 q_CO2_mck q_CO2_mck_no q_CO2_no q_carbo
> n_mck resource_ce resource_cost semie state_fisc_ext subsidies taxes total_cost transfer utility_fisc_ext wind_g_wf wind_l_wf wtp_abateme
> nt wtp_batt wtp_cons wtp_ctr wtp_deal wtp_e_cost wtp_glob wtp_inf wtp_install wtp_leak wtp_loc wtp_local_w_r wtp_marg wtp_no_ice wtp_no_i
> ce_g wtp_no_ice_local wtp_no_leak wtp_permits wtp_private wtp_prod wtp_prod_s wtp_prod_u wtp_r_glob wtp_r_loc wtp_soc wtp_soc_g wtp_soc_l
>  wtp_soc_l_dr wtp_soc_l_po wtp_soc_rbd wtp_soc_rbd_g wtp_soc_rbd_l wtp_yes_ev wtp_yes_ev_g wtp_yes_ev_local wtp_yes_hev)

Data                               Long   ->   Wide
-----------------------------------------------------------------------------
Number of observations            9,800   ->   100         
Number of variables                   6   ->   102         
j variable (98 values)   component_type   ->   (dropped)
xij variables:
                                     cv   ->   cvMVPF cvMVPF_no_cc ... cvwtp_yes_hev
-----------------------------------------------------------------------------

. ren cv* *

. drop WTP_RoW WTP_USFut WTP_USPres WTP_USTotal wind_g_wf wind_l_wf epsilon

. 
. preserve

.         import excel "${code_files}/policy_details_v3.xlsx", clear first
(16 vars, 100 obs)

.         tempfile policy_labels

.         save "`policy_labels.dta'", replace
(file C:\Users\bcchen\AppData\Local\Temp\ST_8eb0_000002.tmp not found)
file C:\Users\bcchen\AppData\Local\Temp\ST_8eb0_000002.tmp saved as .dta format

. restore

. 
. merge m:1 program using "`policy_labels.dta'", keep(3)

    Result                      Number of obs
    -----------------------------------------
    Not matched                             0
    Matched                               100  (_merge==3)
    -----------------------------------------

. drop if program == "cafe_dk"
(1 observation deleted)

. drop if broad_category == "Regulation"
(3 observations deleted)

. drop if extended == 1
(24 observations deleted)

. assert _N == 72

. 
. missings dropvars, force

Checking missings in program MVPF MVPF_no_cc WTP WTP_cc admin_cost beh_fisc_ext c_savings cost cost_curve cost_mvpf cost_wtp env_cost_wtp
    env_cost_wtp_g env_cost_wtp_l enviro_mvpf enviro_wtp ev_sub_c ev_sub_c_row ev_sub_c_us ev_sub_cost ev_sub_env fed_fisc_ext
    firm_cost_wtp firm_mvpf fisc_ext_lr fisc_ext_s fisc_ext_t fiscalext gas_corp_fisc_e gas_fisc_ext gov_carbon infmarg marginal p_spend
    pass_through permitrev permitrev_ex permitrev_new profits profits_fisc_e program_cost q_CO2 q_CO2_mck q_CO2_mck_no q_CO2_no
    q_carbon_mck resource_ce resource_cost semie state_fisc_ext subsidies taxes total_cost transfer utility_fisc_ext wtp_abatement wtp_batt
    wtp_cons wtp_ctr wtp_deal wtp_e_cost wtp_glob wtp_inf wtp_install wtp_leak wtp_loc wtp_local_w_r wtp_marg wtp_no_ice wtp_no_ice_g
    wtp_no_ice_local wtp_no_leak wtp_permits wtp_private wtp_prod wtp_prod_s wtp_prod_u wtp_r_glob wtp_r_loc wtp_soc wtp_soc_g wtp_soc_l
    wtp_soc_l_dr wtp_soc_l_po wtp_soc_rbd wtp_soc_rbd_g wtp_soc_rbd_l wtp_yes_ev wtp_yes_ev_g wtp_yes_ev_local wtp_yes_hev assumptions
    correlation replications program_label_long program_label_short source year_in_context location broad_category group_label panel_number
    across_group_ordering in_group_ordering extended international regulation table_order no_SE _merge:
72 observations with missing values

note: ev_sub_c ev_sub_c_row ev_sub_c_us ev_sub_cost ev_sub_env fiscalext infmarg marginal permitrev permitrev_ex permitrev_new extended
regulation dropped

. drop _merge program_label_long

. drop correlation replications

. mvencode _all, mv(0) override
  MVPF_no_cc: 51 missing values recoded
      WTP_cc: 58 missing values recoded
  admin_cost: 69 missing values recoded
beh_fisc_ext: 66 missing values recoded
   c_savings: 36 missing values recoded
  cost_curve: 71 missing values recoded
   cost_mvpf: 58 missing values recoded
    cost_wtp: 45 missing values recoded
env_cost_wtp: 45 missing values recoded
env_cost_w~g: 58 missing values recoded
env_cost_w~l: 58 missing values recoded
 enviro_mvpf: 58 missing values recoded
  enviro_wtp: 71 missing values recoded
fed_fisc_ext: 67 missing values recoded
firm_cost_~p: 67 missing values recoded
   firm_mvpf: 67 missing values recoded
  fisc_ext_s: 12 missing values recoded
  fisc_ext_t: 7 missing values recoded
gas_corp_f~e: 66 missing values recoded
gas_fisc_ext: 66 missing values recoded
  gov_carbon: 13 missing values recoded
     p_spend: 17 missing values recoded
pass_through: 66 missing values recoded
     profits: 71 missing values recoded
profits_fi~e: 69 missing values recoded
       q_CO2: 5 missing values recoded
   q_CO2_mck: 47 missing values recoded
q_CO2_mck_no: 57 missing values recoded
    q_CO2_no: 57 missing values recoded
q_carbon_mck: 13 missing values recoded
 resource_ce: 13 missing values recoded
resource_c~t: 59 missing values recoded
       semie: 37 missing values recoded
state_fisc~t: 68 missing values recoded
   subsidies: 71 missing values recoded
       taxes: 71 missing values recoded
  total_cost: 22 missing values recoded
    transfer: 71 missing values recoded
utility_fi~t: 69 missing values recoded
wtp_abatem~t: 70 missing values recoded
    wtp_batt: 71 missing values recoded
    wtp_cons: 22 missing values recoded
     wtp_ctr: 70 missing values recoded
    wtp_deal: 69 missing values recoded
  wtp_e_cost: 63 missing values recoded
    wtp_glob: 15 missing values recoded
     wtp_inf: 38 missing values recoded
 wtp_install: 67 missing values recoded
    wtp_leak: 70 missing values recoded
     wtp_loc: 16 missing values recoded
wtp_local_~r: 71 missing values recoded
    wtp_marg: 38 missing values recoded
  wtp_no_ice: 66 missing values recoded
wtp_no_ice_g: 66 missing values recoded
wtp_no_ice~l: 66 missing values recoded
 wtp_no_leak: 70 missing values recoded
 wtp_permits: 70 missing values recoded
 wtp_private: 62 missing values recoded
    wtp_prod: 20 missing values recoded
  wtp_prod_s: 49 missing values recoded
  wtp_prod_u: 56 missing values recoded
  wtp_r_glob: 28 missing values recoded
   wtp_r_loc: 29 missing values recoded
     wtp_soc: 13 missing values recoded
   wtp_soc_g: 57 missing values recoded
   wtp_soc_l: 57 missing values recoded
wtp_soc_l_dr: 60 missing values recoded
wtp_soc_l_po: 60 missing values recoded
 wtp_soc_rbd: 55 missing values recoded
wtp_soc_rb~g: 69 missing values recoded
wtp_soc_rb~l: 69 missing values recoded
  wtp_yes_ev: 69 missing values recoded
wtp_yes_ev_g: 69 missing values recoded
wtp_yes_ev~l: 69 missing values recoded
 wtp_yes_hev: 69 missing values recoded
internatio~l: 61 missing values recoded
       no_SE: 60 missing values recoded

. order program_cost, after(WTP)

. 
. ***********************************************
. * 2. Check that Each Component Sums Correctly *
. ***********************************************
. 
. **** Transfer
. cap gen wtp_install = 0

. cap drop transfer

. gen transfer = wtp_cons + wtp_deal + wtp_install

. drop wtp_cons wtp_deal wtp_install

. replace transfer = wtp_inf + wtp_marg if (inlist(group_label, "Weatherization", "Appliance Rebates", "Other Nudges", "Vehicle Retirement"
> ) & ///
>                                                                                  program != "care" & program != "solarize" & program != "
> her_compiled" & program != "cw_datta" & program != "dw_datta" & ///
>                                                                                  program != "fridge_datta" & program != "wisc_rf") | inli
> st(program, "ca_electric", "cookstoves", "mx_deforest", "ug_deforest")
(18 real changes made)

. replace transfer = wtp_inf + wtp_marg + wtp_ctr if inlist(program, "ihwap_hb", "ihwap_lb")
(2 real changes made)

. drop wtp_inf wtp_marg wtp_private

. cap gen wtp_abatement = 0

. cap gen wtp_permits = 0

. replace transfer = wtp_abatement + wtp_permits if group_label == "Cap and Trade"
(2 real changes made)

. drop wtp_abatement wtp_permits

. replace transfer = wtp_prod if group_label == "Wind Production Credits" | inlist(program, "rao_crude", "bmm_crude", "india_offset")
(4 real changes made)

. replace transfer = 1 if program == "sallee_hy"
(0 real changes made)

. 
. **** Global and Local Enviro
. assert round(wtp_no_ice, 0.0001) == round(wtp_no_ice_g + wtp_no_ice_local, 0.0001)

. assert round(wtp_yes_ev, 0.0001) == round(wtp_yes_ev_local + wtp_yes_ev_g, 0.0001) if group_label == "Electric Vehicles"

. assert round(wtp_loc, 0.0001) == round(wtp_yes_ev_local + wtp_no_ice_local, 0.0001) if group_label == "Electric Vehicles"

. 
. drop wtp_no_ice_g wtp_no_ice_local wtp_yes_ev_g wtp_yes_ev_local

. 
. assert round(wtp_soc, 0.0001) == round(wtp_glob + wtp_loc, 0.0001) if group_label == "Electric Vehicles"

. assert round(wtp_soc, 0.0001) == round(wtp_glob + wtp_loc, 0.0001) if group_label == "Hybrid Vehicles"

. replace wtp_glob = wtp_glob + wtp_e_cost if group_label == "Residential Solar"| program == "solarize"
(6 real changes made)

. replace wtp_glob = (wtp_glob + wtp_e_cost) - wtp_r_glob if group_label == "Wind Production Credits"
(3 real changes made)

. replace wtp_glob = wtp_soc_g if inlist(group_label, "Gasoline Taxes", "Cap and Trade") | inlist(program, "cookstoves", "bmm_crude", "bunk
> er_fuel", "ethanol", "rao_crude")
(15 real changes made)

. replace wtp_loc = wtp_soc_l if inlist(group_label, "Gasoline Taxes", "Cap and Trade") | inlist(program, "cookstoves", "bmm_crude", "bunke
> r_fuel", "ethanol", "rao_crude")
(14 real changes made)

. replace wtp_loc = 0 if wtp_loc == -1.00e-35
(0 real changes made)

. replace wtp_loc = wtp_loc - wtp_r_loc if group_label == "Wind Production Credits"
(3 real changes made)

. 
. cap gen wtp_leak = 0

. cap gen wtp_no_leak = 0

. drop wtp_yes_ev wtp_yes_hev wtp_no_ice wtp_soc wtp_e_cost wtp_soc_g wtp_soc_l wtp_leak wtp_no_leak 

. 
. **** Rebound
. replace wtp_soc_rbd = 0 if wtp_soc_rbd == 1.00e-11
(1 real change made)

. replace wtp_soc_rbd_l = 0 if wtp_soc_rbd_l == 1.00e-20 | program == "rggi"
(0 real changes made)

. replace wtp_soc_rbd_g = 0 if wtp_soc_rbd_g == 1.00e-20 | program == "rggi"
(0 real changes made)

. assert round(wtp_soc_rbd, 0.0001) == round(wtp_soc_rbd_g + wtp_soc_rbd_l, 0.0001) if wtp_soc_rbd_g != 0 & wtp_soc_rbd_l != 0

. replace wtp_r_loc = wtp_soc_rbd_l if wtp_soc_rbd_l != 0 & wtp_r_loc == 0
(3 real changes made)

. replace wtp_r_glob = wtp_soc_rbd_g if wtp_soc_rbd_g != 0  & wtp_r_glob == 0
(3 real changes made)

. drop wtp_soc_rbd_l wtp_soc_rbd_g

. replace wtp_soc_rbd = wtp_r_glob + wtp_r_loc if wtp_soc_rbd == 0 & wtp_r_glob != 0 & wtp_r_loc != 0
(23 real changes made)

. replace wtp_soc_rbd = wtp_r_glob if inlist(program, "care", "opower_ng", "rebate_es", "es_incent", "ac_mex", "fridge_mex", "nudge_ger", "
> nudge_qatar", "wap_mexico") | inlist(program, "india_offset")
(7 real changes made)

. replace wtp_soc_rbd = -wtp_soc_rbd if program == "wisc_rf"
(1 real change made)

. 
. 
. **** Dynamic Price and Dynamic Enviro
. replace env_cost_wtp = 0 if env_cost_wtp == -1.00e-17
(0 real changes made)

. replace cost_wtp = 0 if cost_wtp == -1.00e-17
(0 real changes made)

. 
. assert round(env_cost_wtp, 0.0001) == round(env_cost_wtp_g + env_cost_wtp_l, 0.0001) if env_cost_wtp_l != 0 & env_cost_wtp_g != 0 & group
> _label != "Gasoline Tax"

. 
. drop cost_mvpf enviro_mvpf firm_mvpf

. 
. **** Producers
. gen producers = firm_cost_wtp + wtp_prod_s + wtp_prod_u

. replace producers = wtp_prod if inlist(group_label, "Residential Solar", "Appliance Rebates", "Weatherization", "Other Nudges", "Home Ene
> rgy Reports") | program == "care" | program == "ca_electric"
(30 real changes made)

. replace producers = wtp_prod if inlist(program, "jet_fuel", "CPP_aj", "CPP_pj", "PER", "baaqmd", "ca_electric")
(2 real changes made)

. replace producers = -wtp_prod if program == "wisc_rf"
(1 real change made)

. drop wtp_prod_s wtp_prod_u wtp_prod

. 
. **** Fiscal Externalities
. replace fisc_ext_s = beh_fisc_ext + fed_fisc_ext + state_fisc_ext if group_label == "Electric Vehicles" | group_label == "Hybrid Vehicles
> "
(3 real changes made)

. replace fisc_ext_t = gas_corp_fisc_e + gas_fisc_ext + utility_fisc_ext if group_label == "Electric Vehicles" | group_label == "Hybrid Veh
> icles"
(6 real changes made)

. 
. gen fisc_ext_sr = fisc_ext_s + fisc_ext_t

. drop fisc_ext_s fisc_ext_t

. 
. drop beh_fisc_ext fed_fisc_ext state_fisc_ext gas_corp_fisc_e gas_fisc_ext utility_fisc_ext

. 
. **** Total WTP
. gen WTP_no_cc = WTP

. replace WTP = WTP_cc if WTP_cc != 0
(14 real changes made)

. 
. **** Total Cost
. assert total_cost == cost if total_cost != 0

. drop total_cost

. 
. 
. **** Normalization Factor
. gen normalization = program_cost // for normalizing all the factors such that program_cost (without admin cost) is 1

. gen prog_cost_no_normal = program_cost

. 
. local components transfer wtp_loc wtp_glob wtp_soc_rbd env_cost_wtp cost_wtp producers WTP program_cost fisc_ext_sr fisc_ext_lr cost wtp_
> r_loc wtp_r_glob WTP_no_cc WTP_cc env_cost_wtp_g c_savings

. foreach comp of local components{
  2.     replace `comp' = `comp' / normalization
  3. }
(42 real changes made)
(34 real changes made)
(49 real changes made)
(36 real changes made)
(8 real changes made)
(8 real changes made)
(32 real changes made)
(49 real changes made)
(49 real changes made)
(38 real changes made)
(49 real changes made)
(49 real changes made)
(28 real changes made)
(36 real changes made)
(49 real changes made)
(8 real changes made)
(8 real changes made)
(3 real changes made)

. 
. 
. if "`savings'" == "yes"{
.     assert round(WTP, 0.001) == round(transfer + c_savings + wtp_loc + wtp_glob + wtp_soc_rbd + env_cost_wtp + cost_wtp + producers, 0.00
> 1)
. }

. else{
.     assert round(WTP, 0.001) == round(transfer + wtp_loc + wtp_glob + wtp_soc_rbd + env_cost_wtp + cost_wtp + producers, 0.001)
. }

. 
. assert round(cost, 0.001) == round(program_cost + fisc_ext_sr + fisc_ext_lr, 0.001) if program != "bev_state_i" // see if this is fixed a
> fter the latest big run

. assert round(MVPF, 0.001) == round(WTP / cost, 0.001) if (MVPF != 99999 & MVPF != -99999)

. 
. **** Combine Environmental Benefits
. gen wtp_env = wtp_glob + wtp_loc + wtp_soc_rbd

. 
. *********************************
. * 3. Calculate Category Average *
. *********************************
. preserve

. 
.         tempfile all_policy_save

.         save "`all_policy_save'", replace
(file C:\Users\bcchen\AppData\Local\Temp\ST_8eb0_000004.tmp not found)
file C:\Users\bcchen\AppData\Local\Temp\ST_8eb0_000004.tmp saved as .dta format

.         
.         assert WTP_cc == WTP if WTP_cc != 0

.         sort table_order

.                 
.         if "`savings'" == "no" {
.                 collapse (mean) WTP program_cost cost env_cost_wtp cost_wtp producers fisc_ext_lr wtp_glob wtp_loc wtp_soc_rbd fisc_ext_s
> r transfer table_order, by(group_label)
.         }       

.         
.         if "`savings'" == "yes" {
.                 collapse (mean) WTP program_cost cost env_cost_wtp cost_wtp producers fisc_ext_lr wtp_glob wtp_loc wtp_soc_rbd fisc_ext_s
> r transfer c_savings table_order, by(group_label)
.         }

. 
.         gen MVPF = WTP / cost

.         replace table_order = .
(19 real changes made, 19 to missing)

.         tempfile category_averages

.         save "`category_averages'", replace             
(file C:\Users\bcchen\AppData\Local\Temp\ST_8eb0_000005.tmp not found)
file C:\Users\bcchen\AppData\Local\Temp\ST_8eb0_000005.tmp saved as .dta format

.                                 
. restore

. 
. **************************
. * 4. Organize Components *
. **************************
. keep program_label_short group_label MVPF WTP program_cost cost env_cost_wtp cost_wtp producers fisc_ext_lr wtp_env fisc_ext_sr transfer 
> table_order c_savings across_group_ordering

. sort table_order

.         
. if "`savings'" == "no"{
.         drop c_savings
.         order program_label_short transfer wtp_env env_cost_wtp cost_wtp producers WTP program_cost fisc_ext_sr fisc_ext_lr cost MVPF
. 
. }       

. else {
.         order program_label_short transfer wtp_env env_cost_wtp cost_wtp producers WTP program_cost fisc_ext_sr fisc_ext_lr cost MVPF c_s
> avings
. }

. 
. order table_order

. 
. // Deal with Ordering of Revenue Raisers
. replace across_group_ordering = 11 if group_label == "Gasoline Taxes"
(12 real changes made)

. replace across_group_ordering = 12 if group_label == "Other Fuel Taxes"
(0 real changes made)

. replace across_group_ordering = 13 if group_label == "Other Revenue Raisers"
(3 real changes made)

. replace across_group_ordering = 14 if group_label == "Cap and Trade"    
(0 real changes made)

. 
. replace table_order = table_order + across_group_ordering
variable table_order was byte now int
(72 real changes made)

. 
. 
. // Bring in Category Averages
. append using "`category_averages'"
(variable table_order was int, now float to accommodate using data's values)

. 
. levelsof(group_label), local(group_loop)
`"Appliance Rebates"' `"Cap and Trade"' `"Cookstoves"' `"Deforestation"' `"Electric Vehicles"' `"Gasoline Taxes"' `"Home Energy Reports"' `
> "Hybrid Vehicles"' `"International Rebates"' `"Other Fuel Taxes"' `"Other Nudges"' `"Other Revenue Raisers"' `"Other Subsidies"' `"Reside
> ntial Solar"' `"Rice Burning"' `"Vehicle Retirement"' `"Weatherization"' `"Wind Offset"' `"Wind Production Credits"'

. foreach g of local group_loop {
  2.         
.         sum table_order if group_label == "`g'"
  3.         replace table_order = (r(min) - 1) if group_label == "`g'" & program_label_short == "" 
  4.         replace program_label_short = "`g'" if group_label == "`g'" & program_label_short == ""
  5.                         
. }

    Variable |        Obs        Mean    Std. dev.       Min        Max
-------------+---------------------------------------------------------
 table_order |          8        27.5     2.44949         24         31
(1 real change made)
(1 real change made)

    Variable |        Obs        Mean    Std. dev.       Min        Max
-------------+---------------------------------------------------------
 table_order |          2        93.5    .7071068         93         94
(1 real change made)
(1 real change made)

    Variable |        Obs        Mean    Std. dev.       Min        Max
-------------+---------------------------------------------------------
 table_order |          2        98.5    .7071068         98         99
(1 real change made)
(1 real change made)

    Variable |        Obs        Mean    Std. dev.       Min        Max
-------------+---------------------------------------------------------
 table_order |          3         102           1        101        103
(1 real change made)
(1 real change made)

    Variable |        Obs        Mean    Std. dev.       Min        Max
-------------+---------------------------------------------------------
 table_order |          3          20           1         19         21
(1 real change made)
(1 real change made)

    Variable |        Obs        Mean    Std. dev.       Min        Max
-------------+---------------------------------------------------------
 table_order |         12        68.5    3.605551         63         74
(1 real change made)
(1 real change made)

    Variable |        Obs        Mean    Std. dev.       Min        Max
-------------+---------------------------------------------------------
 table_order |          4        51.5    1.290994         50         53
(1 real change made)
(1 real change made)

    Variable |        Obs        Mean    Std. dev.       Min        Max
-------------+---------------------------------------------------------
 table_order |          3          38           1         37         39
(1 real change made)
(1 real change made)

    Variable |        Obs        Mean    Std. dev.       Min        Max
-------------+---------------------------------------------------------
 table_order |          3         112           1        111        113
(1 real change made)
(1 real change made)

    Variable |        Obs        Mean    Std. dev.       Min        Max
-------------+---------------------------------------------------------
 table_order |          2        82.5    .7071068         82         83
(1 real change made)
(1 real change made)

    Variable |        Obs        Mean    Std. dev.       Min        Max
-------------+---------------------------------------------------------
 table_order |          6        57.5    1.870829         55         60
(1 real change made)
(1 real change made)

    Variable |        Obs        Mean    Std. dev.       Min        Max
-------------+---------------------------------------------------------
 table_order |          3          90           1         89         91
(1 real change made)
(1 real change made)

    Variable |        Obs        Mean    Std. dev.       Min        Max
-------------+---------------------------------------------------------
 table_order |          2        47.5    .7071068         47         48
(1 real change made)
(1 real change made)

    Variable |        Obs        Mean    Std. dev.       Min        Max
-------------+---------------------------------------------------------
 table_order |          5          14    1.581139         12         16
(1 real change made)
(1 real change made)

    Variable |        Obs        Mean    Std. dev.       Min        Max
-------------+---------------------------------------------------------
 table_order |          2       106.5    .7071068        106        107
(1 real change made)
(1 real change made)

    Variable |        Obs        Mean    Std. dev.       Min        Max
-------------+---------------------------------------------------------
 table_order |          3          34           1         33         35
(1 real change made)
(1 real change made)

    Variable |        Obs        Mean    Std. dev.       Min        Max
-------------+---------------------------------------------------------
 table_order |          5          43    1.581139         41         45
(1 real change made)
(1 real change made)

    Variable |        Obs        Mean    Std. dev.       Min        Max
-------------+---------------------------------------------------------
 table_order |          1         109           .        109        109
(1 real change made)
(1 real change made)

    Variable |        Obs        Mean    Std. dev.       Min        Max
-------------+---------------------------------------------------------
 table_order |          3           3           1          2          4
(1 real change made)
(1 real change made)

. sort table_order        

.         
.         
. **********************
. * 5. Export to Excel *
. **********************
. preserve 

. 
.         drop table_order across_group_ordering group_label

. 
.         if "`export_excel_toggle'" == "yes" {
. 
.                 if "`savings'" == "yes" {
.                         copy "${output_tab}/tables_templates/TEMPLATE_Savings.xlsx" "`output_path'/`table_name'.xlsx", replace  
.                 }
. 
.                 if "`savings'" == "no" {
.                         
.                         if "`with_international'" == "yes" {
.                                 copy "${output_tab}/tables_templates/TEMPLATE.xlsx" "`output_path'/`table_name'.xlsx", replace  
.                         }
.                         if "`with_international'" == "no" {
.                                 copy "${output_tab}/tables_templates/TEMPLATE_No_International.xlsx" "`output_path'/`table_name'.xlsx", r
> eplace 
.                         }
.                         
.                 }       
. 
.                 export excel "`output_path'/`table_name'.xlsx", first(var) sheet("data_export", replace) keepcellfmt    
file C:/Users/bcchen/Documents/GitHub/mvpf-climate/data/6_tables/tables_appendix/Table1_scc193_main.xlsx saved
.                 
.         }

. 
. restore 

. 
end of do-file

. 
end of do-file

. do "C:\Users\bcchen\AppData\Local\Temp\STD8eb0_00000g.tmp"

. do "${github}/figtab/excel_MVPF_tables.do" "full_current_193" "Table1_scc193_main" "no" "yes"

. *****************************************************************
. *             Export Final Datasets to Excel                    *
. *****************************************************************
. 
. *****************************************************
. * 0.             Get Dataset Names                  *
. *****************************************************
. 
. local selected_data_stub                `1'

. local pattern_suffix = "`selected_data_stub'"

. di in yellow "Looking for folders ending with pattern: `pattern_suffix'"
Looking for folders ending with pattern: full_current_193

. * Find all folders in the results directory that end with the pattern
. local results_dir = "${code_files}/4_results"

. local folder_list = ""

. local folder_dates = ""

. * Get list of all subdirectories
. qui local folders : dir "`results_dir'" dirs "*"

. * Filter folders that end with our pattern and extract timestamps
. foreach folder of local folders {
  2.     if regexm("`folder'", "^([0-9]{4}-[0-9]{2}-[0-9]{2}_[0-9]{2}-[0-9]{2}-[0-9]{2})__`pattern_suffix'$") {
  3.         local timestamp = regexs(1)
  4.         local folder_list = "`folder_list' `folder'"
  5.         local folder_dates = "`folder_dates' `timestamp'"
  6.         di in green "Found matching folder: `folder' (timestamp: `timestamp')"
  7.     }
  8. }
Found matching folder: 2025-09-25_13-45-54__full_current_193 (timestamp: 2025-09-25_13-45-54)
Found matching folder: 2025-10-21_01-03-46__full_current_193 (timestamp: 2025-10-21_01-03-46)

. * If no matching folders found, display error and exit
. if "`folder_list'" == "" {
.     di as error "`pattern_suffix' folder has not been created, please run the masterfile first to create this folder"
.     exit 601
. }

. else {
.     * Find the most recent folder by comparing timestamps
.     local most_recent_folder = ""
.     local most_recent_timestamp = ""
.     local folder_count : word count `folder_list'
.     local date_count : word count `folder_dates'
.     forvalues i = 1/`folder_count' {
  2.         local current_folder : word `i' of `folder_list'
  3.         local current_timestamp : word `i' of `folder_dates'
  4.         * Convert timestamp to comparable format (remove hyphens and underscores)
.         local current_numeric = subinstr(subinstr("`current_timestamp'", "-", "", .), "_", "", .)
  5.         if "`most_recent_timestamp'" == "" {
  6.             local most_recent_folder = "`current_folder'"
  7.             local most_recent_timestamp = "`current_numeric'"
  8.         }
  9.         else {
 10.             local most_recent_numeric = subinstr(subinstr("`most_recent_timestamp'", "-", "", .), "_", "", .)
 11.             if `current_numeric' > `most_recent_numeric' {
 12.                 local most_recent_folder = "`current_folder'"
 13.                 local most_recent_timestamp = "`current_numeric'"
 14.             }
 15.         }
 16.     }
.     local selected_data_stub = "`most_recent_folder'"
.     di in green "Selected most recent folder: `selected_data_stub'"
Selected most recent folder: 2025-10-21_01-03-46__full_current_193
. }

. 
. 
. local stub_toggle                                       "`selected_data_stub'" 

. 
. local table_name                                        "`2'"

. 
. local savings                                           "`3'"

. 
. local with_international                        "`4'"

. 
. local export_excel_toggle                       yes

. 
. local output_path ${output_tab}/tables_appendix

. 
. if "`2'" == "Table2_scc193_main" {
.         local output_path ${output_tab}/tables_main
. }

. 
. 
. *****************************************************
. * 1. Reshape Datasets and Merge with Policy Details *
. *****************************************************
. use "${code_files}/4_results/`stub_toggle'/compiled_results_all_uncorrected_vJK", clear

. 
. missings dropvars, force

Checking missings in program component_type component_value l_component u_component component_sd component_over_prog_cost assumptions
    correlation replications:
9800 observations with missing values

note: l_component u_component component_sd dropped

. drop component_over_prog_cost 

. cap drop perc_switch

. ren component_value cv

. cap drop assumptions component_sd

.         
. replace cv = cv
(0 real changes made)

. cap drop l_component u_component

.         
. reshape wide cv, i(program) j(component_type) string
(j = MVPF MVPF_no_cc WTP WTP_RoW WTP_USFut WTP_USPres WTP_USTotal WTP_cc admin_cost beh_fisc_ext c_savings cost cost_curve cost_mvpf cost_w
> tp env_cost_wtp env_cost_wtp_g env_cost_wtp_l enviro_mvpf enviro_wtp epsilon ev_sub_c ev_sub_c_row ev_sub_c_us ev_sub_cost ev_sub_env fed
> _fisc_ext firm_cost_wtp firm_mvpf fisc_ext_lr fisc_ext_s fisc_ext_t fiscalext gas_corp_fisc_e gas_fisc_ext gov_carbon infmarg marginal p_
> spend pass_through permitrev permitrev_ex permitrev_new profits profits_fisc_e program_cost q_CO2 q_CO2_mck q_CO2_mck_no q_CO2_no q_carbo
> n_mck resource_ce resource_cost semie state_fisc_ext subsidies taxes total_cost transfer utility_fisc_ext wind_g_wf wind_l_wf wtp_abateme
> nt wtp_batt wtp_cons wtp_ctr wtp_deal wtp_e_cost wtp_glob wtp_inf wtp_install wtp_leak wtp_loc wtp_local_w_r wtp_marg wtp_no_ice wtp_no_i
> ce_g wtp_no_ice_local wtp_no_leak wtp_permits wtp_private wtp_prod wtp_prod_s wtp_prod_u wtp_r_glob wtp_r_loc wtp_soc wtp_soc_g wtp_soc_l
>  wtp_soc_l_dr wtp_soc_l_po wtp_soc_rbd wtp_soc_rbd_g wtp_soc_rbd_l wtp_yes_ev wtp_yes_ev_g wtp_yes_ev_local wtp_yes_hev)

Data                               Long   ->   Wide
-----------------------------------------------------------------------------
Number of observations            9,800   ->   100         
Number of variables                   6   ->   102         
j variable (98 values)   component_type   ->   (dropped)
xij variables:
                                     cv   ->   cvMVPF cvMVPF_no_cc ... cvwtp_yes_hev
-----------------------------------------------------------------------------

. ren cv* *

. drop WTP_RoW WTP_USFut WTP_USPres WTP_USTotal wind_g_wf wind_l_wf epsilon

. 
. preserve

.         import excel "${code_files}/policy_details_v3.xlsx", clear first
(16 vars, 100 obs)

.         tempfile policy_labels

.         save "`policy_labels.dta'", replace
(file C:\Users\bcchen\AppData\Local\Temp\ST_8eb0_000002.tmp not found)
file C:\Users\bcchen\AppData\Local\Temp\ST_8eb0_000002.tmp saved as .dta format

. restore

. 
. merge m:1 program using "`policy_labels.dta'", keep(3)

    Result                      Number of obs
    -----------------------------------------
    Not matched                             0
    Matched                               100  (_merge==3)
    -----------------------------------------

. drop if program == "cafe_dk"
(1 observation deleted)

. drop if broad_category == "Regulation"
(3 observations deleted)

. drop if extended == 1
(24 observations deleted)

. assert _N == 72

. 
. missings dropvars, force

Checking missings in program MVPF MVPF_no_cc WTP WTP_cc admin_cost beh_fisc_ext c_savings cost cost_curve cost_mvpf cost_wtp env_cost_wtp
    env_cost_wtp_g env_cost_wtp_l enviro_mvpf enviro_wtp ev_sub_c ev_sub_c_row ev_sub_c_us ev_sub_cost ev_sub_env fed_fisc_ext
    firm_cost_wtp firm_mvpf fisc_ext_lr fisc_ext_s fisc_ext_t fiscalext gas_corp_fisc_e gas_fisc_ext gov_carbon infmarg marginal p_spend
    pass_through permitrev permitrev_ex permitrev_new profits profits_fisc_e program_cost q_CO2 q_CO2_mck q_CO2_mck_no q_CO2_no
    q_carbon_mck resource_ce resource_cost semie state_fisc_ext subsidies taxes total_cost transfer utility_fisc_ext wtp_abatement wtp_batt
    wtp_cons wtp_ctr wtp_deal wtp_e_cost wtp_glob wtp_inf wtp_install wtp_leak wtp_loc wtp_local_w_r wtp_marg wtp_no_ice wtp_no_ice_g
    wtp_no_ice_local wtp_no_leak wtp_permits wtp_private wtp_prod wtp_prod_s wtp_prod_u wtp_r_glob wtp_r_loc wtp_soc wtp_soc_g wtp_soc_l
    wtp_soc_l_dr wtp_soc_l_po wtp_soc_rbd wtp_soc_rbd_g wtp_soc_rbd_l wtp_yes_ev wtp_yes_ev_g wtp_yes_ev_local wtp_yes_hev assumptions
    correlation replications program_label_long program_label_short source year_in_context location broad_category group_label panel_number
    across_group_ordering in_group_ordering extended international regulation table_order no_SE _merge:
72 observations with missing values

note: ev_sub_c ev_sub_c_row ev_sub_c_us ev_sub_cost ev_sub_env fiscalext infmarg marginal permitrev permitrev_ex permitrev_new extended
regulation dropped

. drop _merge program_label_long

. drop correlation replications

. mvencode _all, mv(0) override
  MVPF_no_cc: 51 missing values recoded
      WTP_cc: 58 missing values recoded
  admin_cost: 69 missing values recoded
beh_fisc_ext: 66 missing values recoded
   c_savings: 36 missing values recoded
  cost_curve: 71 missing values recoded
   cost_mvpf: 58 missing values recoded
    cost_wtp: 45 missing values recoded
env_cost_wtp: 45 missing values recoded
env_cost_w~g: 58 missing values recoded
env_cost_w~l: 58 missing values recoded
 enviro_mvpf: 58 missing values recoded
  enviro_wtp: 71 missing values recoded
fed_fisc_ext: 67 missing values recoded
firm_cost_~p: 67 missing values recoded
   firm_mvpf: 67 missing values recoded
  fisc_ext_s: 12 missing values recoded
  fisc_ext_t: 7 missing values recoded
gas_corp_f~e: 66 missing values recoded
gas_fisc_ext: 66 missing values recoded
  gov_carbon: 13 missing values recoded
     p_spend: 17 missing values recoded
pass_through: 66 missing values recoded
     profits: 71 missing values recoded
profits_fi~e: 69 missing values recoded
       q_CO2: 5 missing values recoded
   q_CO2_mck: 47 missing values recoded
q_CO2_mck_no: 57 missing values recoded
    q_CO2_no: 57 missing values recoded
q_carbon_mck: 13 missing values recoded
 resource_ce: 13 missing values recoded
resource_c~t: 59 missing values recoded
       semie: 37 missing values recoded
state_fisc~t: 68 missing values recoded
   subsidies: 71 missing values recoded
       taxes: 71 missing values recoded
  total_cost: 22 missing values recoded
    transfer: 71 missing values recoded
utility_fi~t: 69 missing values recoded
wtp_abatem~t: 70 missing values recoded
    wtp_batt: 71 missing values recoded
    wtp_cons: 22 missing values recoded
     wtp_ctr: 70 missing values recoded
    wtp_deal: 69 missing values recoded
  wtp_e_cost: 63 missing values recoded
    wtp_glob: 15 missing values recoded
     wtp_inf: 38 missing values recoded
 wtp_install: 67 missing values recoded
    wtp_leak: 70 missing values recoded
     wtp_loc: 16 missing values recoded
wtp_local_~r: 71 missing values recoded
    wtp_marg: 38 missing values recoded
  wtp_no_ice: 66 missing values recoded
wtp_no_ice_g: 66 missing values recoded
wtp_no_ice~l: 66 missing values recoded
 wtp_no_leak: 70 missing values recoded
 wtp_permits: 70 missing values recoded
 wtp_private: 62 missing values recoded
    wtp_prod: 20 missing values recoded
  wtp_prod_s: 49 missing values recoded
  wtp_prod_u: 56 missing values recoded
  wtp_r_glob: 28 missing values recoded
   wtp_r_loc: 29 missing values recoded
     wtp_soc: 13 missing values recoded
   wtp_soc_g: 57 missing values recoded
   wtp_soc_l: 57 missing values recoded
wtp_soc_l_dr: 60 missing values recoded
wtp_soc_l_po: 60 missing values recoded
 wtp_soc_rbd: 55 missing values recoded
wtp_soc_rb~g: 69 missing values recoded
wtp_soc_rb~l: 69 missing values recoded
  wtp_yes_ev: 69 missing values recoded
wtp_yes_ev_g: 69 missing values recoded
wtp_yes_ev~l: 69 missing values recoded
 wtp_yes_hev: 69 missing values recoded
internatio~l: 61 missing values recoded
       no_SE: 60 missing values recoded

. order program_cost, after(WTP)

. 
. ***********************************************
. * 2. Check that Each Component Sums Correctly *
. ***********************************************
. 
. **** Transfer
. cap gen wtp_install = 0

. cap drop transfer

. gen transfer = wtp_cons + wtp_deal + wtp_install

. drop wtp_cons wtp_deal wtp_install

. replace transfer = wtp_inf + wtp_marg if (inlist(group_label, "Weatherization", "Appliance Rebates", "Other Nudges", "Vehicle Retirement"
> ) & ///
>                                                                                  program != "care" & program != "solarize" & program != "
> her_compiled" & program != "cw_datta" & program != "dw_datta" & ///
>                                                                                  program != "fridge_datta" & program != "wisc_rf") | inli
> st(program, "ca_electric", "cookstoves", "mx_deforest", "ug_deforest")
(18 real changes made)

. replace transfer = wtp_inf + wtp_marg + wtp_ctr if inlist(program, "ihwap_hb", "ihwap_lb")
(2 real changes made)

. drop wtp_inf wtp_marg wtp_private

. cap gen wtp_abatement = 0

. cap gen wtp_permits = 0

. replace transfer = wtp_abatement + wtp_permits if group_label == "Cap and Trade"
(2 real changes made)

. drop wtp_abatement wtp_permits

. replace transfer = wtp_prod if group_label == "Wind Production Credits" | inlist(program, "rao_crude", "bmm_crude", "india_offset")
(4 real changes made)

. replace transfer = 1 if program == "sallee_hy"
(0 real changes made)

. 
. **** Global and Local Enviro
. assert round(wtp_no_ice, 0.0001) == round(wtp_no_ice_g + wtp_no_ice_local, 0.0001)

. assert round(wtp_yes_ev, 0.0001) == round(wtp_yes_ev_local + wtp_yes_ev_g, 0.0001) if group_label == "Electric Vehicles"

. assert round(wtp_loc, 0.0001) == round(wtp_yes_ev_local + wtp_no_ice_local, 0.0001) if group_label == "Electric Vehicles"

. 
. drop wtp_no_ice_g wtp_no_ice_local wtp_yes_ev_g wtp_yes_ev_local

. 
. assert round(wtp_soc, 0.0001) == round(wtp_glob + wtp_loc, 0.0001) if group_label == "Electric Vehicles"

. assert round(wtp_soc, 0.0001) == round(wtp_glob + wtp_loc, 0.0001) if group_label == "Hybrid Vehicles"

. replace wtp_glob = wtp_glob + wtp_e_cost if group_label == "Residential Solar"| program == "solarize"
(6 real changes made)

. replace wtp_glob = (wtp_glob + wtp_e_cost) - wtp_r_glob if group_label == "Wind Production Credits"
(3 real changes made)

. replace wtp_glob = wtp_soc_g if inlist(group_label, "Gasoline Taxes", "Cap and Trade") | inlist(program, "cookstoves", "bmm_crude", "bunk
> er_fuel", "ethanol", "rao_crude")
(15 real changes made)

. replace wtp_loc = wtp_soc_l if inlist(group_label, "Gasoline Taxes", "Cap and Trade") | inlist(program, "cookstoves", "bmm_crude", "bunke
> r_fuel", "ethanol", "rao_crude")
(14 real changes made)

. replace wtp_loc = 0 if wtp_loc == -1.00e-35
(0 real changes made)

. replace wtp_loc = wtp_loc - wtp_r_loc if group_label == "Wind Production Credits"
(3 real changes made)

. 
. cap gen wtp_leak = 0

. cap gen wtp_no_leak = 0

. drop wtp_yes_ev wtp_yes_hev wtp_no_ice wtp_soc wtp_e_cost wtp_soc_g wtp_soc_l wtp_leak wtp_no_leak 

. 
. **** Rebound
. replace wtp_soc_rbd = 0 if wtp_soc_rbd == 1.00e-11
(1 real change made)

. replace wtp_soc_rbd_l = 0 if wtp_soc_rbd_l == 1.00e-20 | program == "rggi"
(0 real changes made)

. replace wtp_soc_rbd_g = 0 if wtp_soc_rbd_g == 1.00e-20 | program == "rggi"
(0 real changes made)

. assert round(wtp_soc_rbd, 0.0001) == round(wtp_soc_rbd_g + wtp_soc_rbd_l, 0.0001) if wtp_soc_rbd_g != 0 & wtp_soc_rbd_l != 0

. replace wtp_r_loc = wtp_soc_rbd_l if wtp_soc_rbd_l != 0 & wtp_r_loc == 0
(3 real changes made)

. replace wtp_r_glob = wtp_soc_rbd_g if wtp_soc_rbd_g != 0  & wtp_r_glob == 0
(3 real changes made)

. drop wtp_soc_rbd_l wtp_soc_rbd_g

. replace wtp_soc_rbd = wtp_r_glob + wtp_r_loc if wtp_soc_rbd == 0 & wtp_r_glob != 0 & wtp_r_loc != 0
(23 real changes made)

. replace wtp_soc_rbd = wtp_r_glob if inlist(program, "care", "opower_ng", "rebate_es", "es_incent", "ac_mex", "fridge_mex", "nudge_ger", "
> nudge_qatar", "wap_mexico") | inlist(program, "india_offset")
(7 real changes made)

. replace wtp_soc_rbd = -wtp_soc_rbd if program == "wisc_rf"
(1 real change made)

. 
. 
. **** Dynamic Price and Dynamic Enviro
. replace env_cost_wtp = 0 if env_cost_wtp == -1.00e-17
(0 real changes made)

. replace cost_wtp = 0 if cost_wtp == -1.00e-17
(0 real changes made)

. 
. assert round(env_cost_wtp, 0.0001) == round(env_cost_wtp_g + env_cost_wtp_l, 0.0001) if env_cost_wtp_l != 0 & env_cost_wtp_g != 0 & group
> _label != "Gasoline Tax"

. 
. drop cost_mvpf enviro_mvpf firm_mvpf

. 
. **** Producers
. gen producers = firm_cost_wtp + wtp_prod_s + wtp_prod_u

. replace producers = wtp_prod if inlist(group_label, "Residential Solar", "Appliance Rebates", "Weatherization", "Other Nudges", "Home Ene
> rgy Reports") | program == "care" | program == "ca_electric"
(30 real changes made)

. replace producers = wtp_prod if inlist(program, "jet_fuel", "CPP_aj", "CPP_pj", "PER", "baaqmd", "ca_electric")
(2 real changes made)

. replace producers = -wtp_prod if program == "wisc_rf"
(1 real change made)

. drop wtp_prod_s wtp_prod_u wtp_prod

. 
. **** Fiscal Externalities
. replace fisc_ext_s = beh_fisc_ext + fed_fisc_ext + state_fisc_ext if group_label == "Electric Vehicles" | group_label == "Hybrid Vehicles
> "
(3 real changes made)

. replace fisc_ext_t = gas_corp_fisc_e + gas_fisc_ext + utility_fisc_ext if group_label == "Electric Vehicles" | group_label == "Hybrid Veh
> icles"
(6 real changes made)

. 
. gen fisc_ext_sr = fisc_ext_s + fisc_ext_t

. drop fisc_ext_s fisc_ext_t

. 
. drop beh_fisc_ext fed_fisc_ext state_fisc_ext gas_corp_fisc_e gas_fisc_ext utility_fisc_ext

. 
. **** Total WTP
. gen WTP_no_cc = WTP

. replace WTP = WTP_cc if WTP_cc != 0
(14 real changes made)

. 
. **** Total Cost
. assert total_cost == cost if total_cost != 0

. drop total_cost

. 
. 
. **** Normalization Factor
. gen normalization = program_cost // for normalizing all the factors such that program_cost (without admin cost) is 1

. gen prog_cost_no_normal = program_cost

. 
. local components transfer wtp_loc wtp_glob wtp_soc_rbd env_cost_wtp cost_wtp producers WTP program_cost fisc_ext_sr fisc_ext_lr cost wtp_
> r_loc wtp_r_glob WTP_no_cc WTP_cc env_cost_wtp_g c_savings

. foreach comp of local components{
  2.     replace `comp' = `comp' / normalization
  3. }
(42 real changes made)
(34 real changes made)
(49 real changes made)
(36 real changes made)
(8 real changes made)
(8 real changes made)
(32 real changes made)
(49 real changes made)
(49 real changes made)
(38 real changes made)
(49 real changes made)
(49 real changes made)
(28 real changes made)
(36 real changes made)
(49 real changes made)
(8 real changes made)
(8 real changes made)
(3 real changes made)

. 
. 
. if "`savings'" == "yes"{
.     assert round(WTP, 0.001) == round(transfer + c_savings + wtp_loc + wtp_glob + wtp_soc_rbd + env_cost_wtp + cost_wtp + producers, 0.00
> 1)
. }

. else{
.     assert round(WTP, 0.001) == round(transfer + wtp_loc + wtp_glob + wtp_soc_rbd + env_cost_wtp + cost_wtp + producers, 0.001)
. }

. 
. assert round(cost, 0.001) == round(program_cost + fisc_ext_sr + fisc_ext_lr, 0.001) if program != "bev_state_i" // see if this is fixed a
> fter the latest big run

. assert round(MVPF, 0.001) == round(WTP / cost, 0.001) if (MVPF != 99999 & MVPF != -99999)

. 
. **** Combine Environmental Benefits
. gen wtp_env = wtp_glob + wtp_loc + wtp_soc_rbd

. 
. *********************************
. * 3. Calculate Category Average *
. *********************************
. preserve

. 
.         tempfile all_policy_save

.         save "`all_policy_save'", replace
(file C:\Users\bcchen\AppData\Local\Temp\ST_8eb0_000004.tmp not found)
file C:\Users\bcchen\AppData\Local\Temp\ST_8eb0_000004.tmp saved as .dta format

.         
.         assert WTP_cc == WTP if WTP_cc != 0

.         sort table_order

.                 
.         if "`savings'" == "no" {
.                 collapse (mean) WTP program_cost cost env_cost_wtp cost_wtp producers fisc_ext_lr wtp_env wtp_glob wtp_loc wtp_soc_rbd fi
> sc_ext_sr transfer table_order, by(group_label)
.         }       

.         
.         if "`savings'" == "yes" {
.                 collapse (mean) WTP program_cost cost env_cost_wtp cost_wtp producers fisc_ext_lr wtp_env wtp_glob wtp_loc wtp_soc_rbd fi
> sc_ext_sr transfer c_savings table_order, by(group_label)
.         }

. 
.         gen MVPF = WTP / cost

.         replace table_order = .
(19 real changes made, 19 to missing)

.         tempfile category_averages

.         save "`category_averages'", replace             
(file C:\Users\bcchen\AppData\Local\Temp\ST_8eb0_000005.tmp not found)
file C:\Users\bcchen\AppData\Local\Temp\ST_8eb0_000005.tmp saved as .dta format

.                                 
. restore

. 
. **************************
. * 4. Organize Components *
. **************************
. keep program_label_short group_label MVPF WTP program_cost cost env_cost_wtp cost_wtp producers fisc_ext_lr wtp_env fisc_ext_sr transfer 
> table_order c_savings across_group_ordering

. sort table_order

.         
. if "`savings'" == "no"{
.         drop c_savings
.         order program_label_short transfer wtp_env wtp_glob wtp_loc wtp_soc_rbd env_cost_wtp cost_wtp producers WTP program_cost fisc_ext
> _sr fisc_ext_lr cost MVPF
variable wtp_glob not found
r(111);
. 
. }       
r(111);

end of do-file
r(111);

end of do-file

r(111);

. do "C:\Users\bcchen\AppData\Local\Temp\STD8eb0_00000h.tmp"

. do "${github}/figtab/excel_MVPF_tables.do" "full_current_193" "Table1_scc193_main" "no" "yes"

. *****************************************************************
. *             Export Final Datasets to Excel                    *
. *****************************************************************
. 
. *****************************************************
. * 0.             Get Dataset Names                  *
. *****************************************************
. 
. local selected_data_stub                `1'

. local pattern_suffix = "`selected_data_stub'"

. di in yellow "Looking for folders ending with pattern: `pattern_suffix'"
Looking for folders ending with pattern: full_current_193

. * Find all folders in the results directory that end with the pattern
. local results_dir = "${code_files}/4_results"

. local folder_list = ""

. local folder_dates = ""

. * Get list of all subdirectories
. qui local folders : dir "`results_dir'" dirs "*"

. * Filter folders that end with our pattern and extract timestamps
. foreach folder of local folders {
  2.     if regexm("`folder'", "^([0-9]{4}-[0-9]{2}-[0-9]{2}_[0-9]{2}-[0-9]{2}-[0-9]{2})__`pattern_suffix'$") {
  3.         local timestamp = regexs(1)
  4.         local folder_list = "`folder_list' `folder'"
  5.         local folder_dates = "`folder_dates' `timestamp'"
  6.         di in green "Found matching folder: `folder' (timestamp: `timestamp')"
  7.     }
  8. }
Found matching folder: 2025-09-25_13-45-54__full_current_193 (timestamp: 2025-09-25_13-45-54)
Found matching folder: 2025-10-21_01-03-46__full_current_193 (timestamp: 2025-10-21_01-03-46)

. * If no matching folders found, display error and exit
. if "`folder_list'" == "" {
.     di as error "`pattern_suffix' folder has not been created, please run the masterfile first to create this folder"
.     exit 601
. }

. else {
.     * Find the most recent folder by comparing timestamps
.     local most_recent_folder = ""
.     local most_recent_timestamp = ""
.     local folder_count : word count `folder_list'
.     local date_count : word count `folder_dates'
.     forvalues i = 1/`folder_count' {
  2.         local current_folder : word `i' of `folder_list'
  3.         local current_timestamp : word `i' of `folder_dates'
  4.         * Convert timestamp to comparable format (remove hyphens and underscores)
.         local current_numeric = subinstr(subinstr("`current_timestamp'", "-", "", .), "_", "", .)
  5.         if "`most_recent_timestamp'" == "" {
  6.             local most_recent_folder = "`current_folder'"
  7.             local most_recent_timestamp = "`current_numeric'"
  8.         }
  9.         else {
 10.             local most_recent_numeric = subinstr(subinstr("`most_recent_timestamp'", "-", "", .), "_", "", .)
 11.             if `current_numeric' > `most_recent_numeric' {
 12.                 local most_recent_folder = "`current_folder'"
 13.                 local most_recent_timestamp = "`current_numeric'"
 14.             }
 15.         }
 16.     }
.     local selected_data_stub = "`most_recent_folder'"
.     di in green "Selected most recent folder: `selected_data_stub'"
Selected most recent folder: 2025-10-21_01-03-46__full_current_193
. }

. 
. 
. local stub_toggle                                       "`selected_data_stub'" 

. 
. local table_name                                        "`2'"

. 
. local savings                                           "`3'"

. 
. local with_international                        "`4'"

. 
. local export_excel_toggle                       yes

. 
. local output_path ${output_tab}/tables_appendix

. 
. if "`2'" == "Table2_scc193_main" {
.         local output_path ${output_tab}/tables_main
. }

. 
. 
. *****************************************************
. * 1. Reshape Datasets and Merge with Policy Details *
. *****************************************************
. use "${code_files}/4_results/`stub_toggle'/compiled_results_all_uncorrected_vJK", clear

. 
. missings dropvars, force

Checking missings in program component_type component_value l_component u_component component_sd component_over_prog_cost assumptions
    correlation replications:
9800 observations with missing values

note: l_component u_component component_sd dropped

. drop component_over_prog_cost 

. cap drop perc_switch

. ren component_value cv

. cap drop assumptions component_sd

.         
. replace cv = cv
(0 real changes made)

. cap drop l_component u_component

.         
. reshape wide cv, i(program) j(component_type) string
(j = MVPF MVPF_no_cc WTP WTP_RoW WTP_USFut WTP_USPres WTP_USTotal WTP_cc admin_cost beh_fisc_ext c_savings cost cost_curve cost_mvpf cost_w
> tp env_cost_wtp env_cost_wtp_g env_cost_wtp_l enviro_mvpf enviro_wtp epsilon ev_sub_c ev_sub_c_row ev_sub_c_us ev_sub_cost ev_sub_env fed
> _fisc_ext firm_cost_wtp firm_mvpf fisc_ext_lr fisc_ext_s fisc_ext_t fiscalext gas_corp_fisc_e gas_fisc_ext gov_carbon infmarg marginal p_
> spend pass_through permitrev permitrev_ex permitrev_new profits profits_fisc_e program_cost q_CO2 q_CO2_mck q_CO2_mck_no q_CO2_no q_carbo
> n_mck resource_ce resource_cost semie state_fisc_ext subsidies taxes total_cost transfer utility_fisc_ext wind_g_wf wind_l_wf wtp_abateme
> nt wtp_batt wtp_cons wtp_ctr wtp_deal wtp_e_cost wtp_glob wtp_inf wtp_install wtp_leak wtp_loc wtp_local_w_r wtp_marg wtp_no_ice wtp_no_i
> ce_g wtp_no_ice_local wtp_no_leak wtp_permits wtp_private wtp_prod wtp_prod_s wtp_prod_u wtp_r_glob wtp_r_loc wtp_soc wtp_soc_g wtp_soc_l
>  wtp_soc_l_dr wtp_soc_l_po wtp_soc_rbd wtp_soc_rbd_g wtp_soc_rbd_l wtp_yes_ev wtp_yes_ev_g wtp_yes_ev_local wtp_yes_hev)

Data                               Long   ->   Wide
-----------------------------------------------------------------------------
Number of observations            9,800   ->   100         
Number of variables                   6   ->   102         
j variable (98 values)   component_type   ->   (dropped)
xij variables:
                                     cv   ->   cvMVPF cvMVPF_no_cc ... cvwtp_yes_hev
-----------------------------------------------------------------------------

. ren cv* *

. drop WTP_RoW WTP_USFut WTP_USPres WTP_USTotal wind_g_wf wind_l_wf epsilon

. 
. preserve

.         import excel "${code_files}/policy_details_v3.xlsx", clear first
(16 vars, 100 obs)

.         tempfile policy_labels

.         save "`policy_labels.dta'", replace
(file C:\Users\bcchen\AppData\Local\Temp\ST_8eb0_000002.tmp not found)
file C:\Users\bcchen\AppData\Local\Temp\ST_8eb0_000002.tmp saved as .dta format

. restore

. 
. merge m:1 program using "`policy_labels.dta'", keep(3)

    Result                      Number of obs
    -----------------------------------------
    Not matched                             0
    Matched                               100  (_merge==3)
    -----------------------------------------

. drop if program == "cafe_dk"
(1 observation deleted)

. drop if broad_category == "Regulation"
(3 observations deleted)

. drop if extended == 1
(24 observations deleted)

. assert _N == 72

. 
. missings dropvars, force

Checking missings in program MVPF MVPF_no_cc WTP WTP_cc admin_cost beh_fisc_ext c_savings cost cost_curve cost_mvpf cost_wtp env_cost_wtp
    env_cost_wtp_g env_cost_wtp_l enviro_mvpf enviro_wtp ev_sub_c ev_sub_c_row ev_sub_c_us ev_sub_cost ev_sub_env fed_fisc_ext
    firm_cost_wtp firm_mvpf fisc_ext_lr fisc_ext_s fisc_ext_t fiscalext gas_corp_fisc_e gas_fisc_ext gov_carbon infmarg marginal p_spend
    pass_through permitrev permitrev_ex permitrev_new profits profits_fisc_e program_cost q_CO2 q_CO2_mck q_CO2_mck_no q_CO2_no
    q_carbon_mck resource_ce resource_cost semie state_fisc_ext subsidies taxes total_cost transfer utility_fisc_ext wtp_abatement wtp_batt
    wtp_cons wtp_ctr wtp_deal wtp_e_cost wtp_glob wtp_inf wtp_install wtp_leak wtp_loc wtp_local_w_r wtp_marg wtp_no_ice wtp_no_ice_g
    wtp_no_ice_local wtp_no_leak wtp_permits wtp_private wtp_prod wtp_prod_s wtp_prod_u wtp_r_glob wtp_r_loc wtp_soc wtp_soc_g wtp_soc_l
    wtp_soc_l_dr wtp_soc_l_po wtp_soc_rbd wtp_soc_rbd_g wtp_soc_rbd_l wtp_yes_ev wtp_yes_ev_g wtp_yes_ev_local wtp_yes_hev assumptions
    correlation replications program_label_long program_label_short source year_in_context location broad_category group_label panel_number
    across_group_ordering in_group_ordering extended international regulation table_order no_SE _merge:
72 observations with missing values

note: ev_sub_c ev_sub_c_row ev_sub_c_us ev_sub_cost ev_sub_env fiscalext infmarg marginal permitrev permitrev_ex permitrev_new extended
regulation dropped

. drop _merge program_label_long

. drop correlation replications

. mvencode _all, mv(0) override
  MVPF_no_cc: 51 missing values recoded
      WTP_cc: 58 missing values recoded
  admin_cost: 69 missing values recoded
beh_fisc_ext: 66 missing values recoded
   c_savings: 36 missing values recoded
  cost_curve: 71 missing values recoded
   cost_mvpf: 58 missing values recoded
    cost_wtp: 45 missing values recoded
env_cost_wtp: 45 missing values recoded
env_cost_w~g: 58 missing values recoded
env_cost_w~l: 58 missing values recoded
 enviro_mvpf: 58 missing values recoded
  enviro_wtp: 71 missing values recoded
fed_fisc_ext: 67 missing values recoded
firm_cost_~p: 67 missing values recoded
   firm_mvpf: 67 missing values recoded
  fisc_ext_s: 12 missing values recoded
  fisc_ext_t: 7 missing values recoded
gas_corp_f~e: 66 missing values recoded
gas_fisc_ext: 66 missing values recoded
  gov_carbon: 13 missing values recoded
     p_spend: 17 missing values recoded
pass_through: 66 missing values recoded
     profits: 71 missing values recoded
profits_fi~e: 69 missing values recoded
       q_CO2: 5 missing values recoded
   q_CO2_mck: 47 missing values recoded
q_CO2_mck_no: 57 missing values recoded
    q_CO2_no: 57 missing values recoded
q_carbon_mck: 13 missing values recoded
 resource_ce: 13 missing values recoded
resource_c~t: 59 missing values recoded
       semie: 37 missing values recoded
state_fisc~t: 68 missing values recoded
   subsidies: 71 missing values recoded
       taxes: 71 missing values recoded
  total_cost: 22 missing values recoded
    transfer: 71 missing values recoded
utility_fi~t: 69 missing values recoded
wtp_abatem~t: 70 missing values recoded
    wtp_batt: 71 missing values recoded
    wtp_cons: 22 missing values recoded
     wtp_ctr: 70 missing values recoded
    wtp_deal: 69 missing values recoded
  wtp_e_cost: 63 missing values recoded
    wtp_glob: 15 missing values recoded
     wtp_inf: 38 missing values recoded
 wtp_install: 67 missing values recoded
    wtp_leak: 70 missing values recoded
     wtp_loc: 16 missing values recoded
wtp_local_~r: 71 missing values recoded
    wtp_marg: 38 missing values recoded
  wtp_no_ice: 66 missing values recoded
wtp_no_ice_g: 66 missing values recoded
wtp_no_ice~l: 66 missing values recoded
 wtp_no_leak: 70 missing values recoded
 wtp_permits: 70 missing values recoded
 wtp_private: 62 missing values recoded
    wtp_prod: 20 missing values recoded
  wtp_prod_s: 49 missing values recoded
  wtp_prod_u: 56 missing values recoded
  wtp_r_glob: 28 missing values recoded
   wtp_r_loc: 29 missing values recoded
     wtp_soc: 13 missing values recoded
   wtp_soc_g: 57 missing values recoded
   wtp_soc_l: 57 missing values recoded
wtp_soc_l_dr: 60 missing values recoded
wtp_soc_l_po: 60 missing values recoded
 wtp_soc_rbd: 55 missing values recoded
wtp_soc_rb~g: 69 missing values recoded
wtp_soc_rb~l: 69 missing values recoded
  wtp_yes_ev: 69 missing values recoded
wtp_yes_ev_g: 69 missing values recoded
wtp_yes_ev~l: 69 missing values recoded
 wtp_yes_hev: 69 missing values recoded
internatio~l: 61 missing values recoded
       no_SE: 60 missing values recoded

. order program_cost, after(WTP)

. 
. ***********************************************
. * 2. Check that Each Component Sums Correctly *
. ***********************************************
. 
. **** Transfer
. cap gen wtp_install = 0

. cap drop transfer

. gen transfer = wtp_cons + wtp_deal + wtp_install

. drop wtp_cons wtp_deal wtp_install

. replace transfer = wtp_inf + wtp_marg if (inlist(group_label, "Weatherization", "Appliance Rebates", "Other Nudges", "Vehicle Retirement"
> ) & ///
>                                                                                  program != "care" & program != "solarize" & program != "
> her_compiled" & program != "cw_datta" & program != "dw_datta" & ///
>                                                                                  program != "fridge_datta" & program != "wisc_rf") | inli
> st(program, "ca_electric", "cookstoves", "mx_deforest", "ug_deforest")
(18 real changes made)

. replace transfer = wtp_inf + wtp_marg + wtp_ctr if inlist(program, "ihwap_hb", "ihwap_lb")
(2 real changes made)

. drop wtp_inf wtp_marg wtp_private

. cap gen wtp_abatement = 0

. cap gen wtp_permits = 0

. replace transfer = wtp_abatement + wtp_permits if group_label == "Cap and Trade"
(2 real changes made)

. drop wtp_abatement wtp_permits

. replace transfer = wtp_prod if group_label == "Wind Production Credits" | inlist(program, "rao_crude", "bmm_crude", "india_offset")
(4 real changes made)

. replace transfer = 1 if program == "sallee_hy"
(0 real changes made)

. 
. **** Global and Local Enviro
. assert round(wtp_no_ice, 0.0001) == round(wtp_no_ice_g + wtp_no_ice_local, 0.0001)

. assert round(wtp_yes_ev, 0.0001) == round(wtp_yes_ev_local + wtp_yes_ev_g, 0.0001) if group_label == "Electric Vehicles"

. assert round(wtp_loc, 0.0001) == round(wtp_yes_ev_local + wtp_no_ice_local, 0.0001) if group_label == "Electric Vehicles"

. 
. drop wtp_no_ice_g wtp_no_ice_local wtp_yes_ev_g wtp_yes_ev_local

. 
. assert round(wtp_soc, 0.0001) == round(wtp_glob + wtp_loc, 0.0001) if group_label == "Electric Vehicles"

. assert round(wtp_soc, 0.0001) == round(wtp_glob + wtp_loc, 0.0001) if group_label == "Hybrid Vehicles"

. replace wtp_glob = wtp_glob + wtp_e_cost if group_label == "Residential Solar"| program == "solarize"
(6 real changes made)

. replace wtp_glob = (wtp_glob + wtp_e_cost) - wtp_r_glob if group_label == "Wind Production Credits"
(3 real changes made)

. replace wtp_glob = wtp_soc_g if inlist(group_label, "Gasoline Taxes", "Cap and Trade") | inlist(program, "cookstoves", "bmm_crude", "bunk
> er_fuel", "ethanol", "rao_crude")
(15 real changes made)

. replace wtp_loc = wtp_soc_l if inlist(group_label, "Gasoline Taxes", "Cap and Trade") | inlist(program, "cookstoves", "bmm_crude", "bunke
> r_fuel", "ethanol", "rao_crude")
(14 real changes made)

. replace wtp_loc = 0 if wtp_loc == -1.00e-35
(0 real changes made)

. replace wtp_loc = wtp_loc - wtp_r_loc if group_label == "Wind Production Credits"
(3 real changes made)

. 
. cap gen wtp_leak = 0

. cap gen wtp_no_leak = 0

. drop wtp_yes_ev wtp_yes_hev wtp_no_ice wtp_soc wtp_e_cost wtp_soc_g wtp_soc_l wtp_leak wtp_no_leak 

. 
. **** Rebound
. replace wtp_soc_rbd = 0 if wtp_soc_rbd == 1.00e-11
(1 real change made)

. replace wtp_soc_rbd_l = 0 if wtp_soc_rbd_l == 1.00e-20 | program == "rggi"
(0 real changes made)

. replace wtp_soc_rbd_g = 0 if wtp_soc_rbd_g == 1.00e-20 | program == "rggi"
(0 real changes made)

. assert round(wtp_soc_rbd, 0.0001) == round(wtp_soc_rbd_g + wtp_soc_rbd_l, 0.0001) if wtp_soc_rbd_g != 0 & wtp_soc_rbd_l != 0

. replace wtp_r_loc = wtp_soc_rbd_l if wtp_soc_rbd_l != 0 & wtp_r_loc == 0
(3 real changes made)

. replace wtp_r_glob = wtp_soc_rbd_g if wtp_soc_rbd_g != 0  & wtp_r_glob == 0
(3 real changes made)

. drop wtp_soc_rbd_l wtp_soc_rbd_g

. replace wtp_soc_rbd = wtp_r_glob + wtp_r_loc if wtp_soc_rbd == 0 & wtp_r_glob != 0 & wtp_r_loc != 0
(23 real changes made)

. replace wtp_soc_rbd = wtp_r_glob if inlist(program, "care", "opower_ng", "rebate_es", "es_incent", "ac_mex", "fridge_mex", "nudge_ger", "
> nudge_qatar", "wap_mexico") | inlist(program, "india_offset")
(7 real changes made)

. replace wtp_soc_rbd = -wtp_soc_rbd if program == "wisc_rf"
(1 real change made)

. 
. 
. **** Dynamic Price and Dynamic Enviro
. replace env_cost_wtp = 0 if env_cost_wtp == -1.00e-17
(0 real changes made)

. replace cost_wtp = 0 if cost_wtp == -1.00e-17
(0 real changes made)

. 
. assert round(env_cost_wtp, 0.0001) == round(env_cost_wtp_g + env_cost_wtp_l, 0.0001) if env_cost_wtp_l != 0 & env_cost_wtp_g != 0 & group
> _label != "Gasoline Tax"

. 
. drop cost_mvpf enviro_mvpf firm_mvpf

. 
. **** Producers
. gen producers = firm_cost_wtp + wtp_prod_s + wtp_prod_u

. replace producers = wtp_prod if inlist(group_label, "Residential Solar", "Appliance Rebates", "Weatherization", "Other Nudges", "Home Ene
> rgy Reports") | program == "care" | program == "ca_electric"
(30 real changes made)

. replace producers = wtp_prod if inlist(program, "jet_fuel", "CPP_aj", "CPP_pj", "PER", "baaqmd", "ca_electric")
(2 real changes made)

. replace producers = -wtp_prod if program == "wisc_rf"
(1 real change made)

. drop wtp_prod_s wtp_prod_u wtp_prod

. 
. **** Fiscal Externalities
. replace fisc_ext_s = beh_fisc_ext + fed_fisc_ext + state_fisc_ext if group_label == "Electric Vehicles" | group_label == "Hybrid Vehicles
> "
(3 real changes made)

. replace fisc_ext_t = gas_corp_fisc_e + gas_fisc_ext + utility_fisc_ext if group_label == "Electric Vehicles" | group_label == "Hybrid Veh
> icles"
(6 real changes made)

. 
. gen fisc_ext_sr = fisc_ext_s + fisc_ext_t

. drop fisc_ext_s fisc_ext_t

. 
. drop beh_fisc_ext fed_fisc_ext state_fisc_ext gas_corp_fisc_e gas_fisc_ext utility_fisc_ext

. 
. **** Total WTP
. gen WTP_no_cc = WTP

. replace WTP = WTP_cc if WTP_cc != 0
(14 real changes made)

. 
. **** Total Cost
. assert total_cost == cost if total_cost != 0

. drop total_cost

. 
. 
. **** Normalization Factor
. gen normalization = program_cost // for normalizing all the factors such that program_cost (without admin cost) is 1

. gen prog_cost_no_normal = program_cost

. 
. local components transfer wtp_loc wtp_glob wtp_soc_rbd env_cost_wtp cost_wtp producers WTP program_cost fisc_ext_sr fisc_ext_lr cost wtp_
> r_loc wtp_r_glob WTP_no_cc WTP_cc env_cost_wtp_g c_savings

. foreach comp of local components{
  2.     replace `comp' = `comp' / normalization
  3. }
(42 real changes made)
(34 real changes made)
(49 real changes made)
(36 real changes made)
(8 real changes made)
(8 real changes made)
(32 real changes made)
(49 real changes made)
(49 real changes made)
(38 real changes made)
(49 real changes made)
(49 real changes made)
(28 real changes made)
(36 real changes made)
(49 real changes made)
(8 real changes made)
(8 real changes made)
(3 real changes made)

. 
. 
. if "`savings'" == "yes"{
.     assert round(WTP, 0.001) == round(transfer + c_savings + wtp_loc + wtp_glob + wtp_soc_rbd + env_cost_wtp + cost_wtp + producers, 0.00
> 1)
. }

. else{
.     assert round(WTP, 0.001) == round(transfer + wtp_loc + wtp_glob + wtp_soc_rbd + env_cost_wtp + cost_wtp + producers, 0.001)
. }

. 
. assert round(cost, 0.001) == round(program_cost + fisc_ext_sr + fisc_ext_lr, 0.001) if program != "bev_state_i" // see if this is fixed a
> fter the latest big run

. assert round(MVPF, 0.001) == round(WTP / cost, 0.001) if (MVPF != 99999 & MVPF != -99999)

. 
. **** Combine Environmental Benefits
. gen wtp_env = wtp_glob + wtp_loc + wtp_soc_rbd

. 
. *********************************
. * 3. Calculate Category Average *
. *********************************
. preserve

. 
.         tempfile all_policy_save

.         save "`all_policy_save'", replace
(file C:\Users\bcchen\AppData\Local\Temp\ST_8eb0_000004.tmp not found)
file C:\Users\bcchen\AppData\Local\Temp\ST_8eb0_000004.tmp saved as .dta format

.         
.         assert WTP_cc == WTP if WTP_cc != 0

.         sort table_order

.                 
.         if "`savings'" == "no" {
.                 collapse (mean) WTP program_cost cost env_cost_wtp cost_wtp producers fisc_ext_lr wtp_env fisc_ext_sr transfer table_orde
> r, by(group_label)
.         }       

.         
.         if "`savings'" == "yes" {
.                 collapse (mean) WTP program_cost cost env_cost_wtp cost_wtp producers fisc_ext_lr wtp_env fisc_ext_sr transfer c_savings 
> table_order, by(group_label)
.         }

. 
.         gen MVPF = WTP / cost

.         replace table_order = .
(19 real changes made, 19 to missing)

.         tempfile category_averages

.         save "`category_averages'", replace             
(file C:\Users\bcchen\AppData\Local\Temp\ST_8eb0_000005.tmp not found)
file C:\Users\bcchen\AppData\Local\Temp\ST_8eb0_000005.tmp saved as .dta format

.                                 
. restore

. 
. **************************
. * 4. Organize Components *
. **************************
. keep program_label_short group_label MVPF WTP program_cost cost env_cost_wtp cost_wtp producers fisc_ext_lr wtp_env fisc_ext_sr transfer 
> table_order c_savings across_group_ordering

. sort table_order

.         
. if "`savings'" == "no"{
.         drop c_savings
.         order program_label_short transfer wtp_env env_cost_wtp cost_wtp producers WTP program_cost fisc_ext_sr fisc_ext_lr cost MVPF
. 
. }       

. else {
.         order program_label_short transfer wtp_env env_cost_wtp cost_wtp producers WTP program_cost fisc_ext_sr fisc_ext_lr cost MVPF c_s
> avings
. }

. 
. order table_order

. 
. // Deal with Ordering of Revenue Raisers
. replace across_group_ordering = 11 if group_label == "Gasoline Taxes"
(12 real changes made)

. replace across_group_ordering = 12 if group_label == "Other Fuel Taxes"
(0 real changes made)

. replace across_group_ordering = 13 if group_label == "Other Revenue Raisers"
(3 real changes made)

. replace across_group_ordering = 14 if group_label == "Cap and Trade"    
(0 real changes made)

. 
. replace table_order = table_order + across_group_ordering
variable table_order was byte now int
(72 real changes made)

. 
. 
. // Bring in Category Averages
. append using "`category_averages'"
(variable table_order was int, now float to accommodate using data's values)

. 
. levelsof(group_label), local(group_loop)
`"Appliance Rebates"' `"Cap and Trade"' `"Cookstoves"' `"Deforestation"' `"Electric Vehicles"' `"Gasoline Taxes"' `"Home Energy Reports"' `
> "Hybrid Vehicles"' `"International Rebates"' `"Other Fuel Taxes"' `"Other Nudges"' `"Other Revenue Raisers"' `"Other Subsidies"' `"Reside
> ntial Solar"' `"Rice Burning"' `"Vehicle Retirement"' `"Weatherization"' `"Wind Offset"' `"Wind Production Credits"'

. foreach g of local group_loop {
  2.         
.         sum table_order if group_label == "`g'"
  3.         replace table_order = (r(min) - 1) if group_label == "`g'" & program_label_short == "" 
  4.         replace program_label_short = "`g'" if group_label == "`g'" & program_label_short == ""
  5.                         
. }

    Variable |        Obs        Mean    Std. dev.       Min        Max
-------------+---------------------------------------------------------
 table_order |          8        27.5     2.44949         24         31
(1 real change made)
(1 real change made)

    Variable |        Obs        Mean    Std. dev.       Min        Max
-------------+---------------------------------------------------------
 table_order |          2        93.5    .7071068         93         94
(1 real change made)
(1 real change made)

    Variable |        Obs        Mean    Std. dev.       Min        Max
-------------+---------------------------------------------------------
 table_order |          2        98.5    .7071068         98         99
(1 real change made)
(1 real change made)

    Variable |        Obs        Mean    Std. dev.       Min        Max
-------------+---------------------------------------------------------
 table_order |          3         102           1        101        103
(1 real change made)
(1 real change made)

    Variable |        Obs        Mean    Std. dev.       Min        Max
-------------+---------------------------------------------------------
 table_order |          3          20           1         19         21
(1 real change made)
(1 real change made)

    Variable |        Obs        Mean    Std. dev.       Min        Max
-------------+---------------------------------------------------------
 table_order |         12        68.5    3.605551         63         74
(1 real change made)
(1 real change made)

    Variable |        Obs        Mean    Std. dev.       Min        Max
-------------+---------------------------------------------------------
 table_order |          4        51.5    1.290994         50         53
(1 real change made)
(1 real change made)

    Variable |        Obs        Mean    Std. dev.       Min        Max
-------------+---------------------------------------------------------
 table_order |          3          38           1         37         39
(1 real change made)
(1 real change made)

    Variable |        Obs        Mean    Std. dev.       Min        Max
-------------+---------------------------------------------------------
 table_order |          3         112           1        111        113
(1 real change made)
(1 real change made)

    Variable |        Obs        Mean    Std. dev.       Min        Max
-------------+---------------------------------------------------------
 table_order |          2        82.5    .7071068         82         83
(1 real change made)
(1 real change made)

    Variable |        Obs        Mean    Std. dev.       Min        Max
-------------+---------------------------------------------------------
 table_order |          6        57.5    1.870829         55         60
(1 real change made)
(1 real change made)

    Variable |        Obs        Mean    Std. dev.       Min        Max
-------------+---------------------------------------------------------
 table_order |          3          90           1         89         91
(1 real change made)
(1 real change made)

    Variable |        Obs        Mean    Std. dev.       Min        Max
-------------+---------------------------------------------------------
 table_order |          2        47.5    .7071068         47         48
(1 real change made)
(1 real change made)

    Variable |        Obs        Mean    Std. dev.       Min        Max
-------------+---------------------------------------------------------
 table_order |          5          14    1.581139         12         16
(1 real change made)
(1 real change made)

    Variable |        Obs        Mean    Std. dev.       Min        Max
-------------+---------------------------------------------------------
 table_order |          2       106.5    .7071068        106        107
(1 real change made)
(1 real change made)

    Variable |        Obs        Mean    Std. dev.       Min        Max
-------------+---------------------------------------------------------
 table_order |          3          34           1         33         35
(1 real change made)
(1 real change made)

    Variable |        Obs        Mean    Std. dev.       Min        Max
-------------+---------------------------------------------------------
 table_order |          5          43    1.581139         41         45
(1 real change made)
(1 real change made)

    Variable |        Obs        Mean    Std. dev.       Min        Max
-------------+---------------------------------------------------------
 table_order |          1         109           .        109        109
(1 real change made)
(1 real change made)

    Variable |        Obs        Mean    Std. dev.       Min        Max
-------------+---------------------------------------------------------
 table_order |          3           3           1          2          4
(1 real change made)
(1 real change made)

. sort table_order        

.         
.         
. **********************
. * 5. Export to Excel *
. **********************
. preserve 

. 
.         drop table_order across_group_ordering group_label

. 
.         if "`export_excel_toggle'" == "yes" {
. 
.                 if "`savings'" == "yes" {
.                         copy "${output_tab}/tables_templates/TEMPLATE_Savings.xlsx" "`output_path'/`table_name'.xlsx", replace  
.                 }
. 
.                 if "`savings'" == "no" {
.                         
.                         if "`with_international'" == "yes" {
.                                 copy "${output_tab}/tables_templates/TEMPLATE.xlsx" "`output_path'/`table_name'.xlsx", replace  
.                         }
.                         if "`with_international'" == "no" {
.                                 copy "${output_tab}/tables_templates/TEMPLATE_No_International.xlsx" "`output_path'/`table_name'.xlsx", r
> eplace 
.                         }
.                         
.                 }       
. 
.                 export excel "`output_path'/`table_name'.xlsx", first(var) sheet("data_export", replace) keepcellfmt    
file C:/Users/bcchen/Documents/GitHub/mvpf-climate/data/6_tables/tables_appendix/Table1_scc193_main.xlsx saved
.                 
.         }

. 
. restore 

. 
end of do-file

. 
end of do-file

. do "C:\Users\bcchen\AppData\Local\Temp\STD8eb0_00000i.tmp"

. do "${github}/figtab/excel_MVPF_tables.do" "full_current_193" "Table1_scc193_main" "no" "yes"

. *****************************************************************
. *             Export Final Datasets to Excel                    *
. *****************************************************************
. 
. *****************************************************
. * 0.             Get Dataset Names                  *
. *****************************************************
. 
. local selected_data_stub                `1'

. local pattern_suffix = "`selected_data_stub'"

. di in yellow "Looking for folders ending with pattern: `pattern_suffix'"
Looking for folders ending with pattern: full_current_193

. * Find all folders in the results directory that end with the pattern
. local results_dir = "${code_files}/4_results"

. local folder_list = ""

. local folder_dates = ""

. * Get list of all subdirectories
. qui local folders : dir "`results_dir'" dirs "*"

. * Filter folders that end with our pattern and extract timestamps
. foreach folder of local folders {
  2.     if regexm("`folder'", "^([0-9]{4}-[0-9]{2}-[0-9]{2}_[0-9]{2}-[0-9]{2}-[0-9]{2})__`pattern_suffix'$") {
  3.         local timestamp = regexs(1)
  4.         local folder_list = "`folder_list' `folder'"
  5.         local folder_dates = "`folder_dates' `timestamp'"
  6.         di in green "Found matching folder: `folder' (timestamp: `timestamp')"
  7.     }
  8. }
Found matching folder: 2025-09-25_13-45-54__full_current_193 (timestamp: 2025-09-25_13-45-54)
Found matching folder: 2025-10-21_01-03-46__full_current_193 (timestamp: 2025-10-21_01-03-46)

. * If no matching folders found, display error and exit
. if "`folder_list'" == "" {
.     di as error "`pattern_suffix' folder has not been created, please run the masterfile first to create this folder"
.     exit 601
. }

. else {
.     * Find the most recent folder by comparing timestamps
.     local most_recent_folder = ""
.     local most_recent_timestamp = ""
.     local folder_count : word count `folder_list'
.     local date_count : word count `folder_dates'
.     forvalues i = 1/`folder_count' {
  2.         local current_folder : word `i' of `folder_list'
  3.         local current_timestamp : word `i' of `folder_dates'
  4.         * Convert timestamp to comparable format (remove hyphens and underscores)
.         local current_numeric = subinstr(subinstr("`current_timestamp'", "-", "", .), "_", "", .)
  5.         if "`most_recent_timestamp'" == "" {
  6.             local most_recent_folder = "`current_folder'"
  7.             local most_recent_timestamp = "`current_numeric'"
  8.         }
  9.         else {
 10.             local most_recent_numeric = subinstr(subinstr("`most_recent_timestamp'", "-", "", .), "_", "", .)
 11.             if `current_numeric' > `most_recent_numeric' {
 12.                 local most_recent_folder = "`current_folder'"
 13.                 local most_recent_timestamp = "`current_numeric'"
 14.             }
 15.         }
 16.     }
.     local selected_data_stub = "`most_recent_folder'"
.     di in green "Selected most recent folder: `selected_data_stub'"
Selected most recent folder: 2025-10-21_01-03-46__full_current_193
. }

. 
. 
. local stub_toggle                                       "`selected_data_stub'" 

. 
. local table_name                                        "`2'"

. 
. local savings                                           "`3'"

. 
. local with_international                        "`4'"

. 
. local export_excel_toggle                       yes

. 
. local output_path ${output_tab}/tables_appendix

. 
. if "`2'" == "Table2_scc193_main" {
.         local output_path ${output_tab}/tables_main
. }

. 
. 
. *****************************************************
. * 1. Reshape Datasets and Merge with Policy Details *
. *****************************************************
. use "${code_files}/4_results/`stub_toggle'/compiled_results_all_uncorrected_vJK", clear

. 
. missings dropvars, force

Checking missings in program component_type component_value l_component u_component component_sd component_over_prog_cost assumptions
    correlation replications:
9800 observations with missing values

note: l_component u_component component_sd dropped

. drop component_over_prog_cost 

. cap drop perc_switch

. ren component_value cv

. cap drop assumptions component_sd

.         
. replace cv = cv
(0 real changes made)

. cap drop l_component u_component

.         
. reshape wide cv, i(program) j(component_type) string
(j = MVPF MVPF_no_cc WTP WTP_RoW WTP_USFut WTP_USPres WTP_USTotal WTP_cc admin_cost beh_fisc_ext c_savings cost cost_curve cost_mvpf cost_w
> tp env_cost_wtp env_cost_wtp_g env_cost_wtp_l enviro_mvpf enviro_wtp epsilon ev_sub_c ev_sub_c_row ev_sub_c_us ev_sub_cost ev_sub_env fed
> _fisc_ext firm_cost_wtp firm_mvpf fisc_ext_lr fisc_ext_s fisc_ext_t fiscalext gas_corp_fisc_e gas_fisc_ext gov_carbon infmarg marginal p_
> spend pass_through permitrev permitrev_ex permitrev_new profits profits_fisc_e program_cost q_CO2 q_CO2_mck q_CO2_mck_no q_CO2_no q_carbo
> n_mck resource_ce resource_cost semie state_fisc_ext subsidies taxes total_cost transfer utility_fisc_ext wind_g_wf wind_l_wf wtp_abateme
> nt wtp_batt wtp_cons wtp_ctr wtp_deal wtp_e_cost wtp_glob wtp_inf wtp_install wtp_leak wtp_loc wtp_local_w_r wtp_marg wtp_no_ice wtp_no_i
> ce_g wtp_no_ice_local wtp_no_leak wtp_permits wtp_private wtp_prod wtp_prod_s wtp_prod_u wtp_r_glob wtp_r_loc wtp_soc wtp_soc_g wtp_soc_l
>  wtp_soc_l_dr wtp_soc_l_po wtp_soc_rbd wtp_soc_rbd_g wtp_soc_rbd_l wtp_yes_ev wtp_yes_ev_g wtp_yes_ev_local wtp_yes_hev)

Data                               Long   ->   Wide
-----------------------------------------------------------------------------
Number of observations            9,800   ->   100         
Number of variables                   6   ->   102         
j variable (98 values)   component_type   ->   (dropped)
xij variables:
                                     cv   ->   cvMVPF cvMVPF_no_cc ... cvwtp_yes_hev
-----------------------------------------------------------------------------

. ren cv* *

. drop WTP_RoW WTP_USFut WTP_USPres WTP_USTotal wind_g_wf wind_l_wf epsilon

. 
. preserve

.         import excel "${code_files}/policy_details_v3.xlsx", clear first
(16 vars, 100 obs)

.         tempfile policy_labels

.         save "`policy_labels.dta'", replace
(file C:\Users\bcchen\AppData\Local\Temp\ST_8eb0_000002.tmp not found)
file C:\Users\bcchen\AppData\Local\Temp\ST_8eb0_000002.tmp saved as .dta format

. restore

. 
. merge m:1 program using "`policy_labels.dta'", keep(3)

    Result                      Number of obs
    -----------------------------------------
    Not matched                             0
    Matched                               100  (_merge==3)
    -----------------------------------------

. drop if program == "cafe_dk"
(1 observation deleted)

. drop if broad_category == "Regulation"
(3 observations deleted)

. drop if extended == 1
(24 observations deleted)

. assert _N == 72

. 
. missings dropvars, force

Checking missings in program MVPF MVPF_no_cc WTP WTP_cc admin_cost beh_fisc_ext c_savings cost cost_curve cost_mvpf cost_wtp env_cost_wtp
    env_cost_wtp_g env_cost_wtp_l enviro_mvpf enviro_wtp ev_sub_c ev_sub_c_row ev_sub_c_us ev_sub_cost ev_sub_env fed_fisc_ext
    firm_cost_wtp firm_mvpf fisc_ext_lr fisc_ext_s fisc_ext_t fiscalext gas_corp_fisc_e gas_fisc_ext gov_carbon infmarg marginal p_spend
    pass_through permitrev permitrev_ex permitrev_new profits profits_fisc_e program_cost q_CO2 q_CO2_mck q_CO2_mck_no q_CO2_no
    q_carbon_mck resource_ce resource_cost semie state_fisc_ext subsidies taxes total_cost transfer utility_fisc_ext wtp_abatement wtp_batt
    wtp_cons wtp_ctr wtp_deal wtp_e_cost wtp_glob wtp_inf wtp_install wtp_leak wtp_loc wtp_local_w_r wtp_marg wtp_no_ice wtp_no_ice_g
    wtp_no_ice_local wtp_no_leak wtp_permits wtp_private wtp_prod wtp_prod_s wtp_prod_u wtp_r_glob wtp_r_loc wtp_soc wtp_soc_g wtp_soc_l
    wtp_soc_l_dr wtp_soc_l_po wtp_soc_rbd wtp_soc_rbd_g wtp_soc_rbd_l wtp_yes_ev wtp_yes_ev_g wtp_yes_ev_local wtp_yes_hev assumptions
    correlation replications program_label_long program_label_short source year_in_context location broad_category group_label panel_number
    across_group_ordering in_group_ordering extended international regulation table_order no_SE _merge:
72 observations with missing values

note: ev_sub_c ev_sub_c_row ev_sub_c_us ev_sub_cost ev_sub_env fiscalext infmarg marginal permitrev permitrev_ex permitrev_new extended
regulation dropped

. drop _merge program_label_long

. drop correlation replications

. mvencode _all, mv(0) override
  MVPF_no_cc: 51 missing values recoded
      WTP_cc: 58 missing values recoded
  admin_cost: 69 missing values recoded
beh_fisc_ext: 66 missing values recoded
   c_savings: 36 missing values recoded
  cost_curve: 71 missing values recoded
   cost_mvpf: 58 missing values recoded
    cost_wtp: 45 missing values recoded
env_cost_wtp: 45 missing values recoded
env_cost_w~g: 58 missing values recoded
env_cost_w~l: 58 missing values recoded
 enviro_mvpf: 58 missing values recoded
  enviro_wtp: 71 missing values recoded
fed_fisc_ext: 67 missing values recoded
firm_cost_~p: 67 missing values recoded
   firm_mvpf: 67 missing values recoded
  fisc_ext_s: 12 missing values recoded
  fisc_ext_t: 7 missing values recoded
gas_corp_f~e: 66 missing values recoded
gas_fisc_ext: 66 missing values recoded
  gov_carbon: 13 missing values recoded
     p_spend: 17 missing values recoded
pass_through: 66 missing values recoded
     profits: 71 missing values recoded
profits_fi~e: 69 missing values recoded
       q_CO2: 5 missing values recoded
   q_CO2_mck: 47 missing values recoded
q_CO2_mck_no: 57 missing values recoded
    q_CO2_no: 57 missing values recoded
q_carbon_mck: 13 missing values recoded
 resource_ce: 13 missing values recoded
resource_c~t: 59 missing values recoded
       semie: 37 missing values recoded
state_fisc~t: 68 missing values recoded
   subsidies: 71 missing values recoded
       taxes: 71 missing values recoded
  total_cost: 22 missing values recoded
    transfer: 71 missing values recoded
utility_fi~t: 69 missing values recoded
wtp_abatem~t: 70 missing values recoded
    wtp_batt: 71 missing values recoded
    wtp_cons: 22 missing values recoded
     wtp_ctr: 70 missing values recoded
    wtp_deal: 69 missing values recoded
  wtp_e_cost: 63 missing values recoded
    wtp_glob: 15 missing values recoded
     wtp_inf: 38 missing values recoded
 wtp_install: 67 missing values recoded
    wtp_leak: 70 missing values recoded
     wtp_loc: 16 missing values recoded
wtp_local_~r: 71 missing values recoded
    wtp_marg: 38 missing values recoded
  wtp_no_ice: 66 missing values recoded
wtp_no_ice_g: 66 missing values recoded
wtp_no_ice~l: 66 missing values recoded
 wtp_no_leak: 70 missing values recoded
 wtp_permits: 70 missing values recoded
 wtp_private: 62 missing values recoded
    wtp_prod: 20 missing values recoded
  wtp_prod_s: 49 missing values recoded
  wtp_prod_u: 56 missing values recoded
  wtp_r_glob: 28 missing values recoded
   wtp_r_loc: 29 missing values recoded
     wtp_soc: 13 missing values recoded
   wtp_soc_g: 57 missing values recoded
   wtp_soc_l: 57 missing values recoded
wtp_soc_l_dr: 60 missing values recoded
wtp_soc_l_po: 60 missing values recoded
 wtp_soc_rbd: 55 missing values recoded
wtp_soc_rb~g: 69 missing values recoded
wtp_soc_rb~l: 69 missing values recoded
  wtp_yes_ev: 69 missing values recoded
wtp_yes_ev_g: 69 missing values recoded
wtp_yes_ev~l: 69 missing values recoded
 wtp_yes_hev: 69 missing values recoded
internatio~l: 61 missing values recoded
       no_SE: 60 missing values recoded

. order program_cost, after(WTP)

. 
. ***********************************************
. * 2. Check that Each Component Sums Correctly *
. ***********************************************
. 
. **** Transfer
. cap gen wtp_install = 0

. cap drop transfer

. gen transfer = wtp_cons + wtp_deal + wtp_install

. drop wtp_cons wtp_deal wtp_install

. replace transfer = wtp_inf + wtp_marg if (inlist(group_label, "Weatherization", "Appliance Rebates", "Other Nudges", "Vehicle Retirement"
> ) & ///
>                                                                                  program != "care" & program != "solarize" & program != "
> her_compiled" & program != "cw_datta" & program != "dw_datta" & ///
>                                                                                  program != "fridge_datta" & program != "wisc_rf") | inli
> st(program, "ca_electric", "cookstoves", "mx_deforest", "ug_deforest")
(18 real changes made)

. replace transfer = wtp_inf + wtp_marg + wtp_ctr if inlist(program, "ihwap_hb", "ihwap_lb")
(2 real changes made)

. drop wtp_inf wtp_marg wtp_private

. cap gen wtp_abatement = 0

. cap gen wtp_permits = 0

. replace transfer = wtp_abatement + wtp_permits if group_label == "Cap and Trade"
(2 real changes made)

. drop wtp_abatement wtp_permits

. replace transfer = wtp_prod if group_label == "Wind Production Credits" | inlist(program, "rao_crude", "bmm_crude", "india_offset")
(4 real changes made)

. replace transfer = 1 if program == "sallee_hy"
(0 real changes made)

. 
. **** Global and Local Enviro
. assert round(wtp_no_ice, 0.0001) == round(wtp_no_ice_g + wtp_no_ice_local, 0.0001)

. assert round(wtp_yes_ev, 0.0001) == round(wtp_yes_ev_local + wtp_yes_ev_g, 0.0001) if group_label == "Electric Vehicles"

. assert round(wtp_loc, 0.0001) == round(wtp_yes_ev_local + wtp_no_ice_local, 0.0001) if group_label == "Electric Vehicles"

. 
. drop wtp_no_ice_g wtp_no_ice_local wtp_yes_ev_g wtp_yes_ev_local

. 
. assert round(wtp_soc, 0.0001) == round(wtp_glob + wtp_loc, 0.0001) if group_label == "Electric Vehicles"

. assert round(wtp_soc, 0.0001) == round(wtp_glob + wtp_loc, 0.0001) if group_label == "Hybrid Vehicles"

. replace wtp_glob = wtp_glob + wtp_e_cost if group_label == "Residential Solar"| program == "solarize"
(6 real changes made)

. replace wtp_glob = (wtp_glob + wtp_e_cost) - wtp_r_glob if group_label == "Wind Production Credits"
(3 real changes made)

. replace wtp_glob = wtp_soc_g if inlist(group_label, "Gasoline Taxes", "Cap and Trade") | inlist(program, "cookstoves", "bmm_crude", "bunk
> er_fuel", "ethanol", "rao_crude")
(15 real changes made)

. replace wtp_loc = wtp_soc_l if inlist(group_label, "Gasoline Taxes", "Cap and Trade") | inlist(program, "cookstoves", "bmm_crude", "bunke
> r_fuel", "ethanol", "rao_crude")
(14 real changes made)

. replace wtp_loc = 0 if wtp_loc == -1.00e-35
(0 real changes made)

. replace wtp_loc = wtp_loc - wtp_r_loc if group_label == "Wind Production Credits"
(3 real changes made)

. 
. cap gen wtp_leak = 0

. cap gen wtp_no_leak = 0

. drop wtp_yes_ev wtp_yes_hev wtp_no_ice wtp_soc wtp_e_cost wtp_soc_g wtp_soc_l wtp_leak wtp_no_leak 

. 
. **** Rebound
. replace wtp_soc_rbd = 0 if wtp_soc_rbd == 1.00e-11
(1 real change made)

. replace wtp_soc_rbd_l = 0 if wtp_soc_rbd_l == 1.00e-20 | program == "rggi"
(0 real changes made)

. replace wtp_soc_rbd_g = 0 if wtp_soc_rbd_g == 1.00e-20 | program == "rggi"
(0 real changes made)

. assert round(wtp_soc_rbd, 0.0001) == round(wtp_soc_rbd_g + wtp_soc_rbd_l, 0.0001) if wtp_soc_rbd_g != 0 & wtp_soc_rbd_l != 0

. replace wtp_r_loc = wtp_soc_rbd_l if wtp_soc_rbd_l != 0 & wtp_r_loc == 0
(3 real changes made)

. replace wtp_r_glob = wtp_soc_rbd_g if wtp_soc_rbd_g != 0  & wtp_r_glob == 0
(3 real changes made)

. drop wtp_soc_rbd_l wtp_soc_rbd_g

. replace wtp_soc_rbd = wtp_r_glob + wtp_r_loc if wtp_soc_rbd == 0 & wtp_r_glob != 0 & wtp_r_loc != 0
(23 real changes made)

. replace wtp_soc_rbd = wtp_r_glob if inlist(program, "care", "opower_ng", "rebate_es", "es_incent", "ac_mex", "fridge_mex", "nudge_ger", "
> nudge_qatar", "wap_mexico") | inlist(program, "india_offset")
(7 real changes made)

. replace wtp_soc_rbd = -wtp_soc_rbd if program == "wisc_rf"
(1 real change made)

. 
. 
. **** Dynamic Price and Dynamic Enviro
. replace env_cost_wtp = 0 if env_cost_wtp == -1.00e-17
(0 real changes made)

. replace cost_wtp = 0 if cost_wtp == -1.00e-17
(0 real changes made)

. 
. assert round(env_cost_wtp, 0.0001) == round(env_cost_wtp_g + env_cost_wtp_l, 0.0001) if env_cost_wtp_l != 0 & env_cost_wtp_g != 0 & group
> _label != "Gasoline Tax"

. 
. drop cost_mvpf enviro_mvpf firm_mvpf

. 
. **** Producers
. gen producers = firm_cost_wtp + wtp_prod_s + wtp_prod_u

. replace producers = wtp_prod if inlist(group_label, "Residential Solar", "Appliance Rebates", "Weatherization", "Other Nudges", "Home Ene
> rgy Reports") | program == "care" | program == "ca_electric"
(30 real changes made)

. replace producers = wtp_prod if inlist(program, "jet_fuel", "CPP_aj", "CPP_pj", "PER", "baaqmd", "ca_electric")
(2 real changes made)

. replace producers = -wtp_prod if program == "wisc_rf"
(1 real change made)

. drop wtp_prod_s wtp_prod_u wtp_prod

. 
. **** Fiscal Externalities
. replace fisc_ext_s = beh_fisc_ext + fed_fisc_ext + state_fisc_ext if group_label == "Electric Vehicles" | group_label == "Hybrid Vehicles
> "
(3 real changes made)

. replace fisc_ext_t = gas_corp_fisc_e + gas_fisc_ext + utility_fisc_ext if group_label == "Electric Vehicles" | group_label == "Hybrid Veh
> icles"
(6 real changes made)

. 
. gen fisc_ext_sr = fisc_ext_s + fisc_ext_t

. drop fisc_ext_s fisc_ext_t

. 
. drop beh_fisc_ext fed_fisc_ext state_fisc_ext gas_corp_fisc_e gas_fisc_ext utility_fisc_ext

. 
. **** Total WTP
. gen WTP_no_cc = WTP

. replace WTP = WTP_cc if WTP_cc != 0
(14 real changes made)

. 
. **** Total Cost
. assert total_cost == cost if total_cost != 0

. drop total_cost

. 
. 
. **** Normalization Factor
. gen normalization = program_cost // for normalizing all the factors such that program_cost (without admin cost) is 1

. gen prog_cost_no_normal = program_cost

. 
. local components transfer wtp_loc wtp_glob wtp_soc_rbd env_cost_wtp cost_wtp producers WTP program_cost fisc_ext_sr fisc_ext_lr cost wtp_
> r_loc wtp_r_glob WTP_no_cc WTP_cc env_cost_wtp_g c_savings

. foreach comp of local components{
  2.     replace `comp' = `comp' / normalization
  3. }
(42 real changes made)
(34 real changes made)
(49 real changes made)
(36 real changes made)
(8 real changes made)
(8 real changes made)
(32 real changes made)
(49 real changes made)
(49 real changes made)
(38 real changes made)
(49 real changes made)
(49 real changes made)
(28 real changes made)
(36 real changes made)
(49 real changes made)
(8 real changes made)
(8 real changes made)
(3 real changes made)

. 
. 
. if "`savings'" == "yes"{
.     assert round(WTP, 0.001) == round(transfer + c_savings + wtp_loc + wtp_glob + wtp_soc_rbd + env_cost_wtp + cost_wtp + producers, 0.00
> 1)
. }

. else{
.     assert round(WTP, 0.001) == round(transfer + wtp_loc + wtp_glob + wtp_soc_rbd + env_cost_wtp + cost_wtp + producers, 0.001)
. }

. 
. assert round(cost, 0.001) == round(program_cost + fisc_ext_sr + fisc_ext_lr, 0.001) if program != "bev_state_i" // see if this is fixed a
> fter the latest big run

. assert round(MVPF, 0.001) == round(WTP / cost, 0.001) if (MVPF != 99999 & MVPF != -99999)

. 
. **** Combine Environmental Benefits
. gen wtp_env = wtp_glob + wtp_loc + wtp_soc_rbd

. 
. **** Combine Fiscal Externalities
. 
. gen fisc_tot = fisc_ext_sr + fisc_ext_lr

. 
. *********************************
. * 3. Calculate Category Average *
. *********************************
. preserve

. 
.         tempfile all_policy_save

.         save "`all_policy_save'", replace
(file C:\Users\bcchen\AppData\Local\Temp\ST_8eb0_000004.tmp not found)
file C:\Users\bcchen\AppData\Local\Temp\ST_8eb0_000004.tmp saved as .dta format

.         
.         assert WTP_cc == WTP if WTP_cc != 0

.         sort table_order

.                 
.         if "`savings'" == "no" {
.                 collapse (mean) WTP program_cost cost env_cost_wtp cost_wtp producers wtp_env fisc_tot transfer table_order, by(group_lab
> el)
.         }       

.         
.         if "`savings'" == "yes" {
.                 collapse (mean) WTP program_cost cost env_cost_wtp cost_wtp producers wtp_env fisc_tot transfer c_savings table_order, by
> (group_label)
.         }

. 
.         gen MVPF = WTP / cost

.         replace table_order = .
(19 real changes made, 19 to missing)

.         tempfile category_averages

.         save "`category_averages'", replace             
(file C:\Users\bcchen\AppData\Local\Temp\ST_8eb0_000005.tmp not found)
file C:\Users\bcchen\AppData\Local\Temp\ST_8eb0_000005.tmp saved as .dta format

.                                 
. restore

. 
. **************************
. * 4. Organize Components *
. **************************
. keep program_label_short group_label MVPF WTP cost env_cost_wtp cost_wtp producers wtp_env fisc_tot transfer table_order c_savings across
> _group_ordering

. sort table_order

.         
. if "`savings'" == "no"{
.         drop c_savings
.         order program_label_short transfer wtp_env env_cost_wtp cost_wtp producers WTP fisc_tot cost MVPF
. 
. }       

. else {
.         order program_label_short transfer wtp_env env_cost_wtp cost_wtp producers WTP fisc_tot cost MVPF c_savings
. }

. 
. order table_order

. 
. // Deal with Ordering of Revenue Raisers
. replace across_group_ordering = 11 if group_label == "Gasoline Taxes"
(12 real changes made)

. replace across_group_ordering = 12 if group_label == "Other Fuel Taxes"
(0 real changes made)

. replace across_group_ordering = 13 if group_label == "Other Revenue Raisers"
(3 real changes made)

. replace across_group_ordering = 14 if group_label == "Cap and Trade"    
(0 real changes made)

. 
. replace table_order = table_order + across_group_ordering
variable table_order was byte now int
(72 real changes made)

. 
. 
. // Bring in Category Averages
. append using "`category_averages'"
(variable table_order was int, now float to accommodate using data's values)

. 
. levelsof(group_label), local(group_loop)
`"Appliance Rebates"' `"Cap and Trade"' `"Cookstoves"' `"Deforestation"' `"Electric Vehicles"' `"Gasoline Taxes"' `"Home Energy Reports"' `
> "Hybrid Vehicles"' `"International Rebates"' `"Other Fuel Taxes"' `"Other Nudges"' `"Other Revenue Raisers"' `"Other Subsidies"' `"Reside
> ntial Solar"' `"Rice Burning"' `"Vehicle Retirement"' `"Weatherization"' `"Wind Offset"' `"Wind Production Credits"'

. foreach g of local group_loop {
  2.         
.         sum table_order if group_label == "`g'"
  3.         replace table_order = (r(min) - 1) if group_label == "`g'" & program_label_short == "" 
  4.         replace program_label_short = "`g'" if group_label == "`g'" & program_label_short == ""
  5.                         
. }

    Variable |        Obs        Mean    Std. dev.       Min        Max
-------------+---------------------------------------------------------
 table_order |          8        27.5     2.44949         24         31
(1 real change made)
(1 real change made)

    Variable |        Obs        Mean    Std. dev.       Min        Max
-------------+---------------------------------------------------------
 table_order |          2        93.5    .7071068         93         94
(1 real change made)
(1 real change made)

    Variable |        Obs        Mean    Std. dev.       Min        Max
-------------+---------------------------------------------------------
 table_order |          2        98.5    .7071068         98         99
(1 real change made)
(1 real change made)

    Variable |        Obs        Mean    Std. dev.       Min        Max
-------------+---------------------------------------------------------
 table_order |          3         102           1        101        103
(1 real change made)
(1 real change made)

    Variable |        Obs        Mean    Std. dev.       Min        Max
-------------+---------------------------------------------------------
 table_order |          3          20           1         19         21
(1 real change made)
(1 real change made)

    Variable |        Obs        Mean    Std. dev.       Min        Max
-------------+---------------------------------------------------------
 table_order |         12        68.5    3.605551         63         74
(1 real change made)
(1 real change made)

    Variable |        Obs        Mean    Std. dev.       Min        Max
-------------+---------------------------------------------------------
 table_order |          4        51.5    1.290994         50         53
(1 real change made)
(1 real change made)

    Variable |        Obs        Mean    Std. dev.       Min        Max
-------------+---------------------------------------------------------
 table_order |          3          38           1         37         39
(1 real change made)
(1 real change made)

    Variable |        Obs        Mean    Std. dev.       Min        Max
-------------+---------------------------------------------------------
 table_order |          3         112           1        111        113
(1 real change made)
(1 real change made)

    Variable |        Obs        Mean    Std. dev.       Min        Max
-------------+---------------------------------------------------------
 table_order |          2        82.5    .7071068         82         83
(1 real change made)
(1 real change made)

    Variable |        Obs        Mean    Std. dev.       Min        Max
-------------+---------------------------------------------------------
 table_order |          6        57.5    1.870829         55         60
(1 real change made)
(1 real change made)

    Variable |        Obs        Mean    Std. dev.       Min        Max
-------------+---------------------------------------------------------
 table_order |          3          90           1         89         91
(1 real change made)
(1 real change made)

    Variable |        Obs        Mean    Std. dev.       Min        Max
-------------+---------------------------------------------------------
 table_order |          2        47.5    .7071068         47         48
(1 real change made)
(1 real change made)

    Variable |        Obs        Mean    Std. dev.       Min        Max
-------------+---------------------------------------------------------
 table_order |          5          14    1.581139         12         16
(1 real change made)
(1 real change made)

    Variable |        Obs        Mean    Std. dev.       Min        Max
-------------+---------------------------------------------------------
 table_order |          2       106.5    .7071068        106        107
(1 real change made)
(1 real change made)

    Variable |        Obs        Mean    Std. dev.       Min        Max
-------------+---------------------------------------------------------
 table_order |          3          34           1         33         35
(1 real change made)
(1 real change made)

    Variable |        Obs        Mean    Std. dev.       Min        Max
-------------+---------------------------------------------------------
 table_order |          5          43    1.581139         41         45
(1 real change made)
(1 real change made)

    Variable |        Obs        Mean    Std. dev.       Min        Max
-------------+---------------------------------------------------------
 table_order |          1         109           .        109        109
(1 real change made)
(1 real change made)

    Variable |        Obs        Mean    Std. dev.       Min        Max
-------------+---------------------------------------------------------
 table_order |          3           3           1          2          4
(1 real change made)
(1 real change made)

. sort table_order        

.         
.         
. **********************
. * 5. Export to Excel *
. **********************
. preserve 

. 
.         drop table_order across_group_ordering group_label

. 
.         if "`export_excel_toggle'" == "yes" {
. 
.                 if "`savings'" == "yes" {
.                         copy "${output_tab}/tables_templates/TEMPLATE_Savings.xlsx" "`output_path'/`table_name'.xlsx", replace  
.                 }
. 
.                 if "`savings'" == "no" {
.                         
.                         if "`with_international'" == "yes" {
.                                 copy "${output_tab}/tables_templates/TEMPLATE.xlsx" "`output_path'/`table_name'.xlsx", replace  
.                         }
.                         if "`with_international'" == "no" {
.                                 copy "${output_tab}/tables_templates/TEMPLATE_No_International.xlsx" "`output_path'/`table_name'.xlsx", r
> eplace 
.                         }
.                         
.                 }       
. 
.                 export excel "`output_path'/`table_name'.xlsx", first(var) sheet("data_export", replace) keepcellfmt    
file C:/Users/bcchen/Documents/GitHub/mvpf-climate/data/6_tables/tables_appendix/Table1_scc193_main.xlsx saved
.                 
.         }

. 
. restore 

. 
end of do-file

. 
end of do-file

. do "C:\Users\bcchen\AppData\Local\Temp\STD8eb0_00000j.tmp"

. do "${github}/figtab/excel_MVPF_tables_condensed.do" "full_current_193" "Table1_scc193_main" "no" "yes"

. *****************************************************************
. *             Export Final Datasets to Excel                    *
. *****************************************************************
. 
. *****************************************************
. * 0.             Get Dataset Names                  *
. *****************************************************
. 
. local selected_data_stub                `1'

. local pattern_suffix = "`selected_data_stub'"

. di in yellow "Looking for folders ending with pattern: `pattern_suffix'"
Looking for folders ending with pattern: full_current_193

. * Find all folders in the results directory that end with the pattern
. local results_dir = "${code_files}/4_results"

. local folder_list = ""

. local folder_dates = ""

. * Get list of all subdirectories
. qui local folders : dir "`results_dir'" dirs "*"

. * Filter folders that end with our pattern and extract timestamps
. foreach folder of local folders {
  2.     if regexm("`folder'", "^([0-9]{4}-[0-9]{2}-[0-9]{2}_[0-9]{2}-[0-9]{2}-[0-9]{2})__`pattern_suffix'$") {
  3.         local timestamp = regexs(1)
  4.         local folder_list = "`folder_list' `folder'"
  5.         local folder_dates = "`folder_dates' `timestamp'"
  6.         di in green "Found matching folder: `folder' (timestamp: `timestamp')"
  7.     }
  8. }
Found matching folder: 2025-09-25_13-45-54__full_current_193 (timestamp: 2025-09-25_13-45-54)
Found matching folder: 2025-10-21_01-03-46__full_current_193 (timestamp: 2025-10-21_01-03-46)

. * If no matching folders found, display error and exit
. if "`folder_list'" == "" {
.     di as error "`pattern_suffix' folder has not been created, please run the masterfile first to create this folder"
.     exit 601
. }

. else {
.     * Find the most recent folder by comparing timestamps
.     local most_recent_folder = ""
.     local most_recent_timestamp = ""
.     local folder_count : word count `folder_list'
.     local date_count : word count `folder_dates'
.     forvalues i = 1/`folder_count' {
  2.         local current_folder : word `i' of `folder_list'
  3.         local current_timestamp : word `i' of `folder_dates'
  4.         * Convert timestamp to comparable format (remove hyphens and underscores)
.         local current_numeric = subinstr(subinstr("`current_timestamp'", "-", "", .), "_", "", .)
  5.         if "`most_recent_timestamp'" == "" {
  6.             local most_recent_folder = "`current_folder'"
  7.             local most_recent_timestamp = "`current_numeric'"
  8.         }
  9.         else {
 10.             local most_recent_numeric = subinstr(subinstr("`most_recent_timestamp'", "-", "", .), "_", "", .)
 11.             if `current_numeric' > `most_recent_numeric' {
 12.                 local most_recent_folder = "`current_folder'"
 13.                 local most_recent_timestamp = "`current_numeric'"
 14.             }
 15.         }
 16.     }
.     local selected_data_stub = "`most_recent_folder'"
.     di in green "Selected most recent folder: `selected_data_stub'"
Selected most recent folder: 2025-10-21_01-03-46__full_current_193
. }

. 
. 
. local stub_toggle                                       "`selected_data_stub'" 

. 
. local table_name                                        "`2'"

. 
. local savings                                           "`3'"

. 
. local with_international                        "`4'"

. 
. local export_excel_toggle                       yes

. 
. local output_path ${output_tab}/tables_appendix

. 
. if "`2'" == "Table2_scc193_main" {
.         local output_path ${output_tab}/tables_main
. }

. 
. 
. *****************************************************
. * 1. Reshape Datasets and Merge with Policy Details *
. *****************************************************
. use "${code_files}/4_results/`stub_toggle'/compiled_results_all_uncorrected_vJK", clear

. 
. missings dropvars, force

Checking missings in program component_type component_value l_component u_component component_sd component_over_prog_cost assumptions
    correlation replications:
9800 observations with missing values

note: l_component u_component component_sd dropped

. drop component_over_prog_cost 

. cap drop perc_switch

. ren component_value cv

. cap drop assumptions component_sd

.         
. replace cv = cv
(0 real changes made)

. cap drop l_component u_component

.         
. reshape wide cv, i(program) j(component_type) string
(j = MVPF MVPF_no_cc WTP WTP_RoW WTP_USFut WTP_USPres WTP_USTotal WTP_cc admin_cost beh_fisc_ext c_savings cost cost_curve cost_mvpf cost_w
> tp env_cost_wtp env_cost_wtp_g env_cost_wtp_l enviro_mvpf enviro_wtp epsilon ev_sub_c ev_sub_c_row ev_sub_c_us ev_sub_cost ev_sub_env fed
> _fisc_ext firm_cost_wtp firm_mvpf fisc_ext_lr fisc_ext_s fisc_ext_t fiscalext gas_corp_fisc_e gas_fisc_ext gov_carbon infmarg marginal p_
> spend pass_through permitrev permitrev_ex permitrev_new profits profits_fisc_e program_cost q_CO2 q_CO2_mck q_CO2_mck_no q_CO2_no q_carbo
> n_mck resource_ce resource_cost semie state_fisc_ext subsidies taxes total_cost transfer utility_fisc_ext wind_g_wf wind_l_wf wtp_abateme
> nt wtp_batt wtp_cons wtp_ctr wtp_deal wtp_e_cost wtp_glob wtp_inf wtp_install wtp_leak wtp_loc wtp_local_w_r wtp_marg wtp_no_ice wtp_no_i
> ce_g wtp_no_ice_local wtp_no_leak wtp_permits wtp_private wtp_prod wtp_prod_s wtp_prod_u wtp_r_glob wtp_r_loc wtp_soc wtp_soc_g wtp_soc_l
>  wtp_soc_l_dr wtp_soc_l_po wtp_soc_rbd wtp_soc_rbd_g wtp_soc_rbd_l wtp_yes_ev wtp_yes_ev_g wtp_yes_ev_local wtp_yes_hev)

Data                               Long   ->   Wide
-----------------------------------------------------------------------------
Number of observations            9,800   ->   100         
Number of variables                   6   ->   102         
j variable (98 values)   component_type   ->   (dropped)
xij variables:
                                     cv   ->   cvMVPF cvMVPF_no_cc ... cvwtp_yes_hev
-----------------------------------------------------------------------------

. ren cv* *

. drop WTP_RoW WTP_USFut WTP_USPres WTP_USTotal wind_g_wf wind_l_wf epsilon

. 
. preserve

.         import excel "${code_files}/policy_details_v3.xlsx", clear first
(16 vars, 100 obs)

.         tempfile policy_labels

.         save "`policy_labels.dta'", replace
(file C:\Users\bcchen\AppData\Local\Temp\ST_8eb0_000002.tmp not found)
file C:\Users\bcchen\AppData\Local\Temp\ST_8eb0_000002.tmp saved as .dta format

. restore

. 
. merge m:1 program using "`policy_labels.dta'", keep(3)

    Result                      Number of obs
    -----------------------------------------
    Not matched                             0
    Matched                               100  (_merge==3)
    -----------------------------------------

. drop if program == "cafe_dk"
(1 observation deleted)

. drop if broad_category == "Regulation"
(3 observations deleted)

. drop if extended == 1
(24 observations deleted)

. assert _N == 72

. 
. missings dropvars, force

Checking missings in program MVPF MVPF_no_cc WTP WTP_cc admin_cost beh_fisc_ext c_savings cost cost_curve cost_mvpf cost_wtp env_cost_wtp
    env_cost_wtp_g env_cost_wtp_l enviro_mvpf enviro_wtp ev_sub_c ev_sub_c_row ev_sub_c_us ev_sub_cost ev_sub_env fed_fisc_ext
    firm_cost_wtp firm_mvpf fisc_ext_lr fisc_ext_s fisc_ext_t fiscalext gas_corp_fisc_e gas_fisc_ext gov_carbon infmarg marginal p_spend
    pass_through permitrev permitrev_ex permitrev_new profits profits_fisc_e program_cost q_CO2 q_CO2_mck q_CO2_mck_no q_CO2_no
    q_carbon_mck resource_ce resource_cost semie state_fisc_ext subsidies taxes total_cost transfer utility_fisc_ext wtp_abatement wtp_batt
    wtp_cons wtp_ctr wtp_deal wtp_e_cost wtp_glob wtp_inf wtp_install wtp_leak wtp_loc wtp_local_w_r wtp_marg wtp_no_ice wtp_no_ice_g
    wtp_no_ice_local wtp_no_leak wtp_permits wtp_private wtp_prod wtp_prod_s wtp_prod_u wtp_r_glob wtp_r_loc wtp_soc wtp_soc_g wtp_soc_l
    wtp_soc_l_dr wtp_soc_l_po wtp_soc_rbd wtp_soc_rbd_g wtp_soc_rbd_l wtp_yes_ev wtp_yes_ev_g wtp_yes_ev_local wtp_yes_hev assumptions
    correlation replications program_label_long program_label_short source year_in_context location broad_category group_label panel_number
    across_group_ordering in_group_ordering extended international regulation table_order no_SE _merge:
72 observations with missing values

note: ev_sub_c ev_sub_c_row ev_sub_c_us ev_sub_cost ev_sub_env fiscalext infmarg marginal permitrev permitrev_ex permitrev_new extended
regulation dropped

. drop _merge program_label_long

. drop correlation replications

. mvencode _all, mv(0) override
  MVPF_no_cc: 51 missing values recoded
      WTP_cc: 58 missing values recoded
  admin_cost: 69 missing values recoded
beh_fisc_ext: 66 missing values recoded
   c_savings: 36 missing values recoded
  cost_curve: 71 missing values recoded
   cost_mvpf: 58 missing values recoded
    cost_wtp: 45 missing values recoded
env_cost_wtp: 45 missing values recoded
env_cost_w~g: 58 missing values recoded
env_cost_w~l: 58 missing values recoded
 enviro_mvpf: 58 missing values recoded
  enviro_wtp: 71 missing values recoded
fed_fisc_ext: 67 missing values recoded
firm_cost_~p: 67 missing values recoded
   firm_mvpf: 67 missing values recoded
  fisc_ext_s: 12 missing values recoded
  fisc_ext_t: 7 missing values recoded
gas_corp_f~e: 66 missing values recoded
gas_fisc_ext: 66 missing values recoded
  gov_carbon: 13 missing values recoded
     p_spend: 17 missing values recoded
pass_through: 66 missing values recoded
     profits: 71 missing values recoded
profits_fi~e: 69 missing values recoded
       q_CO2: 5 missing values recoded
   q_CO2_mck: 47 missing values recoded
q_CO2_mck_no: 57 missing values recoded
    q_CO2_no: 57 missing values recoded
q_carbon_mck: 13 missing values recoded
 resource_ce: 13 missing values recoded
resource_c~t: 59 missing values recoded
       semie: 37 missing values recoded
state_fisc~t: 68 missing values recoded
   subsidies: 71 missing values recoded
       taxes: 71 missing values recoded
  total_cost: 22 missing values recoded
    transfer: 71 missing values recoded
utility_fi~t: 69 missing values recoded
wtp_abatem~t: 70 missing values recoded
    wtp_batt: 71 missing values recoded
    wtp_cons: 22 missing values recoded
     wtp_ctr: 70 missing values recoded
    wtp_deal: 69 missing values recoded
  wtp_e_cost: 63 missing values recoded
    wtp_glob: 15 missing values recoded
     wtp_inf: 38 missing values recoded
 wtp_install: 67 missing values recoded
    wtp_leak: 70 missing values recoded
     wtp_loc: 16 missing values recoded
wtp_local_~r: 71 missing values recoded
    wtp_marg: 38 missing values recoded
  wtp_no_ice: 66 missing values recoded
wtp_no_ice_g: 66 missing values recoded
wtp_no_ice~l: 66 missing values recoded
 wtp_no_leak: 70 missing values recoded
 wtp_permits: 70 missing values recoded
 wtp_private: 62 missing values recoded
    wtp_prod: 20 missing values recoded
  wtp_prod_s: 49 missing values recoded
  wtp_prod_u: 56 missing values recoded
  wtp_r_glob: 28 missing values recoded
   wtp_r_loc: 29 missing values recoded
     wtp_soc: 13 missing values recoded
   wtp_soc_g: 57 missing values recoded
   wtp_soc_l: 57 missing values recoded
wtp_soc_l_dr: 60 missing values recoded
wtp_soc_l_po: 60 missing values recoded
 wtp_soc_rbd: 55 missing values recoded
wtp_soc_rb~g: 69 missing values recoded
wtp_soc_rb~l: 69 missing values recoded
  wtp_yes_ev: 69 missing values recoded
wtp_yes_ev_g: 69 missing values recoded
wtp_yes_ev~l: 69 missing values recoded
 wtp_yes_hev: 69 missing values recoded
internatio~l: 61 missing values recoded
       no_SE: 60 missing values recoded

. order program_cost, after(WTP)

. 
. ***********************************************
. * 2. Check that Each Component Sums Correctly *
. ***********************************************
. 
. **** Transfer
. cap gen wtp_install = 0

. cap drop transfer

. gen transfer = wtp_cons + wtp_deal + wtp_install

. drop wtp_cons wtp_deal wtp_install

. replace transfer = wtp_inf + wtp_marg if (inlist(group_label, "Weatherization", "Appliance Rebates", "Other Nudges", "Vehicle Retirement"
> ) & ///
>                                                                                  program != "care" & program != "solarize" & program != "
> her_compiled" & program != "cw_datta" & program != "dw_datta" & ///
>                                                                                  program != "fridge_datta" & program != "wisc_rf") | inli
> st(program, "ca_electric", "cookstoves", "mx_deforest", "ug_deforest")
(18 real changes made)

. replace transfer = wtp_inf + wtp_marg + wtp_ctr if inlist(program, "ihwap_hb", "ihwap_lb")
(2 real changes made)

. drop wtp_inf wtp_marg wtp_private

. cap gen wtp_abatement = 0

. cap gen wtp_permits = 0

. replace transfer = wtp_abatement + wtp_permits if group_label == "Cap and Trade"
(2 real changes made)

. drop wtp_abatement wtp_permits

. replace transfer = wtp_prod if group_label == "Wind Production Credits" | inlist(program, "rao_crude", "bmm_crude", "india_offset")
(4 real changes made)

. replace transfer = 1 if program == "sallee_hy"
(0 real changes made)

. 
. **** Global and Local Enviro
. assert round(wtp_no_ice, 0.0001) == round(wtp_no_ice_g + wtp_no_ice_local, 0.0001)

. assert round(wtp_yes_ev, 0.0001) == round(wtp_yes_ev_local + wtp_yes_ev_g, 0.0001) if group_label == "Electric Vehicles"

. assert round(wtp_loc, 0.0001) == round(wtp_yes_ev_local + wtp_no_ice_local, 0.0001) if group_label == "Electric Vehicles"

. 
. drop wtp_no_ice_g wtp_no_ice_local wtp_yes_ev_g wtp_yes_ev_local

. 
. assert round(wtp_soc, 0.0001) == round(wtp_glob + wtp_loc, 0.0001) if group_label == "Electric Vehicles"

. assert round(wtp_soc, 0.0001) == round(wtp_glob + wtp_loc, 0.0001) if group_label == "Hybrid Vehicles"

. replace wtp_glob = wtp_glob + wtp_e_cost if group_label == "Residential Solar"| program == "solarize"
(6 real changes made)

. replace wtp_glob = (wtp_glob + wtp_e_cost) - wtp_r_glob if group_label == "Wind Production Credits"
(3 real changes made)

. replace wtp_glob = wtp_soc_g if inlist(group_label, "Gasoline Taxes", "Cap and Trade") | inlist(program, "cookstoves", "bmm_crude", "bunk
> er_fuel", "ethanol", "rao_crude")
(15 real changes made)

. replace wtp_loc = wtp_soc_l if inlist(group_label, "Gasoline Taxes", "Cap and Trade") | inlist(program, "cookstoves", "bmm_crude", "bunke
> r_fuel", "ethanol", "rao_crude")
(14 real changes made)

. replace wtp_loc = 0 if wtp_loc == -1.00e-35
(0 real changes made)

. replace wtp_loc = wtp_loc - wtp_r_loc if group_label == "Wind Production Credits"
(3 real changes made)

. 
. cap gen wtp_leak = 0

. cap gen wtp_no_leak = 0

. drop wtp_yes_ev wtp_yes_hev wtp_no_ice wtp_soc wtp_e_cost wtp_soc_g wtp_soc_l wtp_leak wtp_no_leak 

. 
. **** Rebound
. replace wtp_soc_rbd = 0 if wtp_soc_rbd == 1.00e-11
(1 real change made)

. replace wtp_soc_rbd_l = 0 if wtp_soc_rbd_l == 1.00e-20 | program == "rggi"
(0 real changes made)

. replace wtp_soc_rbd_g = 0 if wtp_soc_rbd_g == 1.00e-20 | program == "rggi"
(0 real changes made)

. assert round(wtp_soc_rbd, 0.0001) == round(wtp_soc_rbd_g + wtp_soc_rbd_l, 0.0001) if wtp_soc_rbd_g != 0 & wtp_soc_rbd_l != 0

. replace wtp_r_loc = wtp_soc_rbd_l if wtp_soc_rbd_l != 0 & wtp_r_loc == 0
(3 real changes made)

. replace wtp_r_glob = wtp_soc_rbd_g if wtp_soc_rbd_g != 0  & wtp_r_glob == 0
(3 real changes made)

. drop wtp_soc_rbd_l wtp_soc_rbd_g

. replace wtp_soc_rbd = wtp_r_glob + wtp_r_loc if wtp_soc_rbd == 0 & wtp_r_glob != 0 & wtp_r_loc != 0
(23 real changes made)

. replace wtp_soc_rbd = wtp_r_glob if inlist(program, "care", "opower_ng", "rebate_es", "es_incent", "ac_mex", "fridge_mex", "nudge_ger", "
> nudge_qatar", "wap_mexico") | inlist(program, "india_offset")
(7 real changes made)

. replace wtp_soc_rbd = -wtp_soc_rbd if program == "wisc_rf"
(1 real change made)

. 
. 
. **** Dynamic Price and Dynamic Enviro
. replace env_cost_wtp = 0 if env_cost_wtp == -1.00e-17
(0 real changes made)

. replace cost_wtp = 0 if cost_wtp == -1.00e-17
(0 real changes made)

. 
. assert round(env_cost_wtp, 0.0001) == round(env_cost_wtp_g + env_cost_wtp_l, 0.0001) if env_cost_wtp_l != 0 & env_cost_wtp_g != 0 & group
> _label != "Gasoline Tax"

. 
. drop cost_mvpf enviro_mvpf firm_mvpf

. 
. **** Producers
. gen producers = firm_cost_wtp + wtp_prod_s + wtp_prod_u

. replace producers = wtp_prod if inlist(group_label, "Residential Solar", "Appliance Rebates", "Weatherization", "Other Nudges", "Home Ene
> rgy Reports") | program == "care" | program == "ca_electric"
(30 real changes made)

. replace producers = wtp_prod if inlist(program, "jet_fuel", "CPP_aj", "CPP_pj", "PER", "baaqmd", "ca_electric")
(2 real changes made)

. replace producers = -wtp_prod if program == "wisc_rf"
(1 real change made)

. drop wtp_prod_s wtp_prod_u wtp_prod

. 
. **** Fiscal Externalities
. replace fisc_ext_s = beh_fisc_ext + fed_fisc_ext + state_fisc_ext if group_label == "Electric Vehicles" | group_label == "Hybrid Vehicles
> "
(3 real changes made)

. replace fisc_ext_t = gas_corp_fisc_e + gas_fisc_ext + utility_fisc_ext if group_label == "Electric Vehicles" | group_label == "Hybrid Veh
> icles"
(6 real changes made)

. 
. gen fisc_ext_sr = fisc_ext_s + fisc_ext_t

. drop fisc_ext_s fisc_ext_t

. 
. drop beh_fisc_ext fed_fisc_ext state_fisc_ext gas_corp_fisc_e gas_fisc_ext utility_fisc_ext

. 
. **** Total WTP
. gen WTP_no_cc = WTP

. replace WTP = WTP_cc if WTP_cc != 0
(14 real changes made)

. 
. **** Total Cost
. assert total_cost == cost if total_cost != 0

. drop total_cost

. 
. 
. **** Normalization Factor
. gen normalization = program_cost // for normalizing all the factors such that program_cost (without admin cost) is 1

. gen prog_cost_no_normal = program_cost

. 
. local components transfer wtp_loc wtp_glob wtp_soc_rbd env_cost_wtp cost_wtp producers WTP program_cost fisc_ext_sr fisc_ext_lr cost wtp_
> r_loc wtp_r_glob WTP_no_cc WTP_cc env_cost_wtp_g c_savings

. foreach comp of local components{
  2.     replace `comp' = `comp' / normalization
  3. }
(42 real changes made)
(34 real changes made)
(49 real changes made)
(36 real changes made)
(8 real changes made)
(8 real changes made)
(32 real changes made)
(49 real changes made)
(49 real changes made)
(38 real changes made)
(49 real changes made)
(49 real changes made)
(28 real changes made)
(36 real changes made)
(49 real changes made)
(8 real changes made)
(8 real changes made)
(3 real changes made)

. 
. 
. if "`savings'" == "yes"{
.     assert round(WTP, 0.001) == round(transfer + c_savings + wtp_loc + wtp_glob + wtp_soc_rbd + env_cost_wtp + cost_wtp + producers, 0.00
> 1)
. }

. else{
.     assert round(WTP, 0.001) == round(transfer + wtp_loc + wtp_glob + wtp_soc_rbd + env_cost_wtp + cost_wtp + producers, 0.001)
. }

. 
. assert round(cost, 0.001) == round(program_cost + fisc_ext_sr + fisc_ext_lr, 0.001) if program != "bev_state_i" // see if this is fixed a
> fter the latest big run

. assert round(MVPF, 0.001) == round(WTP / cost, 0.001) if (MVPF != 99999 & MVPF != -99999)

. 
. **** Combine Environmental Benefits
. gen wtp_env = wtp_glob + wtp_loc + wtp_soc_rbd

. 
. **** Combine Fiscal Externalities
. 
. gen fisc_tot = fisc_ext_sr + fisc_ext_lr

. 
. *********************************
. * 3. Calculate Category Average *
. *********************************
. preserve

. 
.         tempfile all_policy_save

.         save "`all_policy_save'", replace
(file C:\Users\bcchen\AppData\Local\Temp\ST_8eb0_000004.tmp not found)
file C:\Users\bcchen\AppData\Local\Temp\ST_8eb0_000004.tmp saved as .dta format

.         
.         assert WTP_cc == WTP if WTP_cc != 0

.         sort table_order

.                 
.         if "`savings'" == "no" {
.                 collapse (mean) WTP program_cost cost env_cost_wtp cost_wtp producers wtp_env fisc_tot transfer table_order, by(group_lab
> el)
.         }       

.         
.         if "`savings'" == "yes" {
.                 collapse (mean) WTP program_cost cost env_cost_wtp cost_wtp producers wtp_env fisc_tot transfer c_savings table_order, by
> (group_label)
.         }

. 
.         gen MVPF = WTP / cost

.         replace table_order = .
(19 real changes made, 19 to missing)

.         tempfile category_averages

.         save "`category_averages'", replace             
(file C:\Users\bcchen\AppData\Local\Temp\ST_8eb0_000005.tmp not found)
file C:\Users\bcchen\AppData\Local\Temp\ST_8eb0_000005.tmp saved as .dta format

.                                 
. restore

. 
. **************************
. * 4. Organize Components *
. **************************
. keep program_label_short group_label MVPF WTP cost env_cost_wtp cost_wtp producers wtp_env fisc_tot transfer table_order c_savings across
> _group_ordering

. sort table_order

.         
. if "`savings'" == "no"{
.         drop c_savings
.         order program_label_short transfer wtp_env env_cost_wtp cost_wtp producers WTP fisc_tot cost MVPF
. 
. }       

. else {
.         order program_label_short transfer wtp_env env_cost_wtp cost_wtp producers WTP fisc_tot cost MVPF c_savings
. }

. 
. order table_order

. 
. // Deal with Ordering of Revenue Raisers
. replace across_group_ordering = 11 if group_label == "Gasoline Taxes"
(12 real changes made)

. replace across_group_ordering = 12 if group_label == "Other Fuel Taxes"
(0 real changes made)

. replace across_group_ordering = 13 if group_label == "Other Revenue Raisers"
(3 real changes made)

. replace across_group_ordering = 14 if group_label == "Cap and Trade"    
(0 real changes made)

. 
. replace table_order = table_order + across_group_ordering
variable table_order was byte now int
(72 real changes made)

. 
. 
. // Bring in Category Averages
. append using "`category_averages'"
(variable table_order was int, now float to accommodate using data's values)

. 
. levelsof(group_label), local(group_loop)
`"Appliance Rebates"' `"Cap and Trade"' `"Cookstoves"' `"Deforestation"' `"Electric Vehicles"' `"Gasoline Taxes"' `"Home Energy Reports"' `
> "Hybrid Vehicles"' `"International Rebates"' `"Other Fuel Taxes"' `"Other Nudges"' `"Other Revenue Raisers"' `"Other Subsidies"' `"Reside
> ntial Solar"' `"Rice Burning"' `"Vehicle Retirement"' `"Weatherization"' `"Wind Offset"' `"Wind Production Credits"'

. foreach g of local group_loop {
  2.         
.         sum table_order if group_label == "`g'"
  3.         replace table_order = (r(min) - 1) if group_label == "`g'" & program_label_short == "" 
  4.         replace program_label_short = "`g'" if group_label == "`g'" & program_label_short == ""
  5.                         
. }

    Variable |        Obs        Mean    Std. dev.       Min        Max
-------------+---------------------------------------------------------
 table_order |          8        27.5     2.44949         24         31
(1 real change made)
(1 real change made)

    Variable |        Obs        Mean    Std. dev.       Min        Max
-------------+---------------------------------------------------------
 table_order |          2        93.5    .7071068         93         94
(1 real change made)
(1 real change made)

    Variable |        Obs        Mean    Std. dev.       Min        Max
-------------+---------------------------------------------------------
 table_order |          2        98.5    .7071068         98         99
(1 real change made)
(1 real change made)

    Variable |        Obs        Mean    Std. dev.       Min        Max
-------------+---------------------------------------------------------
 table_order |          3         102           1        101        103
(1 real change made)
(1 real change made)

    Variable |        Obs        Mean    Std. dev.       Min        Max
-------------+---------------------------------------------------------
 table_order |          3          20           1         19         21
(1 real change made)
(1 real change made)

    Variable |        Obs        Mean    Std. dev.       Min        Max
-------------+---------------------------------------------------------
 table_order |         12        68.5    3.605551         63         74
(1 real change made)
(1 real change made)

    Variable |        Obs        Mean    Std. dev.       Min        Max
-------------+---------------------------------------------------------
 table_order |          4        51.5    1.290994         50         53
(1 real change made)
(1 real change made)

    Variable |        Obs        Mean    Std. dev.       Min        Max
-------------+---------------------------------------------------------
 table_order |          3          38           1         37         39
(1 real change made)
(1 real change made)

    Variable |        Obs        Mean    Std. dev.       Min        Max
-------------+---------------------------------------------------------
 table_order |          3         112           1        111        113
(1 real change made)
(1 real change made)

    Variable |        Obs        Mean    Std. dev.       Min        Max
-------------+---------------------------------------------------------
 table_order |          2        82.5    .7071068         82         83
(1 real change made)
(1 real change made)

    Variable |        Obs        Mean    Std. dev.       Min        Max
-------------+---------------------------------------------------------
 table_order |          6        57.5    1.870829         55         60
(1 real change made)
(1 real change made)

    Variable |        Obs        Mean    Std. dev.       Min        Max
-------------+---------------------------------------------------------
 table_order |          3          90           1         89         91
(1 real change made)
(1 real change made)

    Variable |        Obs        Mean    Std. dev.       Min        Max
-------------+---------------------------------------------------------
 table_order |          2        47.5    .7071068         47         48
(1 real change made)
(1 real change made)

    Variable |        Obs        Mean    Std. dev.       Min        Max
-------------+---------------------------------------------------------
 table_order |          5          14    1.581139         12         16
(1 real change made)
(1 real change made)

    Variable |        Obs        Mean    Std. dev.       Min        Max
-------------+---------------------------------------------------------
 table_order |          2       106.5    .7071068        106        107
(1 real change made)
(1 real change made)

    Variable |        Obs        Mean    Std. dev.       Min        Max
-------------+---------------------------------------------------------
 table_order |          3          34           1         33         35
(1 real change made)
(1 real change made)

    Variable |        Obs        Mean    Std. dev.       Min        Max
-------------+---------------------------------------------------------
 table_order |          5          43    1.581139         41         45
(1 real change made)
(1 real change made)

    Variable |        Obs        Mean    Std. dev.       Min        Max
-------------+---------------------------------------------------------
 table_order |          1         109           .        109        109
(1 real change made)
(1 real change made)

    Variable |        Obs        Mean    Std. dev.       Min        Max
-------------+---------------------------------------------------------
 table_order |          3           3           1          2          4
(1 real change made)
(1 real change made)

. sort table_order        

.         
.         
. **********************
. * 5. Export to Excel *
. **********************
. preserve 

. 
.         drop table_order across_group_ordering group_label

. 
.         if "`export_excel_toggle'" == "yes" {
. 
.                 if "`savings'" == "yes" {
.                         copy "${output_tab}/tables_templates/TEMPLATE_Savings.xlsx" "`output_path'/`table_name'.xlsx", replace  
.                 }
. 
.                 if "`savings'" == "no" {
.                         
.                         if "`with_international'" == "yes" {
.                                 copy "${output_tab}/tables_templates/TEMPLATE.xlsx" "`output_path'/`table_name'.xlsx", replace  
file C:/Users/bcchen/Documents/GitHub/mvpf-climate/data/6_tables/tables_appendix/Table1_scc193_main.xlsx is read-only; cannot be modified
    or erased
r(608);
.                         }
r(608);
.                         if "`with_international'" == "no" {
.                                 copy "${output_tab}/tables_templates/TEMPLATE_No_International.xlsx" "`output_path'/`table_name'.xlsx", r
> eplace 
.                         }
.                         
.                 }       
r(608);
. 
.                 export excel "`output_path'/`table_name'.xlsx", first(var) sheet("data_export", replace) keepcellfmt    
.                 
.         }
r(608);

end of do-file
r(608);

end of do-file

r(608);

. do "C:\Users\bcchen\AppData\Local\Temp\STD8eb0_00000k.tmp"

. do "${github}/figtab/excel_MVPF_tables_condensed.do" "full_current_193" "Table1_scc193_main" "no" "yes"

. *****************************************************************
. *             Export Final Datasets to Excel                    *
. *****************************************************************
. 
. *****************************************************
. * 0.             Get Dataset Names                  *
. *****************************************************
. 
. local selected_data_stub                `1'

. local pattern_suffix = "`selected_data_stub'"

. di in yellow "Looking for folders ending with pattern: `pattern_suffix'"
Looking for folders ending with pattern: full_current_193

. * Find all folders in the results directory that end with the pattern
. local results_dir = "${code_files}/4_results"

. local folder_list = ""

. local folder_dates = ""

. * Get list of all subdirectories
. qui local folders : dir "`results_dir'" dirs "*"

. * Filter folders that end with our pattern and extract timestamps
. foreach folder of local folders {
  2.     if regexm("`folder'", "^([0-9]{4}-[0-9]{2}-[0-9]{2}_[0-9]{2}-[0-9]{2}-[0-9]{2})__`pattern_suffix'$") {
  3.         local timestamp = regexs(1)
  4.         local folder_list = "`folder_list' `folder'"
  5.         local folder_dates = "`folder_dates' `timestamp'"
  6.         di in green "Found matching folder: `folder' (timestamp: `timestamp')"
  7.     }
  8. }
Found matching folder: 2025-09-25_13-45-54__full_current_193 (timestamp: 2025-09-25_13-45-54)
Found matching folder: 2025-10-21_01-03-46__full_current_193 (timestamp: 2025-10-21_01-03-46)

. * If no matching folders found, display error and exit
. if "`folder_list'" == "" {
.     di as error "`pattern_suffix' folder has not been created, please run the masterfile first to create this folder"
.     exit 601
. }

. else {
.     * Find the most recent folder by comparing timestamps
.     local most_recent_folder = ""
.     local most_recent_timestamp = ""
.     local folder_count : word count `folder_list'
.     local date_count : word count `folder_dates'
.     forvalues i = 1/`folder_count' {
  2.         local current_folder : word `i' of `folder_list'
  3.         local current_timestamp : word `i' of `folder_dates'
  4.         * Convert timestamp to comparable format (remove hyphens and underscores)
.         local current_numeric = subinstr(subinstr("`current_timestamp'", "-", "", .), "_", "", .)
  5.         if "`most_recent_timestamp'" == "" {
  6.             local most_recent_folder = "`current_folder'"
  7.             local most_recent_timestamp = "`current_numeric'"
  8.         }
  9.         else {
 10.             local most_recent_numeric = subinstr(subinstr("`most_recent_timestamp'", "-", "", .), "_", "", .)
 11.             if `current_numeric' > `most_recent_numeric' {
 12.                 local most_recent_folder = "`current_folder'"
 13.                 local most_recent_timestamp = "`current_numeric'"
 14.             }
 15.         }
 16.     }
.     local selected_data_stub = "`most_recent_folder'"
.     di in green "Selected most recent folder: `selected_data_stub'"
Selected most recent folder: 2025-10-21_01-03-46__full_current_193
. }

. 
. 
. local stub_toggle                                       "`selected_data_stub'" 

. 
. local table_name                                        "`2'"

. 
. local savings                                           "`3'"

. 
. local with_international                        "`4'"

. 
. local export_excel_toggle                       yes

. 
. local output_path ${output_tab}/tables_appendix

. 
. if "`2'" == "Table2_scc193_main" {
.         local output_path ${output_tab}/tables_main
. }

. 
. 
. *****************************************************
. * 1. Reshape Datasets and Merge with Policy Details *
. *****************************************************
. use "${code_files}/4_results/`stub_toggle'/compiled_results_all_uncorrected_vJK", clear

. 
. missings dropvars, force

Checking missings in program component_type component_value l_component u_component component_sd component_over_prog_cost assumptions
    correlation replications:
9800 observations with missing values

note: l_component u_component component_sd dropped

. drop component_over_prog_cost 

. cap drop perc_switch

. ren component_value cv

. cap drop assumptions component_sd

.         
. replace cv = cv
(0 real changes made)

. cap drop l_component u_component

.         
. reshape wide cv, i(program) j(component_type) string
(j = MVPF MVPF_no_cc WTP WTP_RoW WTP_USFut WTP_USPres WTP_USTotal WTP_cc admin_cost beh_fisc_ext c_savings cost cost_curve cost_mvpf cost_w
> tp env_cost_wtp env_cost_wtp_g env_cost_wtp_l enviro_mvpf enviro_wtp epsilon ev_sub_c ev_sub_c_row ev_sub_c_us ev_sub_cost ev_sub_env fed
> _fisc_ext firm_cost_wtp firm_mvpf fisc_ext_lr fisc_ext_s fisc_ext_t fiscalext gas_corp_fisc_e gas_fisc_ext gov_carbon infmarg marginal p_
> spend pass_through permitrev permitrev_ex permitrev_new profits profits_fisc_e program_cost q_CO2 q_CO2_mck q_CO2_mck_no q_CO2_no q_carbo
> n_mck resource_ce resource_cost semie state_fisc_ext subsidies taxes total_cost transfer utility_fisc_ext wind_g_wf wind_l_wf wtp_abateme
> nt wtp_batt wtp_cons wtp_ctr wtp_deal wtp_e_cost wtp_glob wtp_inf wtp_install wtp_leak wtp_loc wtp_local_w_r wtp_marg wtp_no_ice wtp_no_i
> ce_g wtp_no_ice_local wtp_no_leak wtp_permits wtp_private wtp_prod wtp_prod_s wtp_prod_u wtp_r_glob wtp_r_loc wtp_soc wtp_soc_g wtp_soc_l
>  wtp_soc_l_dr wtp_soc_l_po wtp_soc_rbd wtp_soc_rbd_g wtp_soc_rbd_l wtp_yes_ev wtp_yes_ev_g wtp_yes_ev_local wtp_yes_hev)

Data                               Long   ->   Wide
-----------------------------------------------------------------------------
Number of observations            9,800   ->   100         
Number of variables                   6   ->   102         
j variable (98 values)   component_type   ->   (dropped)
xij variables:
                                     cv   ->   cvMVPF cvMVPF_no_cc ... cvwtp_yes_hev
-----------------------------------------------------------------------------

. ren cv* *

. drop WTP_RoW WTP_USFut WTP_USPres WTP_USTotal wind_g_wf wind_l_wf epsilon

. 
. preserve

.         import excel "${code_files}/policy_details_v3.xlsx", clear first
(16 vars, 100 obs)

.         tempfile policy_labels

.         save "`policy_labels.dta'", replace
(file C:\Users\bcchen\AppData\Local\Temp\ST_8eb0_000002.tmp not found)
file C:\Users\bcchen\AppData\Local\Temp\ST_8eb0_000002.tmp saved as .dta format

. restore

. 
. merge m:1 program using "`policy_labels.dta'", keep(3)

    Result                      Number of obs
    -----------------------------------------
    Not matched                             0
    Matched                               100  (_merge==3)
    -----------------------------------------

. drop if program == "cafe_dk"
(1 observation deleted)

. drop if broad_category == "Regulation"
(3 observations deleted)

. drop if extended == 1
(24 observations deleted)

. assert _N == 72

. 
. missings dropvars, force

Checking missings in program MVPF MVPF_no_cc WTP WTP_cc admin_cost beh_fisc_ext c_savings cost cost_curve cost_mvpf cost_wtp env_cost_wtp
    env_cost_wtp_g env_cost_wtp_l enviro_mvpf enviro_wtp ev_sub_c ev_sub_c_row ev_sub_c_us ev_sub_cost ev_sub_env fed_fisc_ext
    firm_cost_wtp firm_mvpf fisc_ext_lr fisc_ext_s fisc_ext_t fiscalext gas_corp_fisc_e gas_fisc_ext gov_carbon infmarg marginal p_spend
    pass_through permitrev permitrev_ex permitrev_new profits profits_fisc_e program_cost q_CO2 q_CO2_mck q_CO2_mck_no q_CO2_no
    q_carbon_mck resource_ce resource_cost semie state_fisc_ext subsidies taxes total_cost transfer utility_fisc_ext wtp_abatement wtp_batt
    wtp_cons wtp_ctr wtp_deal wtp_e_cost wtp_glob wtp_inf wtp_install wtp_leak wtp_loc wtp_local_w_r wtp_marg wtp_no_ice wtp_no_ice_g
    wtp_no_ice_local wtp_no_leak wtp_permits wtp_private wtp_prod wtp_prod_s wtp_prod_u wtp_r_glob wtp_r_loc wtp_soc wtp_soc_g wtp_soc_l
    wtp_soc_l_dr wtp_soc_l_po wtp_soc_rbd wtp_soc_rbd_g wtp_soc_rbd_l wtp_yes_ev wtp_yes_ev_g wtp_yes_ev_local wtp_yes_hev assumptions
    correlation replications program_label_long program_label_short source year_in_context location broad_category group_label panel_number
    across_group_ordering in_group_ordering extended international regulation table_order no_SE _merge:
72 observations with missing values

note: ev_sub_c ev_sub_c_row ev_sub_c_us ev_sub_cost ev_sub_env fiscalext infmarg marginal permitrev permitrev_ex permitrev_new extended
regulation dropped

. drop _merge program_label_long

. drop correlation replications

. mvencode _all, mv(0) override
  MVPF_no_cc: 51 missing values recoded
      WTP_cc: 58 missing values recoded
  admin_cost: 69 missing values recoded
beh_fisc_ext: 66 missing values recoded
   c_savings: 36 missing values recoded
  cost_curve: 71 missing values recoded
   cost_mvpf: 58 missing values recoded
    cost_wtp: 45 missing values recoded
env_cost_wtp: 45 missing values recoded
env_cost_w~g: 58 missing values recoded
env_cost_w~l: 58 missing values recoded
 enviro_mvpf: 58 missing values recoded
  enviro_wtp: 71 missing values recoded
fed_fisc_ext: 67 missing values recoded
firm_cost_~p: 67 missing values recoded
   firm_mvpf: 67 missing values recoded
  fisc_ext_s: 12 missing values recoded
  fisc_ext_t: 7 missing values recoded
gas_corp_f~e: 66 missing values recoded
gas_fisc_ext: 66 missing values recoded
  gov_carbon: 13 missing values recoded
     p_spend: 17 missing values recoded
pass_through: 66 missing values recoded
     profits: 71 missing values recoded
profits_fi~e: 69 missing values recoded
       q_CO2: 5 missing values recoded
   q_CO2_mck: 47 missing values recoded
q_CO2_mck_no: 57 missing values recoded
    q_CO2_no: 57 missing values recoded
q_carbon_mck: 13 missing values recoded
 resource_ce: 13 missing values recoded
resource_c~t: 59 missing values recoded
       semie: 37 missing values recoded
state_fisc~t: 68 missing values recoded
   subsidies: 71 missing values recoded
       taxes: 71 missing values recoded
  total_cost: 22 missing values recoded
    transfer: 71 missing values recoded
utility_fi~t: 69 missing values recoded
wtp_abatem~t: 70 missing values recoded
    wtp_batt: 71 missing values recoded
    wtp_cons: 22 missing values recoded
     wtp_ctr: 70 missing values recoded
    wtp_deal: 69 missing values recoded
  wtp_e_cost: 63 missing values recoded
    wtp_glob: 15 missing values recoded
     wtp_inf: 38 missing values recoded
 wtp_install: 67 missing values recoded
    wtp_leak: 70 missing values recoded
     wtp_loc: 16 missing values recoded
wtp_local_~r: 71 missing values recoded
    wtp_marg: 38 missing values recoded
  wtp_no_ice: 66 missing values recoded
wtp_no_ice_g: 66 missing values recoded
wtp_no_ice~l: 66 missing values recoded
 wtp_no_leak: 70 missing values recoded
 wtp_permits: 70 missing values recoded
 wtp_private: 62 missing values recoded
    wtp_prod: 20 missing values recoded
  wtp_prod_s: 49 missing values recoded
  wtp_prod_u: 56 missing values recoded
  wtp_r_glob: 28 missing values recoded
   wtp_r_loc: 29 missing values recoded
     wtp_soc: 13 missing values recoded
   wtp_soc_g: 57 missing values recoded
   wtp_soc_l: 57 missing values recoded
wtp_soc_l_dr: 60 missing values recoded
wtp_soc_l_po: 60 missing values recoded
 wtp_soc_rbd: 55 missing values recoded
wtp_soc_rb~g: 69 missing values recoded
wtp_soc_rb~l: 69 missing values recoded
  wtp_yes_ev: 69 missing values recoded
wtp_yes_ev_g: 69 missing values recoded
wtp_yes_ev~l: 69 missing values recoded
 wtp_yes_hev: 69 missing values recoded
internatio~l: 61 missing values recoded
       no_SE: 60 missing values recoded

. order program_cost, after(WTP)

. 
. ***********************************************
. * 2. Check that Each Component Sums Correctly *
. ***********************************************
. 
. **** Transfer
. cap gen wtp_install = 0

. cap drop transfer

. gen transfer = wtp_cons + wtp_deal + wtp_install

. drop wtp_cons wtp_deal wtp_install

. replace transfer = wtp_inf + wtp_marg if (inlist(group_label, "Weatherization", "Appliance Rebates", "Other Nudges", "Vehicle Retirement"
> ) & ///
>                                                                                  program != "care" & program != "solarize" & program != "
> her_compiled" & program != "cw_datta" & program != "dw_datta" & ///
>                                                                                  program != "fridge_datta" & program != "wisc_rf") | inli
> st(program, "ca_electric", "cookstoves", "mx_deforest", "ug_deforest")
(18 real changes made)

. replace transfer = wtp_inf + wtp_marg + wtp_ctr if inlist(program, "ihwap_hb", "ihwap_lb")
(2 real changes made)

. drop wtp_inf wtp_marg wtp_private

. cap gen wtp_abatement = 0

. cap gen wtp_permits = 0

. replace transfer = wtp_abatement + wtp_permits if group_label == "Cap and Trade"
(2 real changes made)

. drop wtp_abatement wtp_permits

. replace transfer = wtp_prod if group_label == "Wind Production Credits" | inlist(program, "rao_crude", "bmm_crude", "india_offset")
(4 real changes made)

. replace transfer = 1 if program == "sallee_hy"
(0 real changes made)

. 
. **** Global and Local Enviro
. assert round(wtp_no_ice, 0.0001) == round(wtp_no_ice_g + wtp_no_ice_local, 0.0001)

. assert round(wtp_yes_ev, 0.0001) == round(wtp_yes_ev_local + wtp_yes_ev_g, 0.0001) if group_label == "Electric Vehicles"

. assert round(wtp_loc, 0.0001) == round(wtp_yes_ev_local + wtp_no_ice_local, 0.0001) if group_label == "Electric Vehicles"

. 
. drop wtp_no_ice_g wtp_no_ice_local wtp_yes_ev_g wtp_yes_ev_local

. 
. assert round(wtp_soc, 0.0001) == round(wtp_glob + wtp_loc, 0.0001) if group_label == "Electric Vehicles"

. assert round(wtp_soc, 0.0001) == round(wtp_glob + wtp_loc, 0.0001) if group_label == "Hybrid Vehicles"

. replace wtp_glob = wtp_glob + wtp_e_cost if group_label == "Residential Solar"| program == "solarize"
(6 real changes made)

. replace wtp_glob = (wtp_glob + wtp_e_cost) - wtp_r_glob if group_label == "Wind Production Credits"
(3 real changes made)

. replace wtp_glob = wtp_soc_g if inlist(group_label, "Gasoline Taxes", "Cap and Trade") | inlist(program, "cookstoves", "bmm_crude", "bunk
> er_fuel", "ethanol", "rao_crude")
(15 real changes made)

. replace wtp_loc = wtp_soc_l if inlist(group_label, "Gasoline Taxes", "Cap and Trade") | inlist(program, "cookstoves", "bmm_crude", "bunke
> r_fuel", "ethanol", "rao_crude")
(14 real changes made)

. replace wtp_loc = 0 if wtp_loc == -1.00e-35
(0 real changes made)

. replace wtp_loc = wtp_loc - wtp_r_loc if group_label == "Wind Production Credits"
(3 real changes made)

. 
. cap gen wtp_leak = 0

. cap gen wtp_no_leak = 0

. drop wtp_yes_ev wtp_yes_hev wtp_no_ice wtp_soc wtp_e_cost wtp_soc_g wtp_soc_l wtp_leak wtp_no_leak 

. 
. **** Rebound
. replace wtp_soc_rbd = 0 if wtp_soc_rbd == 1.00e-11
(1 real change made)

. replace wtp_soc_rbd_l = 0 if wtp_soc_rbd_l == 1.00e-20 | program == "rggi"
(0 real changes made)

. replace wtp_soc_rbd_g = 0 if wtp_soc_rbd_g == 1.00e-20 | program == "rggi"
(0 real changes made)

. assert round(wtp_soc_rbd, 0.0001) == round(wtp_soc_rbd_g + wtp_soc_rbd_l, 0.0001) if wtp_soc_rbd_g != 0 & wtp_soc_rbd_l != 0

. replace wtp_r_loc = wtp_soc_rbd_l if wtp_soc_rbd_l != 0 & wtp_r_loc == 0
(3 real changes made)

. replace wtp_r_glob = wtp_soc_rbd_g if wtp_soc_rbd_g != 0  & wtp_r_glob == 0
(3 real changes made)

. drop wtp_soc_rbd_l wtp_soc_rbd_g

. replace wtp_soc_rbd = wtp_r_glob + wtp_r_loc if wtp_soc_rbd == 0 & wtp_r_glob != 0 & wtp_r_loc != 0
(23 real changes made)

. replace wtp_soc_rbd = wtp_r_glob if inlist(program, "care", "opower_ng", "rebate_es", "es_incent", "ac_mex", "fridge_mex", "nudge_ger", "
> nudge_qatar", "wap_mexico") | inlist(program, "india_offset")
(7 real changes made)

. replace wtp_soc_rbd = -wtp_soc_rbd if program == "wisc_rf"
(1 real change made)

. 
. 
. **** Dynamic Price and Dynamic Enviro
. replace env_cost_wtp = 0 if env_cost_wtp == -1.00e-17
(0 real changes made)

. replace cost_wtp = 0 if cost_wtp == -1.00e-17
(0 real changes made)

. 
. assert round(env_cost_wtp, 0.0001) == round(env_cost_wtp_g + env_cost_wtp_l, 0.0001) if env_cost_wtp_l != 0 & env_cost_wtp_g != 0 & group
> _label != "Gasoline Tax"

. 
. drop cost_mvpf enviro_mvpf firm_mvpf

. 
. **** Producers
. gen producers = firm_cost_wtp + wtp_prod_s + wtp_prod_u

. replace producers = wtp_prod if inlist(group_label, "Residential Solar", "Appliance Rebates", "Weatherization", "Other Nudges", "Home Ene
> rgy Reports") | program == "care" | program == "ca_electric"
(30 real changes made)

. replace producers = wtp_prod if inlist(program, "jet_fuel", "CPP_aj", "CPP_pj", "PER", "baaqmd", "ca_electric")
(2 real changes made)

. replace producers = -wtp_prod if program == "wisc_rf"
(1 real change made)

. drop wtp_prod_s wtp_prod_u wtp_prod

. 
. **** Fiscal Externalities
. replace fisc_ext_s = beh_fisc_ext + fed_fisc_ext + state_fisc_ext if group_label == "Electric Vehicles" | group_label == "Hybrid Vehicles
> "
(3 real changes made)

. replace fisc_ext_t = gas_corp_fisc_e + gas_fisc_ext + utility_fisc_ext if group_label == "Electric Vehicles" | group_label == "Hybrid Veh
> icles"
(6 real changes made)

. 
. gen fisc_ext_sr = fisc_ext_s + fisc_ext_t

. drop fisc_ext_s fisc_ext_t

. 
. drop beh_fisc_ext fed_fisc_ext state_fisc_ext gas_corp_fisc_e gas_fisc_ext utility_fisc_ext

. 
. **** Total WTP
. gen WTP_no_cc = WTP

. replace WTP = WTP_cc if WTP_cc != 0
(14 real changes made)

. 
. **** Total Cost
. assert total_cost == cost if total_cost != 0

. drop total_cost

. 
. 
. **** Normalization Factor
. gen normalization = program_cost // for normalizing all the factors such that program_cost (without admin cost) is 1

. gen prog_cost_no_normal = program_cost

. 
. local components transfer wtp_loc wtp_glob wtp_soc_rbd env_cost_wtp cost_wtp producers WTP program_cost fisc_ext_sr fisc_ext_lr cost wtp_
> r_loc wtp_r_glob WTP_no_cc WTP_cc env_cost_wtp_g c_savings

. foreach comp of local components{
  2.     replace `comp' = `comp' / normalization
  3. }
(42 real changes made)
(34 real changes made)
(49 real changes made)
(36 real changes made)
(8 real changes made)
(8 real changes made)
(32 real changes made)
(49 real changes made)
(49 real changes made)
(38 real changes made)
(49 real changes made)
(49 real changes made)
(28 real changes made)
(36 real changes made)
(49 real changes made)
(8 real changes made)
(8 real changes made)
(3 real changes made)

. 
. 
. if "`savings'" == "yes"{
.     assert round(WTP, 0.001) == round(transfer + c_savings + wtp_loc + wtp_glob + wtp_soc_rbd + env_cost_wtp + cost_wtp + producers, 0.00
> 1)
. }

. else{
.     assert round(WTP, 0.001) == round(transfer + wtp_loc + wtp_glob + wtp_soc_rbd + env_cost_wtp + cost_wtp + producers, 0.001)
. }

. 
. assert round(cost, 0.001) == round(program_cost + fisc_ext_sr + fisc_ext_lr, 0.001) if program != "bev_state_i" // see if this is fixed a
> fter the latest big run

. assert round(MVPF, 0.001) == round(WTP / cost, 0.001) if (MVPF != 99999 & MVPF != -99999)

. 
. **** Combine Environmental Benefits
. gen wtp_env = wtp_glob + wtp_loc + wtp_soc_rbd

. 
. **** Combine Fiscal Externalities
. 
. gen fisc_tot = fisc_ext_sr + fisc_ext_lr

. 
. *********************************
. * 3. Calculate Category Average *
. *********************************
. preserve

. 
.         tempfile all_policy_save

.         save "`all_policy_save'", replace
(file C:\Users\bcchen\AppData\Local\Temp\ST_8eb0_000004.tmp not found)
file C:\Users\bcchen\AppData\Local\Temp\ST_8eb0_000004.tmp saved as .dta format

.         
.         assert WTP_cc == WTP if WTP_cc != 0

.         sort table_order

.                 
.         if "`savings'" == "no" {
.                 collapse (mean) WTP program_cost cost env_cost_wtp cost_wtp producers wtp_env fisc_tot transfer table_order, by(group_lab
> el)
.         }       

.         
.         if "`savings'" == "yes" {
.                 collapse (mean) WTP program_cost cost env_cost_wtp cost_wtp producers wtp_env fisc_tot transfer c_savings table_order, by
> (group_label)
.         }

. 
.         gen MVPF = WTP / cost

.         replace table_order = .
(19 real changes made, 19 to missing)

.         tempfile category_averages

.         save "`category_averages'", replace             
(file C:\Users\bcchen\AppData\Local\Temp\ST_8eb0_000005.tmp not found)
file C:\Users\bcchen\AppData\Local\Temp\ST_8eb0_000005.tmp saved as .dta format

.                                 
. restore

. 
. **************************
. * 4. Organize Components *
. **************************
. keep program_label_short group_label MVPF WTP cost env_cost_wtp cost_wtp producers wtp_env fisc_tot transfer table_order c_savings across
> _group_ordering

. sort table_order

.         
. if "`savings'" == "no"{
.         drop c_savings
.         order program_label_short transfer wtp_env env_cost_wtp cost_wtp producers WTP fisc_tot cost MVPF
. 
. }       

. else {
.         order program_label_short transfer wtp_env env_cost_wtp cost_wtp producers WTP fisc_tot cost MVPF c_savings
. }

. 
. order table_order

. 
. // Deal with Ordering of Revenue Raisers
. replace across_group_ordering = 11 if group_label == "Gasoline Taxes"
(12 real changes made)

. replace across_group_ordering = 12 if group_label == "Other Fuel Taxes"
(0 real changes made)

. replace across_group_ordering = 13 if group_label == "Other Revenue Raisers"
(3 real changes made)

. replace across_group_ordering = 14 if group_label == "Cap and Trade"    
(0 real changes made)

. 
. replace table_order = table_order + across_group_ordering
variable table_order was byte now int
(72 real changes made)

. 
. 
. // Bring in Category Averages
. append using "`category_averages'"
(variable table_order was int, now float to accommodate using data's values)

. 
. levelsof(group_label), local(group_loop)
`"Appliance Rebates"' `"Cap and Trade"' `"Cookstoves"' `"Deforestation"' `"Electric Vehicles"' `"Gasoline Taxes"' `"Home Energy Reports"' `
> "Hybrid Vehicles"' `"International Rebates"' `"Other Fuel Taxes"' `"Other Nudges"' `"Other Revenue Raisers"' `"Other Subsidies"' `"Reside
> ntial Solar"' `"Rice Burning"' `"Vehicle Retirement"' `"Weatherization"' `"Wind Offset"' `"Wind Production Credits"'

. foreach g of local group_loop {
  2.         
.         sum table_order if group_label == "`g'"
  3.         replace table_order = (r(min) - 1) if group_label == "`g'" & program_label_short == "" 
  4.         replace program_label_short = "`g'" if group_label == "`g'" & program_label_short == ""
  5.                         
. }

    Variable |        Obs        Mean    Std. dev.       Min        Max
-------------+---------------------------------------------------------
 table_order |          8        27.5     2.44949         24         31
(1 real change made)
(1 real change made)

    Variable |        Obs        Mean    Std. dev.       Min        Max
-------------+---------------------------------------------------------
 table_order |          2        93.5    .7071068         93         94
(1 real change made)
(1 real change made)

    Variable |        Obs        Mean    Std. dev.       Min        Max
-------------+---------------------------------------------------------
 table_order |          2        98.5    .7071068         98         99
(1 real change made)
(1 real change made)

    Variable |        Obs        Mean    Std. dev.       Min        Max
-------------+---------------------------------------------------------
 table_order |          3         102           1        101        103
(1 real change made)
(1 real change made)

    Variable |        Obs        Mean    Std. dev.       Min        Max
-------------+---------------------------------------------------------
 table_order |          3          20           1         19         21
(1 real change made)
(1 real change made)

    Variable |        Obs        Mean    Std. dev.       Min        Max
-------------+---------------------------------------------------------
 table_order |         12        68.5    3.605551         63         74
(1 real change made)
(1 real change made)

    Variable |        Obs        Mean    Std. dev.       Min        Max
-------------+---------------------------------------------------------
 table_order |          4        51.5    1.290994         50         53
(1 real change made)
(1 real change made)

    Variable |        Obs        Mean    Std. dev.       Min        Max
-------------+---------------------------------------------------------
 table_order |          3          38           1         37         39
(1 real change made)
(1 real change made)

    Variable |        Obs        Mean    Std. dev.       Min        Max
-------------+---------------------------------------------------------
 table_order |          3         112           1        111        113
(1 real change made)
(1 real change made)

    Variable |        Obs        Mean    Std. dev.       Min        Max
-------------+---------------------------------------------------------
 table_order |          2        82.5    .7071068         82         83
(1 real change made)
(1 real change made)

    Variable |        Obs        Mean    Std. dev.       Min        Max
-------------+---------------------------------------------------------
 table_order |          6        57.5    1.870829         55         60
(1 real change made)
(1 real change made)

    Variable |        Obs        Mean    Std. dev.       Min        Max
-------------+---------------------------------------------------------
 table_order |          3          90           1         89         91
(1 real change made)
(1 real change made)

    Variable |        Obs        Mean    Std. dev.       Min        Max
-------------+---------------------------------------------------------
 table_order |          2        47.5    .7071068         47         48
(1 real change made)
(1 real change made)

    Variable |        Obs        Mean    Std. dev.       Min        Max
-------------+---------------------------------------------------------
 table_order |          5          14    1.581139         12         16
(1 real change made)
(1 real change made)

    Variable |        Obs        Mean    Std. dev.       Min        Max
-------------+---------------------------------------------------------
 table_order |          2       106.5    .7071068        106        107
(1 real change made)
(1 real change made)

    Variable |        Obs        Mean    Std. dev.       Min        Max
-------------+---------------------------------------------------------
 table_order |          3          34           1         33         35
(1 real change made)
(1 real change made)

    Variable |        Obs        Mean    Std. dev.       Min        Max
-------------+---------------------------------------------------------
 table_order |          5          43    1.581139         41         45
(1 real change made)
(1 real change made)

    Variable |        Obs        Mean    Std. dev.       Min        Max
-------------+---------------------------------------------------------
 table_order |          1         109           .        109        109
(1 real change made)
(1 real change made)

    Variable |        Obs        Mean    Std. dev.       Min        Max
-------------+---------------------------------------------------------
 table_order |          3           3           1          2          4
(1 real change made)
(1 real change made)

. sort table_order        

.         
.         
. **********************
. * 5. Export to Excel *
. **********************
. preserve 

. 
.         drop table_order across_group_ordering group_label

. 
.         if "`export_excel_toggle'" == "yes" {
. 
.                 if "`savings'" == "yes" {
.                         copy "${output_tab}/tables_templates/TEMPLATE_Savings.xlsx" "`output_path'/`table_name'.xlsx", replace  
.                 }
. 
.                 if "`savings'" == "no" {
.                         
.                         if "`with_international'" == "yes" {
.                                 copy "${output_tab}/tables_templates/TEMPLATE_condensed.xlsx" "`output_path'/`table_name'.xlsx", replace 
>        
file C:/Users/bcchen/Documents/GitHub/mvpf-climate/data/6_tables/tables_appendix/Table1_scc193_main.xlsx is read-only; cannot be modified
    or erased
r(608);
.                         }
r(608);
.                         if "`with_international'" == "no" {
.                                 copy "${output_tab}/tables_templates/TEMPLATE_No_International.xlsx" "`output_path'/`table_name'.xlsx", r
> eplace 
.                         }
.                         
.                 }       
r(608);
. 
.                 export excel "`output_path'/`table_name'.xlsx", first(var) sheet("data_export", replace) keepcellfmt    
.                 
.         }
r(608);

end of do-file
r(608);

end of do-file

r(608);

. do "C:\Users\bcchen\AppData\Local\Temp\STD8eb0_00000l.tmp"

. do "${github}/figtab/excel_MVPF_tables_condensed.do" "full_current_193" "Table1_scc193_main" "no" "yes"

. *****************************************************************
. *             Export Final Datasets to Excel                    *
. *****************************************************************
. 
. *****************************************************
. * 0.             Get Dataset Names                  *
. *****************************************************
. 
. local selected_data_stub                `1'

. local pattern_suffix = "`selected_data_stub'"

. di in yellow "Looking for folders ending with pattern: `pattern_suffix'"
Looking for folders ending with pattern: full_current_193

. * Find all folders in the results directory that end with the pattern
. local results_dir = "${code_files}/4_results"

. local folder_list = ""

. local folder_dates = ""

. * Get list of all subdirectories
. qui local folders : dir "`results_dir'" dirs "*"

. * Filter folders that end with our pattern and extract timestamps
. foreach folder of local folders {
  2.     if regexm("`folder'", "^([0-9]{4}-[0-9]{2}-[0-9]{2}_[0-9]{2}-[0-9]{2}-[0-9]{2})__`pattern_suffix'$") {
  3.         local timestamp = regexs(1)
  4.         local folder_list = "`folder_list' `folder'"
  5.         local folder_dates = "`folder_dates' `timestamp'"
  6.         di in green "Found matching folder: `folder' (timestamp: `timestamp')"
  7.     }
  8. }
Found matching folder: 2025-09-25_13-45-54__full_current_193 (timestamp: 2025-09-25_13-45-54)
Found matching folder: 2025-10-21_01-03-46__full_current_193 (timestamp: 2025-10-21_01-03-46)

. * If no matching folders found, display error and exit
. if "`folder_list'" == "" {
.     di as error "`pattern_suffix' folder has not been created, please run the masterfile first to create this folder"
.     exit 601
. }

. else {
.     * Find the most recent folder by comparing timestamps
.     local most_recent_folder = ""
.     local most_recent_timestamp = ""
.     local folder_count : word count `folder_list'
.     local date_count : word count `folder_dates'
.     forvalues i = 1/`folder_count' {
  2.         local current_folder : word `i' of `folder_list'
  3.         local current_timestamp : word `i' of `folder_dates'
  4.         * Convert timestamp to comparable format (remove hyphens and underscores)
.         local current_numeric = subinstr(subinstr("`current_timestamp'", "-", "", .), "_", "", .)
  5.         if "`most_recent_timestamp'" == "" {
  6.             local most_recent_folder = "`current_folder'"
  7.             local most_recent_timestamp = "`current_numeric'"
  8.         }
  9.         else {
 10.             local most_recent_numeric = subinstr(subinstr("`most_recent_timestamp'", "-", "", .), "_", "", .)
 11.             if `current_numeric' > `most_recent_numeric' {
 12.                 local most_recent_folder = "`current_folder'"
 13.                 local most_recent_timestamp = "`current_numeric'"
 14.             }
 15.         }
 16.     }
.     local selected_data_stub = "`most_recent_folder'"
.     di in green "Selected most recent folder: `selected_data_stub'"
Selected most recent folder: 2025-10-21_01-03-46__full_current_193
. }

. 
. 
. local stub_toggle                                       "`selected_data_stub'" 

. 
. local table_name                                        "`2'"

. 
. local savings                                           "`3'"

. 
. local with_international                        "`4'"

. 
. local export_excel_toggle                       yes

. 
. local output_path ${output_tab}/tables_appendix

. 
. if "`2'" == "Table2_scc193_main" {
.         local output_path ${output_tab}/tables_main
. }

. 
. 
. *****************************************************
. * 1. Reshape Datasets and Merge with Policy Details *
. *****************************************************
. use "${code_files}/4_results/`stub_toggle'/compiled_results_all_uncorrected_vJK", clear

. 
. missings dropvars, force

Checking missings in program component_type component_value l_component u_component component_sd component_over_prog_cost assumptions
    correlation replications:
9800 observations with missing values

note: l_component u_component component_sd dropped

. drop component_over_prog_cost 

. cap drop perc_switch

. ren component_value cv

. cap drop assumptions component_sd

.         
. replace cv = cv
(0 real changes made)

. cap drop l_component u_component

.         
. reshape wide cv, i(program) j(component_type) string
(j = MVPF MVPF_no_cc WTP WTP_RoW WTP_USFut WTP_USPres WTP_USTotal WTP_cc admin_cost beh_fisc_ext c_savings cost cost_curve cost_mvpf cost_w
> tp env_cost_wtp env_cost_wtp_g env_cost_wtp_l enviro_mvpf enviro_wtp epsilon ev_sub_c ev_sub_c_row ev_sub_c_us ev_sub_cost ev_sub_env fed
> _fisc_ext firm_cost_wtp firm_mvpf fisc_ext_lr fisc_ext_s fisc_ext_t fiscalext gas_corp_fisc_e gas_fisc_ext gov_carbon infmarg marginal p_
> spend pass_through permitrev permitrev_ex permitrev_new profits profits_fisc_e program_cost q_CO2 q_CO2_mck q_CO2_mck_no q_CO2_no q_carbo
> n_mck resource_ce resource_cost semie state_fisc_ext subsidies taxes total_cost transfer utility_fisc_ext wind_g_wf wind_l_wf wtp_abateme
> nt wtp_batt wtp_cons wtp_ctr wtp_deal wtp_e_cost wtp_glob wtp_inf wtp_install wtp_leak wtp_loc wtp_local_w_r wtp_marg wtp_no_ice wtp_no_i
> ce_g wtp_no_ice_local wtp_no_leak wtp_permits wtp_private wtp_prod wtp_prod_s wtp_prod_u wtp_r_glob wtp_r_loc wtp_soc wtp_soc_g wtp_soc_l
>  wtp_soc_l_dr wtp_soc_l_po wtp_soc_rbd wtp_soc_rbd_g wtp_soc_rbd_l wtp_yes_ev wtp_yes_ev_g wtp_yes_ev_local wtp_yes_hev)

Data                               Long   ->   Wide
-----------------------------------------------------------------------------
Number of observations            9,800   ->   100         
Number of variables                   6   ->   102         
j variable (98 values)   component_type   ->   (dropped)
xij variables:
                                     cv   ->   cvMVPF cvMVPF_no_cc ... cvwtp_yes_hev
-----------------------------------------------------------------------------

. ren cv* *

. drop WTP_RoW WTP_USFut WTP_USPres WTP_USTotal wind_g_wf wind_l_wf epsilon

. 
. preserve

.         import excel "${code_files}/policy_details_v3.xlsx", clear first
(16 vars, 100 obs)

.         tempfile policy_labels

.         save "`policy_labels.dta'", replace
(file C:\Users\bcchen\AppData\Local\Temp\ST_8eb0_000002.tmp not found)
file C:\Users\bcchen\AppData\Local\Temp\ST_8eb0_000002.tmp saved as .dta format

. restore

. 
. merge m:1 program using "`policy_labels.dta'", keep(3)

    Result                      Number of obs
    -----------------------------------------
    Not matched                             0
    Matched                               100  (_merge==3)
    -----------------------------------------

. drop if program == "cafe_dk"
(1 observation deleted)

. drop if broad_category == "Regulation"
(3 observations deleted)

. drop if extended == 1
(24 observations deleted)

. assert _N == 72

. 
. missings dropvars, force

Checking missings in program MVPF MVPF_no_cc WTP WTP_cc admin_cost beh_fisc_ext c_savings cost cost_curve cost_mvpf cost_wtp env_cost_wtp
    env_cost_wtp_g env_cost_wtp_l enviro_mvpf enviro_wtp ev_sub_c ev_sub_c_row ev_sub_c_us ev_sub_cost ev_sub_env fed_fisc_ext
    firm_cost_wtp firm_mvpf fisc_ext_lr fisc_ext_s fisc_ext_t fiscalext gas_corp_fisc_e gas_fisc_ext gov_carbon infmarg marginal p_spend
    pass_through permitrev permitrev_ex permitrev_new profits profits_fisc_e program_cost q_CO2 q_CO2_mck q_CO2_mck_no q_CO2_no
    q_carbon_mck resource_ce resource_cost semie state_fisc_ext subsidies taxes total_cost transfer utility_fisc_ext wtp_abatement wtp_batt
    wtp_cons wtp_ctr wtp_deal wtp_e_cost wtp_glob wtp_inf wtp_install wtp_leak wtp_loc wtp_local_w_r wtp_marg wtp_no_ice wtp_no_ice_g
    wtp_no_ice_local wtp_no_leak wtp_permits wtp_private wtp_prod wtp_prod_s wtp_prod_u wtp_r_glob wtp_r_loc wtp_soc wtp_soc_g wtp_soc_l
    wtp_soc_l_dr wtp_soc_l_po wtp_soc_rbd wtp_soc_rbd_g wtp_soc_rbd_l wtp_yes_ev wtp_yes_ev_g wtp_yes_ev_local wtp_yes_hev assumptions
    correlation replications program_label_long program_label_short source year_in_context location broad_category group_label panel_number
    across_group_ordering in_group_ordering extended international regulation table_order no_SE _merge:
72 observations with missing values

note: ev_sub_c ev_sub_c_row ev_sub_c_us ev_sub_cost ev_sub_env fiscalext infmarg marginal permitrev permitrev_ex permitrev_new extended
regulation dropped

. drop _merge program_label_long

. drop correlation replications

. mvencode _all, mv(0) override
  MVPF_no_cc: 51 missing values recoded
      WTP_cc: 58 missing values recoded
  admin_cost: 69 missing values recoded
beh_fisc_ext: 66 missing values recoded
   c_savings: 36 missing values recoded
  cost_curve: 71 missing values recoded
   cost_mvpf: 58 missing values recoded
    cost_wtp: 45 missing values recoded
env_cost_wtp: 45 missing values recoded
env_cost_w~g: 58 missing values recoded
env_cost_w~l: 58 missing values recoded
 enviro_mvpf: 58 missing values recoded
  enviro_wtp: 71 missing values recoded
fed_fisc_ext: 67 missing values recoded
firm_cost_~p: 67 missing values recoded
   firm_mvpf: 67 missing values recoded
  fisc_ext_s: 12 missing values recoded
  fisc_ext_t: 7 missing values recoded
gas_corp_f~e: 66 missing values recoded
gas_fisc_ext: 66 missing values recoded
  gov_carbon: 13 missing values recoded
     p_spend: 17 missing values recoded
pass_through: 66 missing values recoded
     profits: 71 missing values recoded
profits_fi~e: 69 missing values recoded
       q_CO2: 5 missing values recoded
   q_CO2_mck: 47 missing values recoded
q_CO2_mck_no: 57 missing values recoded
    q_CO2_no: 57 missing values recoded
q_carbon_mck: 13 missing values recoded
 resource_ce: 13 missing values recoded
resource_c~t: 59 missing values recoded
       semie: 37 missing values recoded
state_fisc~t: 68 missing values recoded
   subsidies: 71 missing values recoded
       taxes: 71 missing values recoded
  total_cost: 22 missing values recoded
    transfer: 71 missing values recoded
utility_fi~t: 69 missing values recoded
wtp_abatem~t: 70 missing values recoded
    wtp_batt: 71 missing values recoded
    wtp_cons: 22 missing values recoded
     wtp_ctr: 70 missing values recoded
    wtp_deal: 69 missing values recoded
  wtp_e_cost: 63 missing values recoded
    wtp_glob: 15 missing values recoded
     wtp_inf: 38 missing values recoded
 wtp_install: 67 missing values recoded
    wtp_leak: 70 missing values recoded
     wtp_loc: 16 missing values recoded
wtp_local_~r: 71 missing values recoded
    wtp_marg: 38 missing values recoded
  wtp_no_ice: 66 missing values recoded
wtp_no_ice_g: 66 missing values recoded
wtp_no_ice~l: 66 missing values recoded
 wtp_no_leak: 70 missing values recoded
 wtp_permits: 70 missing values recoded
 wtp_private: 62 missing values recoded
    wtp_prod: 20 missing values recoded
  wtp_prod_s: 49 missing values recoded
  wtp_prod_u: 56 missing values recoded
  wtp_r_glob: 28 missing values recoded
   wtp_r_loc: 29 missing values recoded
     wtp_soc: 13 missing values recoded
   wtp_soc_g: 57 missing values recoded
   wtp_soc_l: 57 missing values recoded
wtp_soc_l_dr: 60 missing values recoded
wtp_soc_l_po: 60 missing values recoded
 wtp_soc_rbd: 55 missing values recoded
wtp_soc_rb~g: 69 missing values recoded
wtp_soc_rb~l: 69 missing values recoded
  wtp_yes_ev: 69 missing values recoded
wtp_yes_ev_g: 69 missing values recoded
wtp_yes_ev~l: 69 missing values recoded
 wtp_yes_hev: 69 missing values recoded
internatio~l: 61 missing values recoded
       no_SE: 60 missing values recoded

. order program_cost, after(WTP)

. 
. ***********************************************
. * 2. Check that Each Component Sums Correctly *
. ***********************************************
. 
. **** Transfer
. cap gen wtp_install = 0

. cap drop transfer

. gen transfer = wtp_cons + wtp_deal + wtp_install

. drop wtp_cons wtp_deal wtp_install

. replace transfer = wtp_inf + wtp_marg if (inlist(group_label, "Weatherization", "Appliance Rebates", "Other Nudges", "Vehicle Retirement"
> ) & ///
>                                                                                  program != "care" & program != "solarize" & program != "
> her_compiled" & program != "cw_datta" & program != "dw_datta" & ///
>                                                                                  program != "fridge_datta" & program != "wisc_rf") | inli
> st(program, "ca_electric", "cookstoves", "mx_deforest", "ug_deforest")
(18 real changes made)

. replace transfer = wtp_inf + wtp_marg + wtp_ctr if inlist(program, "ihwap_hb", "ihwap_lb")
(2 real changes made)

. drop wtp_inf wtp_marg wtp_private

. cap gen wtp_abatement = 0

. cap gen wtp_permits = 0

. replace transfer = wtp_abatement + wtp_permits if group_label == "Cap and Trade"
(2 real changes made)

. drop wtp_abatement wtp_permits

. replace transfer = wtp_prod if group_label == "Wind Production Credits" | inlist(program, "rao_crude", "bmm_crude", "india_offset")
(4 real changes made)

. replace transfer = 1 if program == "sallee_hy"
(0 real changes made)

. 
. **** Global and Local Enviro
. assert round(wtp_no_ice, 0.0001) == round(wtp_no_ice_g + wtp_no_ice_local, 0.0001)

. assert round(wtp_yes_ev, 0.0001) == round(wtp_yes_ev_local + wtp_yes_ev_g, 0.0001) if group_label == "Electric Vehicles"

. assert round(wtp_loc, 0.0001) == round(wtp_yes_ev_local + wtp_no_ice_local, 0.0001) if group_label == "Electric Vehicles"

. 
. drop wtp_no_ice_g wtp_no_ice_local wtp_yes_ev_g wtp_yes_ev_local

. 
. assert round(wtp_soc, 0.0001) == round(wtp_glob + wtp_loc, 0.0001) if group_label == "Electric Vehicles"

. assert round(wtp_soc, 0.0001) == round(wtp_glob + wtp_loc, 0.0001) if group_label == "Hybrid Vehicles"

. replace wtp_glob = wtp_glob + wtp_e_cost if group_label == "Residential Solar"| program == "solarize"
(6 real changes made)

. replace wtp_glob = (wtp_glob + wtp_e_cost) - wtp_r_glob if group_label == "Wind Production Credits"
(3 real changes made)

. replace wtp_glob = wtp_soc_g if inlist(group_label, "Gasoline Taxes", "Cap and Trade") | inlist(program, "cookstoves", "bmm_crude", "bunk
> er_fuel", "ethanol", "rao_crude")
(15 real changes made)

. replace wtp_loc = wtp_soc_l if inlist(group_label, "Gasoline Taxes", "Cap and Trade") | inlist(program, "cookstoves", "bmm_crude", "bunke
> r_fuel", "ethanol", "rao_crude")
(14 real changes made)

. replace wtp_loc = 0 if wtp_loc == -1.00e-35
(0 real changes made)

. replace wtp_loc = wtp_loc - wtp_r_loc if group_label == "Wind Production Credits"
(3 real changes made)

. 
. cap gen wtp_leak = 0

. cap gen wtp_no_leak = 0

. drop wtp_yes_ev wtp_yes_hev wtp_no_ice wtp_soc wtp_e_cost wtp_soc_g wtp_soc_l wtp_leak wtp_no_leak 

. 
. **** Rebound
. replace wtp_soc_rbd = 0 if wtp_soc_rbd == 1.00e-11
(1 real change made)

. replace wtp_soc_rbd_l = 0 if wtp_soc_rbd_l == 1.00e-20 | program == "rggi"
(0 real changes made)

. replace wtp_soc_rbd_g = 0 if wtp_soc_rbd_g == 1.00e-20 | program == "rggi"
(0 real changes made)

. assert round(wtp_soc_rbd, 0.0001) == round(wtp_soc_rbd_g + wtp_soc_rbd_l, 0.0001) if wtp_soc_rbd_g != 0 & wtp_soc_rbd_l != 0

. replace wtp_r_loc = wtp_soc_rbd_l if wtp_soc_rbd_l != 0 & wtp_r_loc == 0
(3 real changes made)

. replace wtp_r_glob = wtp_soc_rbd_g if wtp_soc_rbd_g != 0  & wtp_r_glob == 0
(3 real changes made)

. drop wtp_soc_rbd_l wtp_soc_rbd_g

. replace wtp_soc_rbd = wtp_r_glob + wtp_r_loc if wtp_soc_rbd == 0 & wtp_r_glob != 0 & wtp_r_loc != 0
(23 real changes made)

. replace wtp_soc_rbd = wtp_r_glob if inlist(program, "care", "opower_ng", "rebate_es", "es_incent", "ac_mex", "fridge_mex", "nudge_ger", "
> nudge_qatar", "wap_mexico") | inlist(program, "india_offset")
(7 real changes made)

. replace wtp_soc_rbd = -wtp_soc_rbd if program == "wisc_rf"
(1 real change made)

. 
. 
. **** Dynamic Price and Dynamic Enviro
. replace env_cost_wtp = 0 if env_cost_wtp == -1.00e-17
(0 real changes made)

. replace cost_wtp = 0 if cost_wtp == -1.00e-17
(0 real changes made)

. 
. assert round(env_cost_wtp, 0.0001) == round(env_cost_wtp_g + env_cost_wtp_l, 0.0001) if env_cost_wtp_l != 0 & env_cost_wtp_g != 0 & group
> _label != "Gasoline Tax"

. 
. drop cost_mvpf enviro_mvpf firm_mvpf

. 
. **** Producers
. gen producers = firm_cost_wtp + wtp_prod_s + wtp_prod_u

. replace producers = wtp_prod if inlist(group_label, "Residential Solar", "Appliance Rebates", "Weatherization", "Other Nudges", "Home Ene
> rgy Reports") | program == "care" | program == "ca_electric"
(30 real changes made)

. replace producers = wtp_prod if inlist(program, "jet_fuel", "CPP_aj", "CPP_pj", "PER", "baaqmd", "ca_electric")
(2 real changes made)

. replace producers = -wtp_prod if program == "wisc_rf"
(1 real change made)

. drop wtp_prod_s wtp_prod_u wtp_prod

. 
. **** Fiscal Externalities
. replace fisc_ext_s = beh_fisc_ext + fed_fisc_ext + state_fisc_ext if group_label == "Electric Vehicles" | group_label == "Hybrid Vehicles
> "
(3 real changes made)

. replace fisc_ext_t = gas_corp_fisc_e + gas_fisc_ext + utility_fisc_ext if group_label == "Electric Vehicles" | group_label == "Hybrid Veh
> icles"
(6 real changes made)

. 
. gen fisc_ext_sr = fisc_ext_s + fisc_ext_t

. drop fisc_ext_s fisc_ext_t

. 
. drop beh_fisc_ext fed_fisc_ext state_fisc_ext gas_corp_fisc_e gas_fisc_ext utility_fisc_ext

. 
. **** Total WTP
. gen WTP_no_cc = WTP

. replace WTP = WTP_cc if WTP_cc != 0
(14 real changes made)

. 
. **** Total Cost
. assert total_cost == cost if total_cost != 0

. drop total_cost

. 
. 
. **** Normalization Factor
. gen normalization = program_cost // for normalizing all the factors such that program_cost (without admin cost) is 1

. gen prog_cost_no_normal = program_cost

. 
. local components transfer wtp_loc wtp_glob wtp_soc_rbd env_cost_wtp cost_wtp producers WTP program_cost fisc_ext_sr fisc_ext_lr cost wtp_
> r_loc wtp_r_glob WTP_no_cc WTP_cc env_cost_wtp_g c_savings

. foreach comp of local components{
  2.     replace `comp' = `comp' / normalization
  3. }
(42 real changes made)
(34 real changes made)
(49 real changes made)
(36 real changes made)
(8 real changes made)
(8 real changes made)
(32 real changes made)
(49 real changes made)
(49 real changes made)
(38 real changes made)
(49 real changes made)
(49 real changes made)
(28 real changes made)
(36 real changes made)
(49 real changes made)
(8 real changes made)
(8 real changes made)
(3 real changes made)

. 
. 
. if "`savings'" == "yes"{
.     assert round(WTP, 0.001) == round(transfer + c_savings + wtp_loc + wtp_glob + wtp_soc_rbd + env_cost_wtp + cost_wtp + producers, 0.00
> 1)
. }

. else{
.     assert round(WTP, 0.001) == round(transfer + wtp_loc + wtp_glob + wtp_soc_rbd + env_cost_wtp + cost_wtp + producers, 0.001)
. }

. 
. assert round(cost, 0.001) == round(program_cost + fisc_ext_sr + fisc_ext_lr, 0.001) if program != "bev_state_i" // see if this is fixed a
> fter the latest big run

. assert round(MVPF, 0.001) == round(WTP / cost, 0.001) if (MVPF != 99999 & MVPF != -99999)

. 
. **** Combine Environmental Benefits
. gen wtp_env = wtp_glob + wtp_loc + wtp_soc_rbd

. 
. **** Combine Fiscal Externalities
. 
. gen fisc_tot = fisc_ext_sr + fisc_ext_lr

. 
. *********************************
. * 3. Calculate Category Average *
. *********************************
. preserve

. 
.         tempfile all_policy_save

.         save "`all_policy_save'", replace
(file C:\Users\bcchen\AppData\Local\Temp\ST_8eb0_000004.tmp not found)
file C:\Users\bcchen\AppData\Local\Temp\ST_8eb0_000004.tmp saved as .dta format

.         
.         assert WTP_cc == WTP if WTP_cc != 0

.         sort table_order

.                 
.         if "`savings'" == "no" {
.                 collapse (mean) WTP program_cost cost env_cost_wtp cost_wtp producers wtp_env fisc_tot transfer table_order, by(group_lab
> el)
.         }       

.         
.         if "`savings'" == "yes" {
.                 collapse (mean) WTP program_cost cost env_cost_wtp cost_wtp producers wtp_env fisc_tot transfer c_savings table_order, by
> (group_label)
.         }

. 
.         gen MVPF = WTP / cost

.         replace table_order = .
(19 real changes made, 19 to missing)

.         tempfile category_averages

.         save "`category_averages'", replace             
(file C:\Users\bcchen\AppData\Local\Temp\ST_8eb0_000005.tmp not found)
file C:\Users\bcchen\AppData\Local\Temp\ST_8eb0_000005.tmp saved as .dta format

.                                 
. restore

. 
. **************************
. * 4. Organize Components *
. **************************
. keep program_label_short group_label MVPF WTP cost env_cost_wtp cost_wtp producers wtp_env fisc_tot transfer table_order c_savings across
> _group_ordering

. sort table_order

.         
. if "`savings'" == "no"{
.         drop c_savings
.         order program_label_short transfer wtp_env env_cost_wtp cost_wtp producers WTP fisc_tot cost MVPF
. 
. }       

. else {
.         order program_label_short transfer wtp_env env_cost_wtp cost_wtp producers WTP fisc_tot cost MVPF c_savings
. }

. 
. order table_order

. 
. // Deal with Ordering of Revenue Raisers
. replace across_group_ordering = 11 if group_label == "Gasoline Taxes"
(12 real changes made)

. replace across_group_ordering = 12 if group_label == "Other Fuel Taxes"
(0 real changes made)

. replace across_group_ordering = 13 if group_label == "Other Revenue Raisers"
(3 real changes made)

. replace across_group_ordering = 14 if group_label == "Cap and Trade"    
(0 real changes made)

. 
. replace table_order = table_order + across_group_ordering
variable table_order was byte now int
(72 real changes made)

. 
. 
. // Bring in Category Averages
. append using "`category_averages'"
(variable table_order was int, now float to accommodate using data's values)

. 
. levelsof(group_label), local(group_loop)
`"Appliance Rebates"' `"Cap and Trade"' `"Cookstoves"' `"Deforestation"' `"Electric Vehicles"' `"Gasoline Taxes"' `"Home Energy Reports"' `
> "Hybrid Vehicles"' `"International Rebates"' `"Other Fuel Taxes"' `"Other Nudges"' `"Other Revenue Raisers"' `"Other Subsidies"' `"Reside
> ntial Solar"' `"Rice Burning"' `"Vehicle Retirement"' `"Weatherization"' `"Wind Offset"' `"Wind Production Credits"'

. foreach g of local group_loop {
  2.         
.         sum table_order if group_label == "`g'"
  3.         replace table_order = (r(min) - 1) if group_label == "`g'" & program_label_short == "" 
  4.         replace program_label_short = "`g'" if group_label == "`g'" & program_label_short == ""
  5.                         
. }

    Variable |        Obs        Mean    Std. dev.       Min        Max
-------------+---------------------------------------------------------
 table_order |          8        27.5     2.44949         24         31
(1 real change made)
(1 real change made)

    Variable |        Obs        Mean    Std. dev.       Min        Max
-------------+---------------------------------------------------------
 table_order |          2        93.5    .7071068         93         94
(1 real change made)
(1 real change made)

    Variable |        Obs        Mean    Std. dev.       Min        Max
-------------+---------------------------------------------------------
 table_order |          2        98.5    .7071068         98         99
(1 real change made)
(1 real change made)

    Variable |        Obs        Mean    Std. dev.       Min        Max
-------------+---------------------------------------------------------
 table_order |          3         102           1        101        103
(1 real change made)
(1 real change made)

    Variable |        Obs        Mean    Std. dev.       Min        Max
-------------+---------------------------------------------------------
 table_order |          3          20           1         19         21
(1 real change made)
(1 real change made)

    Variable |        Obs        Mean    Std. dev.       Min        Max
-------------+---------------------------------------------------------
 table_order |         12        68.5    3.605551         63         74
(1 real change made)
(1 real change made)

    Variable |        Obs        Mean    Std. dev.       Min        Max
-------------+---------------------------------------------------------
 table_order |          4        51.5    1.290994         50         53
(1 real change made)
(1 real change made)

    Variable |        Obs        Mean    Std. dev.       Min        Max
-------------+---------------------------------------------------------
 table_order |          3          38           1         37         39
(1 real change made)
(1 real change made)

    Variable |        Obs        Mean    Std. dev.       Min        Max
-------------+---------------------------------------------------------
 table_order |          3         112           1        111        113
(1 real change made)
(1 real change made)

    Variable |        Obs        Mean    Std. dev.       Min        Max
-------------+---------------------------------------------------------
 table_order |          2        82.5    .7071068         82         83
(1 real change made)
(1 real change made)

    Variable |        Obs        Mean    Std. dev.       Min        Max
-------------+---------------------------------------------------------
 table_order |          6        57.5    1.870829         55         60
(1 real change made)
(1 real change made)

    Variable |        Obs        Mean    Std. dev.       Min        Max
-------------+---------------------------------------------------------
 table_order |          3          90           1         89         91
(1 real change made)
(1 real change made)

    Variable |        Obs        Mean    Std. dev.       Min        Max
-------------+---------------------------------------------------------
 table_order |          2        47.5    .7071068         47         48
(1 real change made)
(1 real change made)

    Variable |        Obs        Mean    Std. dev.       Min        Max
-------------+---------------------------------------------------------
 table_order |          5          14    1.581139         12         16
(1 real change made)
(1 real change made)

    Variable |        Obs        Mean    Std. dev.       Min        Max
-------------+---------------------------------------------------------
 table_order |          2       106.5    .7071068        106        107
(1 real change made)
(1 real change made)

    Variable |        Obs        Mean    Std. dev.       Min        Max
-------------+---------------------------------------------------------
 table_order |          3          34           1         33         35
(1 real change made)
(1 real change made)

    Variable |        Obs        Mean    Std. dev.       Min        Max
-------------+---------------------------------------------------------
 table_order |          5          43    1.581139         41         45
(1 real change made)
(1 real change made)

    Variable |        Obs        Mean    Std. dev.       Min        Max
-------------+---------------------------------------------------------
 table_order |          1         109           .        109        109
(1 real change made)
(1 real change made)

    Variable |        Obs        Mean    Std. dev.       Min        Max
-------------+---------------------------------------------------------
 table_order |          3           3           1          2          4
(1 real change made)
(1 real change made)

. sort table_order        

.         
.         
. **********************
. * 5. Export to Excel *
. **********************
. preserve 

. 
.         drop table_order across_group_ordering group_label

. 
.         if "`export_excel_toggle'" == "yes" {
. 
.                 if "`savings'" == "yes" {
.                         copy "${output_tab}/tables_templates/TEMPLATE_Savings.xlsx" "`output_path'/`table_name'.xlsx", replace  
.                 }
. 
.                 if "`savings'" == "no" {
.                         
.                         if "`with_international'" == "yes" {
.                                 copy "${output_tab}/tables_templates/TEMPLATE_condensed.xlsx" "`output_path'/`table_name'.xlsx", replace 
>        
.                         }
.                         if "`with_international'" == "no" {
.                                 copy "${output_tab}/tables_templates/TEMPLATE_No_International.xlsx" "`output_path'/`table_name'.xlsx", r
> eplace 
.                         }
.                         
.                 }       
. 
.                 export excel "`output_path'/`table_name'.xlsx", first(var) sheet("data_export", replace) keepcellfmt    
file C:/Users/bcchen/Documents/GitHub/mvpf-climate/data/6_tables/tables_appendix/Table1_scc193_main.xlsx saved
.                 
.         }

. 
. restore 

. 
end of do-file

. 
end of do-file

. do "C:\Users\bcchen\AppData\Local\Temp\STD8eb0_00000m.tmp"

. do "${github}/figtab/excel_MVPF_tables_condensed.do" "full_current_193" "Table1_scc193_main" "no" "yes"

. *****************************************************************
. *             Export Final Datasets to Excel                    *
. *****************************************************************
. 
. *****************************************************
. * 0.             Get Dataset Names                  *
. *****************************************************
. 
. local selected_data_stub                `1'

. local pattern_suffix = "`selected_data_stub'"

. di in yellow "Looking for folders ending with pattern: `pattern_suffix'"
Looking for folders ending with pattern: full_current_193

. * Find all folders in the results directory that end with the pattern
. local results_dir = "${code_files}/4_results"

. local folder_list = ""

. local folder_dates = ""

. * Get list of all subdirectories
. qui local folders : dir "`results_dir'" dirs "*"

. * Filter folders that end with our pattern and extract timestamps
. foreach folder of local folders {
  2.     if regexm("`folder'", "^([0-9]{4}-[0-9]{2}-[0-9]{2}_[0-9]{2}-[0-9]{2}-[0-9]{2})__`pattern_suffix'$") {
  3.         local timestamp = regexs(1)
  4.         local folder_list = "`folder_list' `folder'"
  5.         local folder_dates = "`folder_dates' `timestamp'"
  6.         di in green "Found matching folder: `folder' (timestamp: `timestamp')"
  7.     }
  8. }
Found matching folder: 2025-09-25_13-45-54__full_current_193 (timestamp: 2025-09-25_13-45-54)
Found matching folder: 2025-10-21_01-03-46__full_current_193 (timestamp: 2025-10-21_01-03-46)

. * If no matching folders found, display error and exit
. if "`folder_list'" == "" {
.     di as error "`pattern_suffix' folder has not been created, please run the masterfile first to create this folder"
.     exit 601
. }

. else {
.     * Find the most recent folder by comparing timestamps
.     local most_recent_folder = ""
.     local most_recent_timestamp = ""
.     local folder_count : word count `folder_list'
.     local date_count : word count `folder_dates'
.     forvalues i = 1/`folder_count' {
  2.         local current_folder : word `i' of `folder_list'
  3.         local current_timestamp : word `i' of `folder_dates'
  4.         * Convert timestamp to comparable format (remove hyphens and underscores)
.         local current_numeric = subinstr(subinstr("`current_timestamp'", "-", "", .), "_", "", .)
  5.         if "`most_recent_timestamp'" == "" {
  6.             local most_recent_folder = "`current_folder'"
  7.             local most_recent_timestamp = "`current_numeric'"
  8.         }
  9.         else {
 10.             local most_recent_numeric = subinstr(subinstr("`most_recent_timestamp'", "-", "", .), "_", "", .)
 11.             if `current_numeric' > `most_recent_numeric' {
 12.                 local most_recent_folder = "`current_folder'"
 13.                 local most_recent_timestamp = "`current_numeric'"
 14.             }
 15.         }
 16.     }
.     local selected_data_stub = "`most_recent_folder'"
.     di in green "Selected most recent folder: `selected_data_stub'"
Selected most recent folder: 2025-10-21_01-03-46__full_current_193
. }

. 
. 
. local stub_toggle                                       "`selected_data_stub'" 

. 
. local table_name                                        "`2'"

. 
. local savings                                           "`3'"

. 
. local with_international                        "`4'"

. 
. local export_excel_toggle                       yes

. 
. local output_path ${output_tab}/tables_appendix

. 
. if "`2'" == "Table1_scc193_main" {
.         local output_path ${output_tab}/tables_main
. }

. 
. 
. *****************************************************
. * 1. Reshape Datasets and Merge with Policy Details *
. *****************************************************
. use "${code_files}/4_results/`stub_toggle'/compiled_results_all_uncorrected_vJK", clear

. 
. missings dropvars, force

Checking missings in program component_type component_value l_component u_component component_sd component_over_prog_cost assumptions
    correlation replications:
9800 observations with missing values

note: l_component u_component component_sd dropped

. drop component_over_prog_cost 

. cap drop perc_switch

. ren component_value cv

. cap drop assumptions component_sd

.         
. replace cv = cv
(0 real changes made)

. cap drop l_component u_component

.         
. reshape wide cv, i(program) j(component_type) string
(j = MVPF MVPF_no_cc WTP WTP_RoW WTP_USFut WTP_USPres WTP_USTotal WTP_cc admin_cost beh_fisc_ext c_savings cost cost_curve cost_mvpf cost_w
> tp env_cost_wtp env_cost_wtp_g env_cost_wtp_l enviro_mvpf enviro_wtp epsilon ev_sub_c ev_sub_c_row ev_sub_c_us ev_sub_cost ev_sub_env fed
> _fisc_ext firm_cost_wtp firm_mvpf fisc_ext_lr fisc_ext_s fisc_ext_t fiscalext gas_corp_fisc_e gas_fisc_ext gov_carbon infmarg marginal p_
> spend pass_through permitrev permitrev_ex permitrev_new profits profits_fisc_e program_cost q_CO2 q_CO2_mck q_CO2_mck_no q_CO2_no q_carbo
> n_mck resource_ce resource_cost semie state_fisc_ext subsidies taxes total_cost transfer utility_fisc_ext wind_g_wf wind_l_wf wtp_abateme
> nt wtp_batt wtp_cons wtp_ctr wtp_deal wtp_e_cost wtp_glob wtp_inf wtp_install wtp_leak wtp_loc wtp_local_w_r wtp_marg wtp_no_ice wtp_no_i
> ce_g wtp_no_ice_local wtp_no_leak wtp_permits wtp_private wtp_prod wtp_prod_s wtp_prod_u wtp_r_glob wtp_r_loc wtp_soc wtp_soc_g wtp_soc_l
>  wtp_soc_l_dr wtp_soc_l_po wtp_soc_rbd wtp_soc_rbd_g wtp_soc_rbd_l wtp_yes_ev wtp_yes_ev_g wtp_yes_ev_local wtp_yes_hev)

Data                               Long   ->   Wide
-----------------------------------------------------------------------------
Number of observations            9,800   ->   100         
Number of variables                   6   ->   102         
j variable (98 values)   component_type   ->   (dropped)
xij variables:
                                     cv   ->   cvMVPF cvMVPF_no_cc ... cvwtp_yes_hev
-----------------------------------------------------------------------------

. ren cv* *

. drop WTP_RoW WTP_USFut WTP_USPres WTP_USTotal wind_g_wf wind_l_wf epsilon

. 
. preserve

.         import excel "${code_files}/policy_details_v3.xlsx", clear first
(16 vars, 100 obs)

.         tempfile policy_labels

.         save "`policy_labels.dta'", replace
(file C:\Users\bcchen\AppData\Local\Temp\ST_8eb0_000002.tmp not found)
file C:\Users\bcchen\AppData\Local\Temp\ST_8eb0_000002.tmp saved as .dta format

. restore

. 
. merge m:1 program using "`policy_labels.dta'", keep(3)

    Result                      Number of obs
    -----------------------------------------
    Not matched                             0
    Matched                               100  (_merge==3)
    -----------------------------------------

. drop if program == "cafe_dk"
(1 observation deleted)

. drop if broad_category == "Regulation"
(3 observations deleted)

. drop if extended == 1
(24 observations deleted)

. assert _N == 72

. 
. missings dropvars, force

Checking missings in program MVPF MVPF_no_cc WTP WTP_cc admin_cost beh_fisc_ext c_savings cost cost_curve cost_mvpf cost_wtp env_cost_wtp
    env_cost_wtp_g env_cost_wtp_l enviro_mvpf enviro_wtp ev_sub_c ev_sub_c_row ev_sub_c_us ev_sub_cost ev_sub_env fed_fisc_ext
    firm_cost_wtp firm_mvpf fisc_ext_lr fisc_ext_s fisc_ext_t fiscalext gas_corp_fisc_e gas_fisc_ext gov_carbon infmarg marginal p_spend
    pass_through permitrev permitrev_ex permitrev_new profits profits_fisc_e program_cost q_CO2 q_CO2_mck q_CO2_mck_no q_CO2_no
    q_carbon_mck resource_ce resource_cost semie state_fisc_ext subsidies taxes total_cost transfer utility_fisc_ext wtp_abatement wtp_batt
    wtp_cons wtp_ctr wtp_deal wtp_e_cost wtp_glob wtp_inf wtp_install wtp_leak wtp_loc wtp_local_w_r wtp_marg wtp_no_ice wtp_no_ice_g
    wtp_no_ice_local wtp_no_leak wtp_permits wtp_private wtp_prod wtp_prod_s wtp_prod_u wtp_r_glob wtp_r_loc wtp_soc wtp_soc_g wtp_soc_l
    wtp_soc_l_dr wtp_soc_l_po wtp_soc_rbd wtp_soc_rbd_g wtp_soc_rbd_l wtp_yes_ev wtp_yes_ev_g wtp_yes_ev_local wtp_yes_hev assumptions
    correlation replications program_label_long program_label_short source year_in_context location broad_category group_label panel_number
    across_group_ordering in_group_ordering extended international regulation table_order no_SE _merge:
72 observations with missing values

note: ev_sub_c ev_sub_c_row ev_sub_c_us ev_sub_cost ev_sub_env fiscalext infmarg marginal permitrev permitrev_ex permitrev_new extended
regulation dropped

. drop _merge program_label_long

. drop correlation replications

. mvencode _all, mv(0) override
  MVPF_no_cc: 51 missing values recoded
      WTP_cc: 58 missing values recoded
  admin_cost: 69 missing values recoded
beh_fisc_ext: 66 missing values recoded
   c_savings: 36 missing values recoded
  cost_curve: 71 missing values recoded
   cost_mvpf: 58 missing values recoded
    cost_wtp: 45 missing values recoded
env_cost_wtp: 45 missing values recoded
env_cost_w~g: 58 missing values recoded
env_cost_w~l: 58 missing values recoded
 enviro_mvpf: 58 missing values recoded
  enviro_wtp: 71 missing values recoded
fed_fisc_ext: 67 missing values recoded
firm_cost_~p: 67 missing values recoded
   firm_mvpf: 67 missing values recoded
  fisc_ext_s: 12 missing values recoded
  fisc_ext_t: 7 missing values recoded
gas_corp_f~e: 66 missing values recoded
gas_fisc_ext: 66 missing values recoded
  gov_carbon: 13 missing values recoded
     p_spend: 17 missing values recoded
pass_through: 66 missing values recoded
     profits: 71 missing values recoded
profits_fi~e: 69 missing values recoded
       q_CO2: 5 missing values recoded
   q_CO2_mck: 47 missing values recoded
q_CO2_mck_no: 57 missing values recoded
    q_CO2_no: 57 missing values recoded
q_carbon_mck: 13 missing values recoded
 resource_ce: 13 missing values recoded
resource_c~t: 59 missing values recoded
       semie: 37 missing values recoded
state_fisc~t: 68 missing values recoded
   subsidies: 71 missing values recoded
       taxes: 71 missing values recoded
  total_cost: 22 missing values recoded
    transfer: 71 missing values recoded
utility_fi~t: 69 missing values recoded
wtp_abatem~t: 70 missing values recoded
    wtp_batt: 71 missing values recoded
    wtp_cons: 22 missing values recoded
     wtp_ctr: 70 missing values recoded
    wtp_deal: 69 missing values recoded
  wtp_e_cost: 63 missing values recoded
    wtp_glob: 15 missing values recoded
     wtp_inf: 38 missing values recoded
 wtp_install: 67 missing values recoded
    wtp_leak: 70 missing values recoded
     wtp_loc: 16 missing values recoded
wtp_local_~r: 71 missing values recoded
    wtp_marg: 38 missing values recoded
  wtp_no_ice: 66 missing values recoded
wtp_no_ice_g: 66 missing values recoded
wtp_no_ice~l: 66 missing values recoded
 wtp_no_leak: 70 missing values recoded
 wtp_permits: 70 missing values recoded
 wtp_private: 62 missing values recoded
    wtp_prod: 20 missing values recoded
  wtp_prod_s: 49 missing values recoded
  wtp_prod_u: 56 missing values recoded
  wtp_r_glob: 28 missing values recoded
   wtp_r_loc: 29 missing values recoded
     wtp_soc: 13 missing values recoded
   wtp_soc_g: 57 missing values recoded
   wtp_soc_l: 57 missing values recoded
wtp_soc_l_dr: 60 missing values recoded
wtp_soc_l_po: 60 missing values recoded
 wtp_soc_rbd: 55 missing values recoded
wtp_soc_rb~g: 69 missing values recoded
wtp_soc_rb~l: 69 missing values recoded
  wtp_yes_ev: 69 missing values recoded
wtp_yes_ev_g: 69 missing values recoded
wtp_yes_ev~l: 69 missing values recoded
 wtp_yes_hev: 69 missing values recoded
internatio~l: 61 missing values recoded
       no_SE: 60 missing values recoded

. order program_cost, after(WTP)

. 
. ***********************************************
. * 2. Check that Each Component Sums Correctly *
. ***********************************************
. 
. **** Transfer
. cap gen wtp_install = 0

. cap drop transfer

. gen transfer = wtp_cons + wtp_deal + wtp_install

. drop wtp_cons wtp_deal wtp_install

. replace transfer = wtp_inf + wtp_marg if (inlist(group_label, "Weatherization", "Appliance Rebates", "Other Nudges", "Vehicle Retirement"
> ) & ///
>                                                                                  program != "care" & program != "solarize" & program != "
> her_compiled" & program != "cw_datta" & program != "dw_datta" & ///
>                                                                                  program != "fridge_datta" & program != "wisc_rf") | inli
> st(program, "ca_electric", "cookstoves", "mx_deforest", "ug_deforest")
(18 real changes made)

. replace transfer = wtp_inf + wtp_marg + wtp_ctr if inlist(program, "ihwap_hb", "ihwap_lb")
(2 real changes made)

. drop wtp_inf wtp_marg wtp_private

. cap gen wtp_abatement = 0

. cap gen wtp_permits = 0

. replace transfer = wtp_abatement + wtp_permits if group_label == "Cap and Trade"
(2 real changes made)

. drop wtp_abatement wtp_permits

. replace transfer = wtp_prod if group_label == "Wind Production Credits" | inlist(program, "rao_crude", "bmm_crude", "india_offset")
(4 real changes made)

. replace transfer = 1 if program == "sallee_hy"
(0 real changes made)

. 
. **** Global and Local Enviro
. assert round(wtp_no_ice, 0.0001) == round(wtp_no_ice_g + wtp_no_ice_local, 0.0001)

. assert round(wtp_yes_ev, 0.0001) == round(wtp_yes_ev_local + wtp_yes_ev_g, 0.0001) if group_label == "Electric Vehicles"

. assert round(wtp_loc, 0.0001) == round(wtp_yes_ev_local + wtp_no_ice_local, 0.0001) if group_label == "Electric Vehicles"

. 
. drop wtp_no_ice_g wtp_no_ice_local wtp_yes_ev_g wtp_yes_ev_local

. 
. assert round(wtp_soc, 0.0001) == round(wtp_glob + wtp_loc, 0.0001) if group_label == "Electric Vehicles"

. assert round(wtp_soc, 0.0001) == round(wtp_glob + wtp_loc, 0.0001) if group_label == "Hybrid Vehicles"

. replace wtp_glob = wtp_glob + wtp_e_cost if group_label == "Residential Solar"| program == "solarize"
(6 real changes made)

. replace wtp_glob = (wtp_glob + wtp_e_cost) - wtp_r_glob if group_label == "Wind Production Credits"
(3 real changes made)

. replace wtp_glob = wtp_soc_g if inlist(group_label, "Gasoline Taxes", "Cap and Trade") | inlist(program, "cookstoves", "bmm_crude", "bunk
> er_fuel", "ethanol", "rao_crude")
(15 real changes made)

. replace wtp_loc = wtp_soc_l if inlist(group_label, "Gasoline Taxes", "Cap and Trade") | inlist(program, "cookstoves", "bmm_crude", "bunke
> r_fuel", "ethanol", "rao_crude")
(14 real changes made)

. replace wtp_loc = 0 if wtp_loc == -1.00e-35
(0 real changes made)

. replace wtp_loc = wtp_loc - wtp_r_loc if group_label == "Wind Production Credits"
(3 real changes made)

. 
. cap gen wtp_leak = 0

. cap gen wtp_no_leak = 0

. drop wtp_yes_ev wtp_yes_hev wtp_no_ice wtp_soc wtp_e_cost wtp_soc_g wtp_soc_l wtp_leak wtp_no_leak 

. 
. **** Rebound
. replace wtp_soc_rbd = 0 if wtp_soc_rbd == 1.00e-11
(1 real change made)

. replace wtp_soc_rbd_l = 0 if wtp_soc_rbd_l == 1.00e-20 | program == "rggi"
(0 real changes made)

. replace wtp_soc_rbd_g = 0 if wtp_soc_rbd_g == 1.00e-20 | program == "rggi"
(0 real changes made)

. assert round(wtp_soc_rbd, 0.0001) == round(wtp_soc_rbd_g + wtp_soc_rbd_l, 0.0001) if wtp_soc_rbd_g != 0 & wtp_soc_rbd_l != 0

. replace wtp_r_loc = wtp_soc_rbd_l if wtp_soc_rbd_l != 0 & wtp_r_loc == 0
(3 real changes made)

. replace wtp_r_glob = wtp_soc_rbd_g if wtp_soc_rbd_g != 0  & wtp_r_glob == 0
(3 real changes made)

. drop wtp_soc_rbd_l wtp_soc_rbd_g

. replace wtp_soc_rbd = wtp_r_glob + wtp_r_loc if wtp_soc_rbd == 0 & wtp_r_glob != 0 & wtp_r_loc != 0
(23 real changes made)

. replace wtp_soc_rbd = wtp_r_glob if inlist(program, "care", "opower_ng", "rebate_es", "es_incent", "ac_mex", "fridge_mex", "nudge_ger", "
> nudge_qatar", "wap_mexico") | inlist(program, "india_offset")
(7 real changes made)

. replace wtp_soc_rbd = -wtp_soc_rbd if program == "wisc_rf"
(1 real change made)

. 
. 
. **** Dynamic Price and Dynamic Enviro
. replace env_cost_wtp = 0 if env_cost_wtp == -1.00e-17
(0 real changes made)

. replace cost_wtp = 0 if cost_wtp == -1.00e-17
(0 real changes made)

. 
. assert round(env_cost_wtp, 0.0001) == round(env_cost_wtp_g + env_cost_wtp_l, 0.0001) if env_cost_wtp_l != 0 & env_cost_wtp_g != 0 & group
> _label != "Gasoline Tax"

. 
. drop cost_mvpf enviro_mvpf firm_mvpf

. 
. **** Producers
. gen producers = firm_cost_wtp + wtp_prod_s + wtp_prod_u

. replace producers = wtp_prod if inlist(group_label, "Residential Solar", "Appliance Rebates", "Weatherization", "Other Nudges", "Home Ene
> rgy Reports") | program == "care" | program == "ca_electric"
(30 real changes made)

. replace producers = wtp_prod if inlist(program, "jet_fuel", "CPP_aj", "CPP_pj", "PER", "baaqmd", "ca_electric")
(2 real changes made)

. replace producers = -wtp_prod if program == "wisc_rf"
(1 real change made)

. drop wtp_prod_s wtp_prod_u wtp_prod

. 
. **** Fiscal Externalities
. replace fisc_ext_s = beh_fisc_ext + fed_fisc_ext + state_fisc_ext if group_label == "Electric Vehicles" | group_label == "Hybrid Vehicles
> "
(3 real changes made)

. replace fisc_ext_t = gas_corp_fisc_e + gas_fisc_ext + utility_fisc_ext if group_label == "Electric Vehicles" | group_label == "Hybrid Veh
> icles"
(6 real changes made)

. 
. gen fisc_ext_sr = fisc_ext_s + fisc_ext_t

. drop fisc_ext_s fisc_ext_t

. 
. drop beh_fisc_ext fed_fisc_ext state_fisc_ext gas_corp_fisc_e gas_fisc_ext utility_fisc_ext

. 
. **** Total WTP
. gen WTP_no_cc = WTP

. replace WTP = WTP_cc if WTP_cc != 0
(14 real changes made)

. 
. **** Total Cost
. assert total_cost == cost if total_cost != 0

. drop total_cost

. 
. 
. **** Normalization Factor
. gen normalization = program_cost // for normalizing all the factors such that program_cost (without admin cost) is 1

. gen prog_cost_no_normal = program_cost

. 
. local components transfer wtp_loc wtp_glob wtp_soc_rbd env_cost_wtp cost_wtp producers WTP program_cost fisc_ext_sr fisc_ext_lr cost wtp_
> r_loc wtp_r_glob WTP_no_cc WTP_cc env_cost_wtp_g c_savings

. foreach comp of local components{
  2.     replace `comp' = `comp' / normalization
  3. }
(42 real changes made)
(34 real changes made)
(49 real changes made)
(36 real changes made)
(8 real changes made)
(8 real changes made)
(32 real changes made)
(49 real changes made)
(49 real changes made)
(38 real changes made)
(49 real changes made)
(49 real changes made)
(28 real changes made)
(36 real changes made)
(49 real changes made)
(8 real changes made)
(8 real changes made)
(3 real changes made)

. 
. 
. if "`savings'" == "yes"{
.     assert round(WTP, 0.001) == round(transfer + c_savings + wtp_loc + wtp_glob + wtp_soc_rbd + env_cost_wtp + cost_wtp + producers, 0.00
> 1)
. }

. else{
.     assert round(WTP, 0.001) == round(transfer + wtp_loc + wtp_glob + wtp_soc_rbd + env_cost_wtp + cost_wtp + producers, 0.001)
. }

. 
. assert round(cost, 0.001) == round(program_cost + fisc_ext_sr + fisc_ext_lr, 0.001) if program != "bev_state_i" // see if this is fixed a
> fter the latest big run

. assert round(MVPF, 0.001) == round(WTP / cost, 0.001) if (MVPF != 99999 & MVPF != -99999)

. 
. **** Combine Environmental Benefits
. gen wtp_env = wtp_glob + wtp_loc + wtp_soc_rbd

. 
. **** Combine Fiscal Externalities
. 
. gen fisc_tot = fisc_ext_sr + fisc_ext_lr

. 
. *********************************
. * 3. Calculate Category Average *
. *********************************
. preserve

. 
.         tempfile all_policy_save

.         save "`all_policy_save'", replace
(file C:\Users\bcchen\AppData\Local\Temp\ST_8eb0_000004.tmp not found)
file C:\Users\bcchen\AppData\Local\Temp\ST_8eb0_000004.tmp saved as .dta format

.         
.         assert WTP_cc == WTP if WTP_cc != 0

.         sort table_order

.                 
.         if "`savings'" == "no" {
.                 collapse (mean) WTP program_cost cost env_cost_wtp cost_wtp producers wtp_env fisc_tot transfer table_order, by(group_lab
> el)
.         }       

.         
.         if "`savings'" == "yes" {
.                 collapse (mean) WTP program_cost cost env_cost_wtp cost_wtp producers wtp_env fisc_tot transfer c_savings table_order, by
> (group_label)
.         }

. 
.         gen MVPF = WTP / cost

.         replace table_order = .
(19 real changes made, 19 to missing)

.         tempfile category_averages

.         save "`category_averages'", replace             
(file C:\Users\bcchen\AppData\Local\Temp\ST_8eb0_000005.tmp not found)
file C:\Users\bcchen\AppData\Local\Temp\ST_8eb0_000005.tmp saved as .dta format

.                                 
. restore

. 
. **************************
. * 4. Organize Components *
. **************************
. keep program_label_short group_label MVPF WTP cost env_cost_wtp cost_wtp producers wtp_env fisc_tot transfer table_order c_savings across
> _group_ordering

. sort table_order

.         
. if "`savings'" == "no"{
.         drop c_savings
.         order program_label_short transfer wtp_env env_cost_wtp cost_wtp producers WTP fisc_tot cost MVPF
. 
. }       

. else {
.         order program_label_short transfer wtp_env env_cost_wtp cost_wtp producers WTP fisc_tot cost MVPF c_savings
. }

. 
. order table_order

. 
. // Deal with Ordering of Revenue Raisers
. replace across_group_ordering = 11 if group_label == "Gasoline Taxes"
(12 real changes made)

. replace across_group_ordering = 12 if group_label == "Other Fuel Taxes"
(0 real changes made)

. replace across_group_ordering = 13 if group_label == "Other Revenue Raisers"
(3 real changes made)

. replace across_group_ordering = 14 if group_label == "Cap and Trade"    
(0 real changes made)

. 
. replace table_order = table_order + across_group_ordering
variable table_order was byte now int
(72 real changes made)

. 
. 
. // Bring in Category Averages
. append using "`category_averages'"
(variable table_order was int, now float to accommodate using data's values)

. 
. levelsof(group_label), local(group_loop)
`"Appliance Rebates"' `"Cap and Trade"' `"Cookstoves"' `"Deforestation"' `"Electric Vehicles"' `"Gasoline Taxes"' `"Home Energy Reports"' `
> "Hybrid Vehicles"' `"International Rebates"' `"Other Fuel Taxes"' `"Other Nudges"' `"Other Revenue Raisers"' `"Other Subsidies"' `"Reside
> ntial Solar"' `"Rice Burning"' `"Vehicle Retirement"' `"Weatherization"' `"Wind Offset"' `"Wind Production Credits"'

. foreach g of local group_loop {
  2.         
.         sum table_order if group_label == "`g'"
  3.         replace table_order = (r(min) - 1) if group_label == "`g'" & program_label_short == "" 
  4.         replace program_label_short = "`g'" if group_label == "`g'" & program_label_short == ""
  5.                         
. }

    Variable |        Obs        Mean    Std. dev.       Min        Max
-------------+---------------------------------------------------------
 table_order |          8        27.5     2.44949         24         31
(1 real change made)
(1 real change made)

    Variable |        Obs        Mean    Std. dev.       Min        Max
-------------+---------------------------------------------------------
 table_order |          2        93.5    .7071068         93         94
(1 real change made)
(1 real change made)

    Variable |        Obs        Mean    Std. dev.       Min        Max
-------------+---------------------------------------------------------
 table_order |          2        98.5    .7071068         98         99
(1 real change made)
(1 real change made)

    Variable |        Obs        Mean    Std. dev.       Min        Max
-------------+---------------------------------------------------------
 table_order |          3         102           1        101        103
(1 real change made)
(1 real change made)

    Variable |        Obs        Mean    Std. dev.       Min        Max
-------------+---------------------------------------------------------
 table_order |          3          20           1         19         21
(1 real change made)
(1 real change made)

    Variable |        Obs        Mean    Std. dev.       Min        Max
-------------+---------------------------------------------------------
 table_order |         12        68.5    3.605551         63         74
(1 real change made)
(1 real change made)

    Variable |        Obs        Mean    Std. dev.       Min        Max
-------------+---------------------------------------------------------
 table_order |          4        51.5    1.290994         50         53
(1 real change made)
(1 real change made)

    Variable |        Obs        Mean    Std. dev.       Min        Max
-------------+---------------------------------------------------------
 table_order |          3          38           1         37         39
(1 real change made)
(1 real change made)

    Variable |        Obs        Mean    Std. dev.       Min        Max
-------------+---------------------------------------------------------
 table_order |          3         112           1        111        113
(1 real change made)
(1 real change made)

    Variable |        Obs        Mean    Std. dev.       Min        Max
-------------+---------------------------------------------------------
 table_order |          2        82.5    .7071068         82         83
(1 real change made)
(1 real change made)

    Variable |        Obs        Mean    Std. dev.       Min        Max
-------------+---------------------------------------------------------
 table_order |          6        57.5    1.870829         55         60
(1 real change made)
(1 real change made)

    Variable |        Obs        Mean    Std. dev.       Min        Max
-------------+---------------------------------------------------------
 table_order |          3          90           1         89         91
(1 real change made)
(1 real change made)

    Variable |        Obs        Mean    Std. dev.       Min        Max
-------------+---------------------------------------------------------
 table_order |          2        47.5    .7071068         47         48
(1 real change made)
(1 real change made)

    Variable |        Obs        Mean    Std. dev.       Min        Max
-------------+---------------------------------------------------------
 table_order |          5          14    1.581139         12         16
(1 real change made)
(1 real change made)

    Variable |        Obs        Mean    Std. dev.       Min        Max
-------------+---------------------------------------------------------
 table_order |          2       106.5    .7071068        106        107
(1 real change made)
(1 real change made)

    Variable |        Obs        Mean    Std. dev.       Min        Max
-------------+---------------------------------------------------------
 table_order |          3          34           1         33         35
(1 real change made)
(1 real change made)

    Variable |        Obs        Mean    Std. dev.       Min        Max
-------------+---------------------------------------------------------
 table_order |          5          43    1.581139         41         45
(1 real change made)
(1 real change made)

    Variable |        Obs        Mean    Std. dev.       Min        Max
-------------+---------------------------------------------------------
 table_order |          1         109           .        109        109
(1 real change made)
(1 real change made)

    Variable |        Obs        Mean    Std. dev.       Min        Max
-------------+---------------------------------------------------------
 table_order |          3           3           1          2          4
(1 real change made)
(1 real change made)

. sort table_order        

.         
.         
. **********************
. * 5. Export to Excel *
. **********************
. preserve 

. 
.         drop table_order across_group_ordering group_label

. 
.         if "`export_excel_toggle'" == "yes" {
. 
.                 if "`savings'" == "yes" {
.                         copy "${output_tab}/tables_templates/TEMPLATE_Savings.xlsx" "`output_path'/`table_name'.xlsx", replace  
.                 }
. 
.                 if "`savings'" == "no" {
.                         
.                         if "`with_international'" == "yes" {
.                                 copy "${output_tab}/tables_templates/TEMPLATE_condensed.xlsx" "`output_path'/`table_name'.xlsx", replace 
>        
(file C:/Users/bcchen/Documents/GitHub/mvpf-climate/data/6_tables/tables_main/Table1_scc193_main.xlsx not found)
.                         }
.                         if "`with_international'" == "no" {
.                                 copy "${output_tab}/tables_templates/TEMPLATE_No_International.xlsx" "`output_path'/`table_name'.xlsx", r
> eplace 
.                         }
.                         
.                 }       
. 
.                 export excel "`output_path'/`table_name'.xlsx", first(var) sheet("data_export", replace) keepcellfmt    
file C:/Users/bcchen/Documents/GitHub/mvpf-climate/data/6_tables/tables_main/Table1_scc193_main.xlsx saved
.                 
.         }

. 
. restore 

. 
end of do-file

. 
end of do-file

. do "C:\Users\bcchen\AppData\Local\Temp\STD8eb0_00000n.tmp"

. do "${github}/figtab/excel_MVPF_tables_condensed.do" "full_current_193" "Table1_scc193_main" "no" "yes"

. *****************************************************************
. *             Export Final Datasets to Excel                    *
. *****************************************************************
. 
. *****************************************************
. * 0.             Get Dataset Names                  *
. *****************************************************
. 
. local selected_data_stub                `1'

. local pattern_suffix = "`selected_data_stub'"

. di in yellow "Looking for folders ending with pattern: `pattern_suffix'"
Looking for folders ending with pattern: full_current_193

. * Find all folders in the results directory that end with the pattern
. local results_dir = "${code_files}/4_results"

. local folder_list = ""

. local folder_dates = ""

. * Get list of all subdirectories
. qui local folders : dir "`results_dir'" dirs "*"

. * Filter folders that end with our pattern and extract timestamps
. foreach folder of local folders {
  2.     if regexm("`folder'", "^([0-9]{4}-[0-9]{2}-[0-9]{2}_[0-9]{2}-[0-9]{2}-[0-9]{2})__`pattern_suffix'$") {
  3.         local timestamp = regexs(1)
  4.         local folder_list = "`folder_list' `folder'"
  5.         local folder_dates = "`folder_dates' `timestamp'"
  6.         di in green "Found matching folder: `folder' (timestamp: `timestamp')"
  7.     }
  8. }
Found matching folder: 2025-09-25_13-45-54__full_current_193 (timestamp: 2025-09-25_13-45-54)
Found matching folder: 2025-10-21_01-03-46__full_current_193 (timestamp: 2025-10-21_01-03-46)

. * If no matching folders found, display error and exit
. if "`folder_list'" == "" {
.     di as error "`pattern_suffix' folder has not been created, please run the masterfile first to create this folder"
.     exit 601
. }

. else {
.     * Find the most recent folder by comparing timestamps
.     local most_recent_folder = ""
.     local most_recent_timestamp = ""
.     local folder_count : word count `folder_list'
.     local date_count : word count `folder_dates'
.     forvalues i = 1/`folder_count' {
  2.         local current_folder : word `i' of `folder_list'
  3.         local current_timestamp : word `i' of `folder_dates'
  4.         * Convert timestamp to comparable format (remove hyphens and underscores)
.         local current_numeric = subinstr(subinstr("`current_timestamp'", "-", "", .), "_", "", .)
  5.         if "`most_recent_timestamp'" == "" {
  6.             local most_recent_folder = "`current_folder'"
  7.             local most_recent_timestamp = "`current_numeric'"
  8.         }
  9.         else {
 10.             local most_recent_numeric = subinstr(subinstr("`most_recent_timestamp'", "-", "", .), "_", "", .)
 11.             if `current_numeric' > `most_recent_numeric' {
 12.                 local most_recent_folder = "`current_folder'"
 13.                 local most_recent_timestamp = "`current_numeric'"
 14.             }
 15.         }
 16.     }
.     local selected_data_stub = "`most_recent_folder'"
.     di in green "Selected most recent folder: `selected_data_stub'"
Selected most recent folder: 2025-10-21_01-03-46__full_current_193
. }

. 
. 
. local stub_toggle                                       "`selected_data_stub'" 

. 
. local table_name                                        "`2'"

. 
. local savings                                           "`3'"

. 
. local with_international                        "`4'"

. 
. local export_excel_toggle                       yes

. 
. local output_path ${output_tab}/tables_appendix

. 
. if "`2'" == "Table1_scc193_main" {
.         local output_path ${output_tab}/tables_main
. }

. 
. 
. *****************************************************
. * 1. Reshape Datasets and Merge with Policy Details *
. *****************************************************
. use "${code_files}/4_results/`stub_toggle'/compiled_results_all_uncorrected_vJK", clear

. 
. missings dropvars, force

Checking missings in program component_type component_value l_component u_component component_sd component_over_prog_cost assumptions
    correlation replications:
9800 observations with missing values

note: l_component u_component component_sd dropped

. drop component_over_prog_cost 

. cap drop perc_switch

. ren component_value cv

. cap drop assumptions component_sd

.         
. replace cv = cv
(0 real changes made)

. cap drop l_component u_component

.         
. reshape wide cv, i(program) j(component_type) string
(j = MVPF MVPF_no_cc WTP WTP_RoW WTP_USFut WTP_USPres WTP_USTotal WTP_cc admin_cost beh_fisc_ext c_savings cost cost_curve cost_mvpf cost_w
> tp env_cost_wtp env_cost_wtp_g env_cost_wtp_l enviro_mvpf enviro_wtp epsilon ev_sub_c ev_sub_c_row ev_sub_c_us ev_sub_cost ev_sub_env fed
> _fisc_ext firm_cost_wtp firm_mvpf fisc_ext_lr fisc_ext_s fisc_ext_t fiscalext gas_corp_fisc_e gas_fisc_ext gov_carbon infmarg marginal p_
> spend pass_through permitrev permitrev_ex permitrev_new profits profits_fisc_e program_cost q_CO2 q_CO2_mck q_CO2_mck_no q_CO2_no q_carbo
> n_mck resource_ce resource_cost semie state_fisc_ext subsidies taxes total_cost transfer utility_fisc_ext wind_g_wf wind_l_wf wtp_abateme
> nt wtp_batt wtp_cons wtp_ctr wtp_deal wtp_e_cost wtp_glob wtp_inf wtp_install wtp_leak wtp_loc wtp_local_w_r wtp_marg wtp_no_ice wtp_no_i
> ce_g wtp_no_ice_local wtp_no_leak wtp_permits wtp_private wtp_prod wtp_prod_s wtp_prod_u wtp_r_glob wtp_r_loc wtp_soc wtp_soc_g wtp_soc_l
>  wtp_soc_l_dr wtp_soc_l_po wtp_soc_rbd wtp_soc_rbd_g wtp_soc_rbd_l wtp_yes_ev wtp_yes_ev_g wtp_yes_ev_local wtp_yes_hev)

Data                               Long   ->   Wide
-----------------------------------------------------------------------------
Number of observations            9,800   ->   100         
Number of variables                   6   ->   102         
j variable (98 values)   component_type   ->   (dropped)
xij variables:
                                     cv   ->   cvMVPF cvMVPF_no_cc ... cvwtp_yes_hev
-----------------------------------------------------------------------------

. ren cv* *

. drop WTP_RoW WTP_USFut WTP_USPres WTP_USTotal wind_g_wf wind_l_wf epsilon

. 
. preserve

.         import excel "${code_files}/policy_details_v3.xlsx", clear first
(16 vars, 100 obs)

.         tempfile policy_labels

.         save "`policy_labels.dta'", replace
(file C:\Users\bcchen\AppData\Local\Temp\ST_8eb0_000002.tmp not found)
file C:\Users\bcchen\AppData\Local\Temp\ST_8eb0_000002.tmp saved as .dta format

. restore

. 
. merge m:1 program using "`policy_labels.dta'", keep(3)

    Result                      Number of obs
    -----------------------------------------
    Not matched                             0
    Matched                               100  (_merge==3)
    -----------------------------------------

. drop if program == "cafe_dk"
(1 observation deleted)

. drop if broad_category == "Regulation"
(3 observations deleted)

. drop if extended == 1
(24 observations deleted)

. assert _N == 72

. 
. missings dropvars, force

Checking missings in program MVPF MVPF_no_cc WTP WTP_cc admin_cost beh_fisc_ext c_savings cost cost_curve cost_mvpf cost_wtp env_cost_wtp
    env_cost_wtp_g env_cost_wtp_l enviro_mvpf enviro_wtp ev_sub_c ev_sub_c_row ev_sub_c_us ev_sub_cost ev_sub_env fed_fisc_ext
    firm_cost_wtp firm_mvpf fisc_ext_lr fisc_ext_s fisc_ext_t fiscalext gas_corp_fisc_e gas_fisc_ext gov_carbon infmarg marginal p_spend
    pass_through permitrev permitrev_ex permitrev_new profits profits_fisc_e program_cost q_CO2 q_CO2_mck q_CO2_mck_no q_CO2_no
    q_carbon_mck resource_ce resource_cost semie state_fisc_ext subsidies taxes total_cost transfer utility_fisc_ext wtp_abatement wtp_batt
    wtp_cons wtp_ctr wtp_deal wtp_e_cost wtp_glob wtp_inf wtp_install wtp_leak wtp_loc wtp_local_w_r wtp_marg wtp_no_ice wtp_no_ice_g
    wtp_no_ice_local wtp_no_leak wtp_permits wtp_private wtp_prod wtp_prod_s wtp_prod_u wtp_r_glob wtp_r_loc wtp_soc wtp_soc_g wtp_soc_l
    wtp_soc_l_dr wtp_soc_l_po wtp_soc_rbd wtp_soc_rbd_g wtp_soc_rbd_l wtp_yes_ev wtp_yes_ev_g wtp_yes_ev_local wtp_yes_hev assumptions
    correlation replications program_label_long program_label_short source year_in_context location broad_category group_label panel_number
    across_group_ordering in_group_ordering extended international regulation table_order no_SE _merge:
72 observations with missing values

note: ev_sub_c ev_sub_c_row ev_sub_c_us ev_sub_cost ev_sub_env fiscalext infmarg marginal permitrev permitrev_ex permitrev_new extended
regulation dropped

. drop _merge program_label_long

. drop correlation replications

. mvencode _all, mv(0) override
  MVPF_no_cc: 51 missing values recoded
      WTP_cc: 58 missing values recoded
  admin_cost: 69 missing values recoded
beh_fisc_ext: 66 missing values recoded
   c_savings: 36 missing values recoded
  cost_curve: 71 missing values recoded
   cost_mvpf: 58 missing values recoded
    cost_wtp: 45 missing values recoded
env_cost_wtp: 45 missing values recoded
env_cost_w~g: 58 missing values recoded
env_cost_w~l: 58 missing values recoded
 enviro_mvpf: 58 missing values recoded
  enviro_wtp: 71 missing values recoded
fed_fisc_ext: 67 missing values recoded
firm_cost_~p: 67 missing values recoded
   firm_mvpf: 67 missing values recoded
  fisc_ext_s: 12 missing values recoded
  fisc_ext_t: 7 missing values recoded
gas_corp_f~e: 66 missing values recoded
gas_fisc_ext: 66 missing values recoded
  gov_carbon: 13 missing values recoded
     p_spend: 17 missing values recoded
pass_through: 66 missing values recoded
     profits: 71 missing values recoded
profits_fi~e: 69 missing values recoded
       q_CO2: 5 missing values recoded
   q_CO2_mck: 47 missing values recoded
q_CO2_mck_no: 57 missing values recoded
    q_CO2_no: 57 missing values recoded
q_carbon_mck: 13 missing values recoded
 resource_ce: 13 missing values recoded
resource_c~t: 59 missing values recoded
       semie: 37 missing values recoded
state_fisc~t: 68 missing values recoded
   subsidies: 71 missing values recoded
       taxes: 71 missing values recoded
  total_cost: 22 missing values recoded
    transfer: 71 missing values recoded
utility_fi~t: 69 missing values recoded
wtp_abatem~t: 70 missing values recoded
    wtp_batt: 71 missing values recoded
    wtp_cons: 22 missing values recoded
     wtp_ctr: 70 missing values recoded
    wtp_deal: 69 missing values recoded
  wtp_e_cost: 63 missing values recoded
    wtp_glob: 15 missing values recoded
     wtp_inf: 38 missing values recoded
 wtp_install: 67 missing values recoded
    wtp_leak: 70 missing values recoded
     wtp_loc: 16 missing values recoded
wtp_local_~r: 71 missing values recoded
    wtp_marg: 38 missing values recoded
  wtp_no_ice: 66 missing values recoded
wtp_no_ice_g: 66 missing values recoded
wtp_no_ice~l: 66 missing values recoded
 wtp_no_leak: 70 missing values recoded
 wtp_permits: 70 missing values recoded
 wtp_private: 62 missing values recoded
    wtp_prod: 20 missing values recoded
  wtp_prod_s: 49 missing values recoded
  wtp_prod_u: 56 missing values recoded
  wtp_r_glob: 28 missing values recoded
   wtp_r_loc: 29 missing values recoded
     wtp_soc: 13 missing values recoded
   wtp_soc_g: 57 missing values recoded
   wtp_soc_l: 57 missing values recoded
wtp_soc_l_dr: 60 missing values recoded
wtp_soc_l_po: 60 missing values recoded
 wtp_soc_rbd: 55 missing values recoded
wtp_soc_rb~g: 69 missing values recoded
wtp_soc_rb~l: 69 missing values recoded
  wtp_yes_ev: 69 missing values recoded
wtp_yes_ev_g: 69 missing values recoded
wtp_yes_ev~l: 69 missing values recoded
 wtp_yes_hev: 69 missing values recoded
internatio~l: 61 missing values recoded
       no_SE: 60 missing values recoded

. order program_cost, after(WTP)

. 
. ***********************************************
. * 2. Check that Each Component Sums Correctly *
. ***********************************************
. 
. **** Transfer
. cap gen wtp_install = 0

. cap drop transfer

. gen transfer = wtp_cons + wtp_deal + wtp_install

. drop wtp_cons wtp_deal wtp_install

. replace transfer = wtp_inf + wtp_marg if (inlist(group_label, "Weatherization", "Appliance Rebates", "Other Nudges", "Vehicle Retirement"
> ) & ///
>                                                                                  program != "care" & program != "solarize" & program != "
> her_compiled" & program != "cw_datta" & program != "dw_datta" & ///
>                                                                                  program != "fridge_datta" & program != "wisc_rf") | inli
> st(program, "ca_electric", "cookstoves", "mx_deforest", "ug_deforest")
(18 real changes made)

. replace transfer = wtp_inf + wtp_marg + wtp_ctr if inlist(program, "ihwap_hb", "ihwap_lb")
(2 real changes made)

. drop wtp_inf wtp_marg wtp_private

. cap gen wtp_abatement = 0

. cap gen wtp_permits = 0

. replace transfer = wtp_abatement + wtp_permits if group_label == "Cap and Trade"
(2 real changes made)

. drop wtp_abatement wtp_permits

. replace transfer = wtp_prod if group_label == "Wind Production Credits" | inlist(program, "rao_crude", "bmm_crude", "india_offset")
(4 real changes made)

. replace transfer = 1 if program == "sallee_hy"
(0 real changes made)

. 
. **** Global and Local Enviro
. assert round(wtp_no_ice, 0.0001) == round(wtp_no_ice_g + wtp_no_ice_local, 0.0001)

. assert round(wtp_yes_ev, 0.0001) == round(wtp_yes_ev_local + wtp_yes_ev_g, 0.0001) if group_label == "Electric Vehicles"

. assert round(wtp_loc, 0.0001) == round(wtp_yes_ev_local + wtp_no_ice_local, 0.0001) if group_label == "Electric Vehicles"

. 
. drop wtp_no_ice_g wtp_no_ice_local wtp_yes_ev_g wtp_yes_ev_local

. 
. assert round(wtp_soc, 0.0001) == round(wtp_glob + wtp_loc, 0.0001) if group_label == "Electric Vehicles"

. assert round(wtp_soc, 0.0001) == round(wtp_glob + wtp_loc, 0.0001) if group_label == "Hybrid Vehicles"

. replace wtp_glob = wtp_glob + wtp_e_cost if group_label == "Residential Solar"| program == "solarize"
(6 real changes made)

. replace wtp_glob = (wtp_glob + wtp_e_cost) - wtp_r_glob if group_label == "Wind Production Credits"
(3 real changes made)

. replace wtp_glob = wtp_soc_g if inlist(group_label, "Gasoline Taxes", "Cap and Trade") | inlist(program, "cookstoves", "bmm_crude", "bunk
> er_fuel", "ethanol", "rao_crude")
(15 real changes made)

. replace wtp_loc = wtp_soc_l if inlist(group_label, "Gasoline Taxes", "Cap and Trade") | inlist(program, "cookstoves", "bmm_crude", "bunke
> r_fuel", "ethanol", "rao_crude")
(14 real changes made)

. replace wtp_loc = 0 if wtp_loc == -1.00e-35
(0 real changes made)

. replace wtp_loc = wtp_loc - wtp_r_loc if group_label == "Wind Production Credits"
(3 real changes made)

. 
. cap gen wtp_leak = 0

. cap gen wtp_no_leak = 0

. drop wtp_yes_ev wtp_yes_hev wtp_no_ice wtp_soc wtp_e_cost wtp_soc_g wtp_soc_l wtp_leak wtp_no_leak 

. 
. **** Rebound
. replace wtp_soc_rbd = 0 if wtp_soc_rbd == 1.00e-11
(1 real change made)

. replace wtp_soc_rbd_l = 0 if wtp_soc_rbd_l == 1.00e-20 | program == "rggi"
(0 real changes made)

. replace wtp_soc_rbd_g = 0 if wtp_soc_rbd_g == 1.00e-20 | program == "rggi"
(0 real changes made)

. assert round(wtp_soc_rbd, 0.0001) == round(wtp_soc_rbd_g + wtp_soc_rbd_l, 0.0001) if wtp_soc_rbd_g != 0 & wtp_soc_rbd_l != 0

. replace wtp_r_loc = wtp_soc_rbd_l if wtp_soc_rbd_l != 0 & wtp_r_loc == 0
(3 real changes made)

. replace wtp_r_glob = wtp_soc_rbd_g if wtp_soc_rbd_g != 0  & wtp_r_glob == 0
(3 real changes made)

. drop wtp_soc_rbd_l wtp_soc_rbd_g

. replace wtp_soc_rbd = wtp_r_glob + wtp_r_loc if wtp_soc_rbd == 0 & wtp_r_glob != 0 & wtp_r_loc != 0
(23 real changes made)

. replace wtp_soc_rbd = wtp_r_glob if inlist(program, "care", "opower_ng", "rebate_es", "es_incent", "ac_mex", "fridge_mex", "nudge_ger", "
> nudge_qatar", "wap_mexico") | inlist(program, "india_offset")
(7 real changes made)

. replace wtp_soc_rbd = -wtp_soc_rbd if program == "wisc_rf"
(1 real change made)

. 
. 
. **** Dynamic Price and Dynamic Enviro
. replace env_cost_wtp = 0 if env_cost_wtp == -1.00e-17
(0 real changes made)

. replace cost_wtp = 0 if cost_wtp == -1.00e-17
(0 real changes made)

. 
. assert round(env_cost_wtp, 0.0001) == round(env_cost_wtp_g + env_cost_wtp_l, 0.0001) if env_cost_wtp_l != 0 & env_cost_wtp_g != 0 & group
> _label != "Gasoline Tax"

. 
. drop cost_mvpf enviro_mvpf firm_mvpf

. 
. **** Producers
. gen producers = firm_cost_wtp + wtp_prod_s + wtp_prod_u

. replace producers = wtp_prod if inlist(group_label, "Residential Solar", "Appliance Rebates", "Weatherization", "Other Nudges", "Home Ene
> rgy Reports") | program == "care" | program == "ca_electric"
(30 real changes made)

. replace producers = wtp_prod if inlist(program, "jet_fuel", "CPP_aj", "CPP_pj", "PER", "baaqmd", "ca_electric")
(2 real changes made)

. replace producers = -wtp_prod if program == "wisc_rf"
(1 real change made)

. drop wtp_prod_s wtp_prod_u wtp_prod

. 
. **** Fiscal Externalities
. replace fisc_ext_s = beh_fisc_ext + fed_fisc_ext + state_fisc_ext if group_label == "Electric Vehicles" | group_label == "Hybrid Vehicles
> "
(3 real changes made)

. replace fisc_ext_t = gas_corp_fisc_e + gas_fisc_ext + utility_fisc_ext if group_label == "Electric Vehicles" | group_label == "Hybrid Veh
> icles"
(6 real changes made)

. 
. gen fisc_ext_sr = fisc_ext_s + fisc_ext_t

. drop fisc_ext_s fisc_ext_t

. 
. drop beh_fisc_ext fed_fisc_ext state_fisc_ext gas_corp_fisc_e gas_fisc_ext utility_fisc_ext

. 
. **** Total WTP
. gen WTP_no_cc = WTP

. replace WTP = WTP_cc if WTP_cc != 0
(14 real changes made)

. 
. **** Total Cost
. assert total_cost == cost if total_cost != 0

. drop total_cost

. 
. 
. **** Normalization Factor
. gen normalization = program_cost // for normalizing all the factors such that program_cost (without admin cost) is 1

. gen prog_cost_no_normal = program_cost

. 
. local components transfer wtp_loc wtp_glob wtp_soc_rbd env_cost_wtp cost_wtp producers WTP program_cost fisc_ext_sr fisc_ext_lr cost wtp_
> r_loc wtp_r_glob WTP_no_cc WTP_cc env_cost_wtp_g c_savings

. foreach comp of local components{
  2.     replace `comp' = `comp' / normalization
  3. }
(42 real changes made)
(34 real changes made)
(49 real changes made)
(36 real changes made)
(8 real changes made)
(8 real changes made)
(32 real changes made)
(49 real changes made)
(49 real changes made)
(38 real changes made)
(49 real changes made)
(49 real changes made)
(28 real changes made)
(36 real changes made)
(49 real changes made)
(8 real changes made)
(8 real changes made)
(3 real changes made)

. 
. 
. if "`savings'" == "yes"{
.     assert round(WTP, 0.001) == round(transfer + c_savings + wtp_loc + wtp_glob + wtp_soc_rbd + env_cost_wtp + cost_wtp + producers, 0.00
> 1)
. }

. else{
.     assert round(WTP, 0.001) == round(transfer + wtp_loc + wtp_glob + wtp_soc_rbd + env_cost_wtp + cost_wtp + producers, 0.001)
. }

. 
. assert round(cost, 0.001) == round(program_cost + fisc_ext_sr + fisc_ext_lr, 0.001) if program != "bev_state_i" // see if this is fixed a
> fter the latest big run

. assert round(MVPF, 0.001) == round(WTP / cost, 0.001) if (MVPF != 99999 & MVPF != -99999)

. 
. **** Combine Environmental Benefits
. gen wtp_env = wtp_glob + wtp_loc + wtp_soc_rbd

. 
. **** Combine Fiscal Externalities
. 
. gen fisc_tot = fisc_ext_sr + fisc_ext_lr

. 
. *********************************
. * 3. Calculate Category Average *
. *********************************
. preserve

. 
.         tempfile all_policy_save

.         save "`all_policy_save'", replace
(file C:\Users\bcchen\AppData\Local\Temp\ST_8eb0_000004.tmp not found)
file C:\Users\bcchen\AppData\Local\Temp\ST_8eb0_000004.tmp saved as .dta format

.         
.         assert WTP_cc == WTP if WTP_cc != 0

.         sort table_order

.                 
.         if "`savings'" == "no" {
.                 collapse (mean) WTP program_cost cost env_cost_wtp cost_wtp producers wtp_env fisc_tot transfer table_order, by(group_lab
> el)
.         }       

.         
.         if "`savings'" == "yes" {
.                 collapse (mean) WTP program_cost cost env_cost_wtp cost_wtp producers wtp_env fisc_tot transfer c_savings table_order, by
> (group_label)
.         }

. 
.         gen MVPF = WTP / cost

.         replace table_order = .
(19 real changes made, 19 to missing)

.         tempfile category_averages

.         save "`category_averages'", replace             
(file C:\Users\bcchen\AppData\Local\Temp\ST_8eb0_000005.tmp not found)
file C:\Users\bcchen\AppData\Local\Temp\ST_8eb0_000005.tmp saved as .dta format

.                                 
. restore

. 
. **************************
. * 4. Organize Components *
. **************************
. keep program_label_short group_label MVPF WTP cost env_cost_wtp cost_wtp producers wtp_env fisc_tot transfer table_order c_savings across
> _group_ordering

. sort table_order

.         
. if "`savings'" == "no"{
.         drop c_savings
.         order program_label_short transfer wtp_env env_cost_wtp cost_wtp producers WTP fisc_tot cost MVPF
. 
. }       

. else {
.         order program_label_short transfer wtp_env env_cost_wtp cost_wtp producers WTP fisc_tot cost MVPF c_savings
. }

. 
. order table_order

. 
. // Deal with Ordering of Revenue Raisers
. replace across_group_ordering = 11 if group_label == "Gasoline Taxes"
(12 real changes made)

. replace across_group_ordering = 12 if group_label == "Other Fuel Taxes"
(0 real changes made)

. replace across_group_ordering = 13 if group_label == "Other Revenue Raisers"
(3 real changes made)

. replace across_group_ordering = 14 if group_label == "Cap and Trade"    
(0 real changes made)

. 
. replace table_order = table_order + across_group_ordering
variable table_order was byte now int
(72 real changes made)

. 
. 
. // Bring in Category Averages
. append using "`category_averages'"
(variable table_order was int, now float to accommodate using data's values)

. 
. levelsof(group_label), local(group_loop)
`"Appliance Rebates"' `"Cap and Trade"' `"Cookstoves"' `"Deforestation"' `"Electric Vehicles"' `"Gasoline Taxes"' `"Home Energy Reports"' `
> "Hybrid Vehicles"' `"International Rebates"' `"Other Fuel Taxes"' `"Other Nudges"' `"Other Revenue Raisers"' `"Other Subsidies"' `"Reside
> ntial Solar"' `"Rice Burning"' `"Vehicle Retirement"' `"Weatherization"' `"Wind Offset"' `"Wind Production Credits"'

. foreach g of local group_loop {
  2.         
.         sum table_order if group_label == "`g'"
  3.         replace table_order = (r(min) - 1) if group_label == "`g'" & program_label_short == "" 
  4.         replace program_label_short = "`g'" if group_label == "`g'" & program_label_short == ""
  5.                         
. }

    Variable |        Obs        Mean    Std. dev.       Min        Max
-------------+---------------------------------------------------------
 table_order |          8        27.5     2.44949         24         31
(1 real change made)
(1 real change made)

    Variable |        Obs        Mean    Std. dev.       Min        Max
-------------+---------------------------------------------------------
 table_order |          2        93.5    .7071068         93         94
(1 real change made)
(1 real change made)

    Variable |        Obs        Mean    Std. dev.       Min        Max
-------------+---------------------------------------------------------
 table_order |          2        98.5    .7071068         98         99
(1 real change made)
(1 real change made)

    Variable |        Obs        Mean    Std. dev.       Min        Max
-------------+---------------------------------------------------------
 table_order |          3         102           1        101        103
(1 real change made)
(1 real change made)

    Variable |        Obs        Mean    Std. dev.       Min        Max
-------------+---------------------------------------------------------
 table_order |          3          20           1         19         21
(1 real change made)
(1 real change made)

    Variable |        Obs        Mean    Std. dev.       Min        Max
-------------+---------------------------------------------------------
 table_order |         12        68.5    3.605551         63         74
(1 real change made)
(1 real change made)

    Variable |        Obs        Mean    Std. dev.       Min        Max
-------------+---------------------------------------------------------
 table_order |          4        51.5    1.290994         50         53
(1 real change made)
(1 real change made)

    Variable |        Obs        Mean    Std. dev.       Min        Max
-------------+---------------------------------------------------------
 table_order |          3          38           1         37         39
(1 real change made)
(1 real change made)

    Variable |        Obs        Mean    Std. dev.       Min        Max
-------------+---------------------------------------------------------
 table_order |          3         112           1        111        113
(1 real change made)
(1 real change made)

    Variable |        Obs        Mean    Std. dev.       Min        Max
-------------+---------------------------------------------------------
 table_order |          2        82.5    .7071068         82         83
(1 real change made)
(1 real change made)

    Variable |        Obs        Mean    Std. dev.       Min        Max
-------------+---------------------------------------------------------
 table_order |          6        57.5    1.870829         55         60
(1 real change made)
(1 real change made)

    Variable |        Obs        Mean    Std. dev.       Min        Max
-------------+---------------------------------------------------------
 table_order |          3          90           1         89         91
(1 real change made)
(1 real change made)

    Variable |        Obs        Mean    Std. dev.       Min        Max
-------------+---------------------------------------------------------
 table_order |          2        47.5    .7071068         47         48
(1 real change made)
(1 real change made)

    Variable |        Obs        Mean    Std. dev.       Min        Max
-------------+---------------------------------------------------------
 table_order |          5          14    1.581139         12         16
(1 real change made)
(1 real change made)

    Variable |        Obs        Mean    Std. dev.       Min        Max
-------------+---------------------------------------------------------
 table_order |          2       106.5    .7071068        106        107
(1 real change made)
(1 real change made)

    Variable |        Obs        Mean    Std. dev.       Min        Max
-------------+---------------------------------------------------------
 table_order |          3          34           1         33         35
(1 real change made)
(1 real change made)

    Variable |        Obs        Mean    Std. dev.       Min        Max
-------------+---------------------------------------------------------
 table_order |          5          43    1.581139         41         45
(1 real change made)
(1 real change made)

    Variable |        Obs        Mean    Std. dev.       Min        Max
-------------+---------------------------------------------------------
 table_order |          1         109           .        109        109
(1 real change made)
(1 real change made)

    Variable |        Obs        Mean    Std. dev.       Min        Max
-------------+---------------------------------------------------------
 table_order |          3           3           1          2          4
(1 real change made)
(1 real change made)

. sort table_order        

.         
.         
. **********************
. * 5. Export to Excel *
. **********************
. preserve 

. 
.         drop table_order across_group_ordering group_label

. 
.         if "`export_excel_toggle'" == "yes" {
. 
.                 if "`savings'" == "yes" {
.                         copy "${output_tab}/tables_templates/TEMPLATE_Savings.xlsx" "`output_path'/`table_name'.xlsx", replace  
.                 }
. 
.                 if "`savings'" == "no" {
.                         
.                         if "`with_international'" == "yes" {
.                                 copy "${output_tab}/tables_templates/TEMPLATE_condensed.xlsx" "`output_path'/`table_name'.xlsx", replace 
>        
.                         }
.                         if "`with_international'" == "no" {
.                                 copy "${output_tab}/tables_templates/TEMPLATE_No_International.xlsx" "`output_path'/`table_name'.xlsx", r
> eplace 
.                         }
.                         
.                 }       
. 
.                 export excel "`output_path'/`table_name'.xlsx", first(var) sheet("data_export", replace) keepcellfmt    
file C:/Users/bcchen/Documents/GitHub/mvpf-climate/data/6_tables/tables_main/Table1_scc193_main.xlsx saved
.                 
.         }

. 
. restore 

. 
end of do-file

. 
end of do-file

. do "C:\Users\bcchen\AppData\Local\Temp\STD8eb0_00000o.tmp"

. do "${github}/figtab/excel_MVPF_tables.do" "full_current_193" "Table1_scc193_app" "no" "yes"

. *****************************************************************
. *             Export Final Datasets to Excel                    *
. *****************************************************************
. 
. *****************************************************
. * 0.             Get Dataset Names                  *
. *****************************************************
. 
. local selected_data_stub                `1'

. local pattern_suffix = "`selected_data_stub'"

. di in yellow "Looking for folders ending with pattern: `pattern_suffix'"
Looking for folders ending with pattern: full_current_193

. * Find all folders in the results directory that end with the pattern
. local results_dir = "${code_files}/4_results"

. local folder_list = ""

. local folder_dates = ""

. * Get list of all subdirectories
. qui local folders : dir "`results_dir'" dirs "*"

. * Filter folders that end with our pattern and extract timestamps
. foreach folder of local folders {
  2.     if regexm("`folder'", "^([0-9]{4}-[0-9]{2}-[0-9]{2}_[0-9]{2}-[0-9]{2}-[0-9]{2})__`pattern_suffix'$") {
  3.         local timestamp = regexs(1)
  4.         local folder_list = "`folder_list' `folder'"
  5.         local folder_dates = "`folder_dates' `timestamp'"
  6.         di in green "Found matching folder: `folder' (timestamp: `timestamp')"
  7.     }
  8. }
Found matching folder: 2025-09-25_13-45-54__full_current_193 (timestamp: 2025-09-25_13-45-54)
Found matching folder: 2025-10-21_01-03-46__full_current_193 (timestamp: 2025-10-21_01-03-46)

. * If no matching folders found, display error and exit
. if "`folder_list'" == "" {
.     di as error "`pattern_suffix' folder has not been created, please run the masterfile first to create this folder"
.     exit 601
. }

. else {
.     * Find the most recent folder by comparing timestamps
.     local most_recent_folder = ""
.     local most_recent_timestamp = ""
.     local folder_count : word count `folder_list'
.     local date_count : word count `folder_dates'
.     forvalues i = 1/`folder_count' {
  2.         local current_folder : word `i' of `folder_list'
  3.         local current_timestamp : word `i' of `folder_dates'
  4.         * Convert timestamp to comparable format (remove hyphens and underscores)
.         local current_numeric = subinstr(subinstr("`current_timestamp'", "-", "", .), "_", "", .)
  5.         if "`most_recent_timestamp'" == "" {
  6.             local most_recent_folder = "`current_folder'"
  7.             local most_recent_timestamp = "`current_numeric'"
  8.         }
  9.         else {
 10.             local most_recent_numeric = subinstr(subinstr("`most_recent_timestamp'", "-", "", .), "_", "", .)
 11.             if `current_numeric' > `most_recent_numeric' {
 12.                 local most_recent_folder = "`current_folder'"
 13.                 local most_recent_timestamp = "`current_numeric'"
 14.             }
 15.         }
 16.     }
.     local selected_data_stub = "`most_recent_folder'"
.     di in green "Selected most recent folder: `selected_data_stub'"
Selected most recent folder: 2025-10-21_01-03-46__full_current_193
. }

. 
. 
. local stub_toggle                                       "`selected_data_stub'" 

. 
. local table_name                                        "`2'"

. 
. local savings                                           "`3'"

. 
. local with_international                        "`4'"

. 
. local export_excel_toggle                       yes

. 
. local output_path ${output_tab}/tables_appendix

. 
. if "`2'" == "Table2_scc193_main" {
.         local output_path ${output_tab}/tables_main
. }

. 
. 
. *****************************************************
. * 1. Reshape Datasets and Merge with Policy Details *
. *****************************************************
. use "${code_files}/4_results/`stub_toggle'/compiled_results_all_uncorrected_vJK", clear

. 
. missings dropvars, force

Checking missings in program component_type component_value l_component u_component component_sd component_over_prog_cost assumptions
    correlation replications:
9800 observations with missing values

note: l_component u_component component_sd dropped

. drop component_over_prog_cost 

. cap drop perc_switch

. ren component_value cv

. cap drop assumptions component_sd

.         
. replace cv = cv
(0 real changes made)

. cap drop l_component u_component

.         
. reshape wide cv, i(program) j(component_type) string
(j = MVPF MVPF_no_cc WTP WTP_RoW WTP_USFut WTP_USPres WTP_USTotal WTP_cc admin_cost beh_fisc_ext c_savings cost cost_curve cost_mvpf cost_w
> tp env_cost_wtp env_cost_wtp_g env_cost_wtp_l enviro_mvpf enviro_wtp epsilon ev_sub_c ev_sub_c_row ev_sub_c_us ev_sub_cost ev_sub_env fed
> _fisc_ext firm_cost_wtp firm_mvpf fisc_ext_lr fisc_ext_s fisc_ext_t fiscalext gas_corp_fisc_e gas_fisc_ext gov_carbon infmarg marginal p_
> spend pass_through permitrev permitrev_ex permitrev_new profits profits_fisc_e program_cost q_CO2 q_CO2_mck q_CO2_mck_no q_CO2_no q_carbo
> n_mck resource_ce resource_cost semie state_fisc_ext subsidies taxes total_cost transfer utility_fisc_ext wind_g_wf wind_l_wf wtp_abateme
> nt wtp_batt wtp_cons wtp_ctr wtp_deal wtp_e_cost wtp_glob wtp_inf wtp_install wtp_leak wtp_loc wtp_local_w_r wtp_marg wtp_no_ice wtp_no_i
> ce_g wtp_no_ice_local wtp_no_leak wtp_permits wtp_private wtp_prod wtp_prod_s wtp_prod_u wtp_r_glob wtp_r_loc wtp_soc wtp_soc_g wtp_soc_l
>  wtp_soc_l_dr wtp_soc_l_po wtp_soc_rbd wtp_soc_rbd_g wtp_soc_rbd_l wtp_yes_ev wtp_yes_ev_g wtp_yes_ev_local wtp_yes_hev)

Data                               Long   ->   Wide
-----------------------------------------------------------------------------
Number of observations            9,800   ->   100         
Number of variables                   6   ->   102         
j variable (98 values)   component_type   ->   (dropped)
xij variables:
                                     cv   ->   cvMVPF cvMVPF_no_cc ... cvwtp_yes_hev
-----------------------------------------------------------------------------

. ren cv* *

. drop WTP_RoW WTP_USFut WTP_USPres WTP_USTotal wind_g_wf wind_l_wf epsilon

. 
. preserve

.         import excel "${code_files}/policy_details_v3.xlsx", clear first
(16 vars, 100 obs)

.         tempfile policy_labels

.         save "`policy_labels.dta'", replace
(file C:\Users\bcchen\AppData\Local\Temp\ST_8eb0_000002.tmp not found)
file C:\Users\bcchen\AppData\Local\Temp\ST_8eb0_000002.tmp saved as .dta format

. restore

. 
. merge m:1 program using "`policy_labels.dta'", keep(3)

    Result                      Number of obs
    -----------------------------------------
    Not matched                             0
    Matched                               100  (_merge==3)
    -----------------------------------------

. drop if program == "cafe_dk"
(1 observation deleted)

. drop if broad_category == "Regulation"
(3 observations deleted)

. assert _N == 96

. 
. missings dropvars, force

Checking missings in program MVPF MVPF_no_cc WTP WTP_cc admin_cost beh_fisc_ext c_savings cost cost_curve cost_mvpf cost_wtp env_cost_wtp
    env_cost_wtp_g env_cost_wtp_l enviro_mvpf enviro_wtp ev_sub_c ev_sub_c_row ev_sub_c_us ev_sub_cost ev_sub_env fed_fisc_ext
    firm_cost_wtp firm_mvpf fisc_ext_lr fisc_ext_s fisc_ext_t fiscalext gas_corp_fisc_e gas_fisc_ext gov_carbon infmarg marginal p_spend
    pass_through permitrev permitrev_ex permitrev_new profits profits_fisc_e program_cost q_CO2 q_CO2_mck q_CO2_mck_no q_CO2_no
    q_carbon_mck resource_ce resource_cost semie state_fisc_ext subsidies taxes total_cost transfer utility_fisc_ext wtp_abatement wtp_batt
    wtp_cons wtp_ctr wtp_deal wtp_e_cost wtp_glob wtp_inf wtp_install wtp_leak wtp_loc wtp_local_w_r wtp_marg wtp_no_ice wtp_no_ice_g
    wtp_no_ice_local wtp_no_leak wtp_permits wtp_private wtp_prod wtp_prod_s wtp_prod_u wtp_r_glob wtp_r_loc wtp_soc wtp_soc_g wtp_soc_l
    wtp_soc_l_dr wtp_soc_l_po wtp_soc_rbd wtp_soc_rbd_g wtp_soc_rbd_l wtp_yes_ev wtp_yes_ev_g wtp_yes_ev_local wtp_yes_hev assumptions
    correlation replications program_label_long program_label_short source year_in_context location broad_category group_label panel_number
    across_group_ordering in_group_ordering extended international regulation table_order no_SE _merge:
96 observations with missing values

note: ev_sub_c ev_sub_c_row ev_sub_c_us ev_sub_cost ev_sub_env fiscalext infmarg marginal permitrev permitrev_ex permitrev_new regulation
dropped

. drop _merge program_label_long

. drop correlation replications

. mvencode _all, mv(0) override
  MVPF_no_cc: 62 missing values recoded
      WTP_cc: 74 missing values recoded
  admin_cost: 93 missing values recoded
beh_fisc_ext: 89 missing values recoded
   c_savings: 58 missing values recoded
  cost_curve: 95 missing values recoded
   cost_mvpf: 74 missing values recoded
    cost_wtp: 54 missing values recoded
env_cost_wtp: 54 missing values recoded
env_cost_w~g: 74 missing values recoded
env_cost_w~l: 74 missing values recoded
 enviro_mvpf: 74 missing values recoded
  enviro_wtp: 95 missing values recoded
fed_fisc_ext: 90 missing values recoded
firm_cost_~p: 90 missing values recoded
   firm_mvpf: 90 missing values recoded
  fisc_ext_s: 16 missing values recoded
  fisc_ext_t: 9 missing values recoded
gas_corp_f~e: 89 missing values recoded
gas_fisc_ext: 89 missing values recoded
  gov_carbon: 22 missing values recoded
     p_spend: 24 missing values recoded
pass_through: 89 missing values recoded
     profits: 95 missing values recoded
profits_fi~e: 92 missing values recoded
       q_CO2: 10 missing values recoded
   q_CO2_mck: 56 missing values recoded
q_CO2_mck_no: 73 missing values recoded
    q_CO2_no: 73 missing values recoded
q_carbon_mck: 23 missing values recoded
 resource_ce: 23 missing values recoded
resource_c~t: 75 missing values recoded
       semie: 46 missing values recoded
state_fisc~t: 91 missing values recoded
   subsidies: 95 missing values recoded
       taxes: 95 missing values recoded
  total_cost: 30 missing values recoded
    transfer: 95 missing values recoded
utility_fi~t: 92 missing values recoded
wtp_abatem~t: 92 missing values recoded
    wtp_batt: 95 missing values recoded
    wtp_cons: 27 missing values recoded
     wtp_ctr: 94 missing values recoded
    wtp_deal: 92 missing values recoded
  wtp_e_cost: 80 missing values recoded
    wtp_glob: 27 missing values recoded
     wtp_inf: 58 missing values recoded
 wtp_install: 90 missing values recoded
    wtp_leak: 94 missing values recoded
     wtp_loc: 29 missing values recoded
wtp_local_~r: 95 missing values recoded
    wtp_marg: 58 missing values recoded
  wtp_no_ice: 89 missing values recoded
wtp_no_ice_g: 89 missing values recoded
wtp_no_ice~l: 89 missing values recoded
 wtp_no_leak: 94 missing values recoded
 wtp_permits: 92 missing values recoded
 wtp_private: 79 missing values recoded
    wtp_prod: 27 missing values recoded
  wtp_prod_s: 64 missing values recoded
  wtp_prod_u: 71 missing values recoded
  wtp_r_glob: 43 missing values recoded
   wtp_r_loc: 44 missing values recoded
     wtp_soc: 19 missing values recoded
   wtp_soc_g: 69 missing values recoded
   wtp_soc_l: 71 missing values recoded
wtp_soc_l_dr: 78 missing values recoded
wtp_soc_l_po: 78 missing values recoded
 wtp_soc_rbd: 71 missing values recoded
wtp_soc_rb~g: 92 missing values recoded
wtp_soc_rb~l: 92 missing values recoded
  wtp_yes_ev: 92 missing values recoded
wtp_yes_ev_g: 92 missing values recoded
wtp_yes_ev~l: 92 missing values recoded
 wtp_yes_hev: 93 missing values recoded
    extended: 72 missing values recoded
internatio~l: 82 missing values recoded
       no_SE: 84 missing values recoded

. order program_cost, after(WTP)

. 
. ***********************************************
. * 2. Check that Each Component Sums Correctly *
. ***********************************************
. 
. **** Transfer
. cap gen wtp_install = 0

. cap drop transfer

. gen transfer = wtp_cons + wtp_deal + wtp_install

. drop wtp_cons wtp_deal wtp_install

. replace transfer = wtp_inf + wtp_marg if (inlist(group_label, "Weatherization", "Appliance Rebates", "Other Nudges", "Vehicle Retirement"
> ) & ///
>                                                                                  program != "care" & program != "solarize" & program != "
> her_compiled" & program != "cw_datta" & program != "dw_datta" & ///
>                                                                                  program != "fridge_datta" & program != "wisc_rf") | inli
> st(program, "ca_electric", "cookstoves", "mx_deforest", "ug_deforest")
(19 real changes made)

. replace transfer = wtp_inf + wtp_marg + wtp_ctr if inlist(program, "ihwap_hb", "ihwap_lb")
(2 real changes made)

. drop wtp_inf wtp_marg wtp_private

. cap gen wtp_abatement = 0

. cap gen wtp_permits = 0

. replace transfer = wtp_abatement + wtp_permits if group_label == "Cap and Trade"
(4 real changes made)

. drop wtp_abatement wtp_permits

. replace transfer = wtp_prod if group_label == "Wind Production Credits" | inlist(program, "rao_crude", "bmm_crude", "india_offset")
(12 real changes made)

. replace transfer = 1 if program == "sallee_hy"
(0 real changes made)

. 
. **** Global and Local Enviro
. assert round(wtp_no_ice, 0.0001) == round(wtp_no_ice_g + wtp_no_ice_local, 0.0001)

. assert round(wtp_yes_ev, 0.0001) == round(wtp_yes_ev_local + wtp_yes_ev_g, 0.0001) if group_label == "Electric Vehicles"

. assert round(wtp_loc, 0.0001) == round(wtp_yes_ev_local + wtp_no_ice_local, 0.0001) if group_label == "Electric Vehicles"

. 
. drop wtp_no_ice_g wtp_no_ice_local wtp_yes_ev_g wtp_yes_ev_local

. 
. assert round(wtp_soc, 0.0001) == round(wtp_glob + wtp_loc, 0.0001) if group_label == "Electric Vehicles"

. assert round(wtp_soc, 0.0001) == round(wtp_glob + wtp_loc, 0.0001) if group_label == "Hybrid Vehicles"

. replace wtp_glob = wtp_glob + wtp_e_cost if group_label == "Residential Solar"| program == "solarize"
(7 real changes made)

. replace wtp_glob = (wtp_glob + wtp_e_cost) - wtp_r_glob if group_label == "Wind Production Credits"
(9 real changes made)

. replace wtp_glob = wtp_soc_g if inlist(group_label, "Gasoline Taxes", "Cap and Trade") | inlist(program, "cookstoves", "bmm_crude", "bunk
> er_fuel", "ethanol", "rao_crude")
(27 real changes made)

. replace wtp_loc = wtp_soc_l if inlist(group_label, "Gasoline Taxes", "Cap and Trade") | inlist(program, "cookstoves", "bmm_crude", "bunke
> r_fuel", "ethanol", "rao_crude")
(22 real changes made)

. replace wtp_loc = 0 if wtp_loc == -1.00e-35
(0 real changes made)

. replace wtp_loc = wtp_loc - wtp_r_loc if group_label == "Wind Production Credits"
(9 real changes made)

. 
. cap gen wtp_leak = 0

. cap gen wtp_no_leak = 0

. drop wtp_yes_ev wtp_yes_hev wtp_no_ice wtp_soc wtp_e_cost wtp_soc_g wtp_soc_l wtp_leak wtp_no_leak 

. 
. **** Rebound
. replace wtp_soc_rbd = 0 if wtp_soc_rbd == 1.00e-11
(1 real change made)

. replace wtp_soc_rbd_l = 0 if wtp_soc_rbd_l == 1.00e-20 | program == "rggi"
(0 real changes made)

. replace wtp_soc_rbd_g = 0 if wtp_soc_rbd_g == 1.00e-20 | program == "rggi"
(0 real changes made)

. assert round(wtp_soc_rbd, 0.0001) == round(wtp_soc_rbd_g + wtp_soc_rbd_l, 0.0001) if wtp_soc_rbd_g != 0 & wtp_soc_rbd_l != 0

. replace wtp_r_loc = wtp_soc_rbd_l if wtp_soc_rbd_l != 0 & wtp_r_loc == 0
(4 real changes made)

. replace wtp_r_glob = wtp_soc_rbd_g if wtp_soc_rbd_g != 0  & wtp_r_glob == 0
(4 real changes made)

. drop wtp_soc_rbd_l wtp_soc_rbd_g

. replace wtp_soc_rbd = wtp_r_glob + wtp_r_loc if wtp_soc_rbd == 0 & wtp_r_glob != 0 & wtp_r_loc != 0
(24 real changes made)

. replace wtp_soc_rbd = wtp_r_glob if inlist(program, "care", "opower_ng", "rebate_es", "es_incent", "ac_mex", "fridge_mex", "nudge_ger", "
> nudge_qatar", "wap_mexico") | inlist(program, "india_offset")
(9 real changes made)

. replace wtp_soc_rbd = -wtp_soc_rbd if program == "wisc_rf"
(1 real change made)

. 
. 
. **** Dynamic Price and Dynamic Enviro
. replace env_cost_wtp = 0 if env_cost_wtp == -1.00e-17
(0 real changes made)

. replace cost_wtp = 0 if cost_wtp == -1.00e-17
(0 real changes made)

. 
. assert round(env_cost_wtp, 0.0001) == round(env_cost_wtp_g + env_cost_wtp_l, 0.0001) if env_cost_wtp_l != 0 & env_cost_wtp_g != 0 & group
> _label != "Gasoline Tax"

. 
. drop cost_mvpf enviro_mvpf firm_mvpf

. 
. **** Producers
. gen producers = firm_cost_wtp + wtp_prod_s + wtp_prod_u

. replace producers = wtp_prod if inlist(group_label, "Residential Solar", "Appliance Rebates", "Weatherization", "Other Nudges", "Home Ene
> rgy Reports") | program == "care" | program == "ca_electric"
(31 real changes made)

. replace producers = wtp_prod if inlist(program, "jet_fuel", "CPP_aj", "CPP_pj", "PER", "baaqmd", "ca_electric")
(2 real changes made)

. replace producers = -wtp_prod if program == "wisc_rf"
(1 real change made)

. drop wtp_prod_s wtp_prod_u wtp_prod

. 
. **** Fiscal Externalities
. replace fisc_ext_s = beh_fisc_ext + fed_fisc_ext + state_fisc_ext if group_label == "Electric Vehicles" | group_label == "Hybrid Vehicles
> "
(4 real changes made)

. replace fisc_ext_t = gas_corp_fisc_e + gas_fisc_ext + utility_fisc_ext if group_label == "Electric Vehicles" | group_label == "Hybrid Veh
> icles"
(7 real changes made)

. 
. gen fisc_ext_sr = fisc_ext_s + fisc_ext_t

. drop fisc_ext_s fisc_ext_t

. 
. drop beh_fisc_ext fed_fisc_ext state_fisc_ext gas_corp_fisc_e gas_fisc_ext utility_fisc_ext

. 
. **** Total WTP
. gen WTP_no_cc = WTP

. replace WTP = WTP_cc if WTP_cc != 0
(22 real changes made)

. 
. **** Total Cost
. assert total_cost == cost if total_cost != 0

. drop total_cost

. 
. 
. **** Normalization Factor
. gen normalization = program_cost // for normalizing all the factors such that program_cost (without admin cost) is 1

. gen prog_cost_no_normal = program_cost

. 
. local components transfer wtp_loc wtp_glob wtp_soc_rbd env_cost_wtp cost_wtp producers WTP program_cost fisc_ext_sr fisc_ext_lr cost wtp_
> r_loc wtp_r_glob WTP_no_cc WTP_cc env_cost_wtp_g c_savings

. foreach comp of local components{
  2.     replace `comp' = `comp' / normalization
  3. }
(53 real changes made)
(41 real changes made)
(63 real changes made)
(45 real changes made)
(15 real changes made)
(15 real changes made)
(33 real changes made)
(63 real changes made)
(63 real changes made)
(48 real changes made)
(63 real changes made)
(63 real changes made)
(35 real changes made)
(45 real changes made)
(63 real changes made)
(15 real changes made)
(15 real changes made)
(3 real changes made)

. 
. 
. if "`savings'" == "yes"{
.     assert round(WTP, 0.001) == round(transfer + c_savings + wtp_loc + wtp_glob + wtp_soc_rbd + env_cost_wtp + cost_wtp + producers, 0.00
> 1)
. }

. else{
.     assert round(WTP, 0.001) == round(transfer + wtp_loc + wtp_glob + wtp_soc_rbd + env_cost_wtp + cost_wtp + producers, 0.001)
. }

. 
. assert round(cost, 0.001) == round(program_cost + fisc_ext_sr + fisc_ext_lr, 0.001) if program != "bev_state_i" // see if this is fixed a
> fter the latest big run

. assert round(MVPF, 0.001) == round(WTP / cost, 0.001) if (MVPF != 99999 & MVPF != -99999)

. 
. 
. *********************************
. * 3. Calculate Category Average *
. *********************************
. preserve

. 
.         tempfile all_policy_save

.         save "`all_policy_save'", replace
(file C:\Users\bcchen\AppData\Local\Temp\ST_8eb0_000004.tmp not found)
file C:\Users\bcchen\AppData\Local\Temp\ST_8eb0_000004.tmp saved as .dta format

.         
.         drop if extended == 1 & group_label != "International Nudges"
(22 observations deleted)

.         assert WTP_cc == WTP if WTP_cc != 0

.         sort table_order

.                 
.         if "`savings'" == "no" {
.                 collapse (mean) WTP program_cost cost env_cost_wtp cost_wtp producers fisc_ext_lr wtp_glob wtp_loc wtp_soc_rbd fisc_ext_s
> r transfer table_order, by(group_label)
.         }       

.         
.         if "`savings'" == "yes" {
.                 collapse (mean) WTP program_cost cost env_cost_wtp cost_wtp producers fisc_ext_lr wtp_glob wtp_loc wtp_soc_rbd fisc_ext_s
> r transfer c_savings table_order, by(group_label)
.         }

. 
.         gen MVPF = WTP / cost

.         replace table_order = .
(20 real changes made, 20 to missing)

.         tempfile category_averages

.         save "`category_averages'", replace             
(file C:\Users\bcchen\AppData\Local\Temp\ST_8eb0_000005.tmp not found)
file C:\Users\bcchen\AppData\Local\Temp\ST_8eb0_000005.tmp saved as .dta format

.                                 
. restore

. 
. **************************
. * 4. Organize Components *
. **************************
. keep program_label_short group_label MVPF WTP program_cost cost env_cost_wtp cost_wtp producers fisc_ext_lr wtp_glob wtp_loc wtp_soc_rbd 
> fisc_ext_sr transfer table_order extended c_savings across_group_ordering

. sort table_order

.         
. if "`savings'" == "no"{
.         drop c_savings
.         order program_label_short transfer wtp_glob wtp_loc wtp_soc_rbd env_cost_wtp cost_wtp producers WTP program_cost fisc_ext_sr fisc
> _ext_lr cost MVPF
. 
. }       

. else {
.         order program_label_short transfer wtp_glob wtp_loc wtp_soc_rbd env_cost_wtp cost_wtp producers WTP program_cost fisc_ext_sr fisc
> _ext_lr cost MVPF c_savings
. }

. 
. replace program_label_short = program_label_short + " " + "*" if extended == 1
(24 real changes made)

. drop extended

. order table_order

. 
. // Deal with Ordering of Revenue Raisers
. replace across_group_ordering = 11 if group_label == "Gasoline Taxes"
(18 real changes made)

. replace across_group_ordering = 12 if group_label == "Other Fuel Taxes"
(0 real changes made)

. replace across_group_ordering = 13 if group_label == "Other Revenue Raisers"
(3 real changes made)

. replace across_group_ordering = 14 if group_label == "Cap and Trade"    
(0 real changes made)

. 
. replace table_order = table_order + across_group_ordering
variable table_order was byte now int
(96 real changes made)

. 
. 
. // Bring in Category Averages
. append using "`category_averages'"
(variable table_order was int, now float to accommodate using data's values)

. 
. levelsof(group_label), local(group_loop)
`"Appliance Rebates"' `"Cap and Trade"' `"Cookstoves"' `"Deforestation"' `"Electric Vehicles"' `"Gasoline Taxes"' `"Home Energy Reports"' `
> "Hybrid Vehicles"' `"International Nudges"' `"International Rebates"' `"Other Fuel Taxes"' `"Other Nudges"' `"Other Revenue Raisers"' `"O
> ther Subsidies"' `"Residential Solar"' `"Rice Burning"' `"Vehicle Retirement"' `"Weatherization"' `"Wind Offset"' `"Wind Production Credi
> ts"'

. foreach g of local group_loop {
  2.         
.         sum table_order if group_label == "`g'"
  3.         replace table_order = (r(min) - 1) if group_label == "`g'" & program_label_short == "" 
  4.         replace program_label_short = "`g'" if group_label == "`g'" & program_label_short == ""
  5.                         
. }

    Variable |        Obs        Mean    Std. dev.       Min        Max
-------------+---------------------------------------------------------
 table_order |          8        27.5     2.44949         24         31
(1 real change made)
(1 real change made)

    Variable |        Obs        Mean    Std. dev.       Min        Max
-------------+---------------------------------------------------------
 table_order |          4        94.5    1.290994         93         96
(1 real change made)
(1 real change made)

    Variable |        Obs        Mean    Std. dev.       Min        Max
-------------+---------------------------------------------------------
 table_order |          2        98.5    .7071068         98         99
(1 real change made)
(1 real change made)

    Variable |        Obs        Mean    Std. dev.       Min        Max
-------------+---------------------------------------------------------
 table_order |          4       102.5    1.290994        101        104
(1 real change made)
(1 real change made)

    Variable |        Obs        Mean    Std. dev.       Min        Max
-------------+---------------------------------------------------------
 table_order |          4        20.5    1.290994         19         22
(1 real change made)
(1 real change made)

    Variable |        Obs        Mean    Std. dev.       Min        Max
-------------+---------------------------------------------------------
 table_order |         18        71.5    5.338539         63         80
(1 real change made)
(1 real change made)

    Variable |        Obs        Mean    Std. dev.       Min        Max
-------------+---------------------------------------------------------
 table_order |          4        51.5    1.290994         50         53
(1 real change made)
(1 real change made)

    Variable |        Obs        Mean    Std. dev.       Min        Max
-------------+---------------------------------------------------------
 table_order |          3          38           1         37         39
(1 real change made)
(1 real change made)

    Variable |        Obs        Mean    Std. dev.       Min        Max
-------------+---------------------------------------------------------
 table_order |          2       115.5    .7071068        115        116
(1 real change made)
(1 real change made)

    Variable |        Obs        Mean    Std. dev.       Min        Max
-------------+---------------------------------------------------------
 table_order |          3         112           1        111        113
(1 real change made)
(1 real change made)

    Variable |        Obs        Mean    Std. dev.       Min        Max
-------------+---------------------------------------------------------
 table_order |          6        84.5    1.870829         82         87
(1 real change made)
(1 real change made)

    Variable |        Obs        Mean    Std. dev.       Min        Max
-------------+---------------------------------------------------------
 table_order |          7          58    2.160247         55         61
(1 real change made)
(1 real change made)

    Variable |        Obs        Mean    Std. dev.       Min        Max
-------------+---------------------------------------------------------
 table_order |          3          90           1         89         91
(1 real change made)
(1 real change made)

    Variable |        Obs        Mean    Std. dev.       Min        Max
-------------+---------------------------------------------------------
 table_order |          2        47.5    .7071068         47         48
(1 real change made)
(1 real change made)

    Variable |        Obs        Mean    Std. dev.       Min        Max
-------------+---------------------------------------------------------
 table_order |          6        14.5    1.870829         12         17
(1 real change made)
(1 real change made)

    Variable |        Obs        Mean    Std. dev.       Min        Max
-------------+---------------------------------------------------------
 table_order |          2       106.5    .7071068        106        107
(1 real change made)
(1 real change made)

    Variable |        Obs        Mean    Std. dev.       Min        Max
-------------+---------------------------------------------------------
 table_order |          3          34           1         33         35
(1 real change made)
(1 real change made)

    Variable |        Obs        Mean    Std. dev.       Min        Max
-------------+---------------------------------------------------------
 table_order |          5          43    1.581139         41         45
(1 real change made)
(1 real change made)

    Variable |        Obs        Mean    Std. dev.       Min        Max
-------------+---------------------------------------------------------
 table_order |          1         109           .        109        109
(1 real change made)
(1 real change made)

    Variable |        Obs        Mean    Std. dev.       Min        Max
-------------+---------------------------------------------------------
 table_order |          9           6    2.738613          2         10
(1 real change made)
(1 real change made)

. sort table_order        

.         
.         
. **********************
. * 5. Export to Excel *
. **********************
. preserve 

. 
.         drop table_order across_group_ordering group_label

. 
.         if "`export_excel_toggle'" == "yes" {
. 
.                 if "`savings'" == "yes" {
.                         copy "${output_tab}/tables_templates/TEMPLATE_Savings.xlsx" "`output_path'/`table_name'.xlsx", replace  
.                 }
. 
.                 if "`savings'" == "no" {
.                         
.                         if "`with_international'" == "yes" {
.                                 copy "${output_tab}/tables_templates/TEMPLATE.xlsx" "`output_path'/`table_name'.xlsx", replace  
(file C:/Users/bcchen/Documents/GitHub/mvpf-climate/data/6_tables/tables_appendix/Table1_scc193_app.xlsx not found)
.                         }
.                         if "`with_international'" == "no" {
.                                 copy "${output_tab}/tables_templates/TEMPLATE_No_International.xlsx" "`output_path'/`table_name'.xlsx", r
> eplace 
.                         }
.                         
.                 }       
. 
.                 export excel "`output_path'/`table_name'.xlsx", first(var) sheet("data_export", replace) keepcellfmt    
file C:/Users/bcchen/Documents/GitHub/mvpf-climate/data/6_tables/tables_appendix/Table1_scc193_app.xlsx saved
.                 
.         }

. 
. restore 

. 
end of do-file

. 
end of do-file

. do "C:\Users\bcchen\AppData\Local\Temp\STD8eb0_00000p.tmp"

. do "${github}/figtab/excel_MVPF_tables_condensed.do" "full_current
> _193" "Table1_scc193_main" "no" "yes"

. *****************************************************************
. *             Export Final Datasets to Excel                    *
. *****************************************************************
. 
. *****************************************************
. * 0.             Get Dataset Names                  *
. *****************************************************
. 
. local selected_data_stub                `1'

. local pattern_suffix = "`selected_data_stub'"

. di in yellow "Looking for folders ending with pattern: `pattern_su
> ffix'"
Looking for folders ending with pattern: full_current_193

. * Find all folders in the results directory that end with the patt
> ern
. local results_dir = "${code_files}/4_results"

. local folder_list = ""

. local folder_dates = ""

. * Get list of all subdirectories
. qui local folders : dir "`results_dir'" dirs "*"

. * Filter folders that end with our pattern and extract timestamps
. foreach folder of local folders {
  2.     if regexm("`folder'", "^([0-9]{4}-[0-9]{2}-[0-9]{2}_[0-9]{2
> }-[0-9]{2}-[0-9]{2})__`pattern_suffix'$") {
  3.         local timestamp = regexs(1)
  4.         local folder_list = "`folder_list' `folder'"
  5.         local folder_dates = "`folder_dates' `timestamp'"
  6.         di in green "Found matching folder: `folder' (timestamp
> : `timestamp')"
  7.     }
  8. }
Found matching folder: 2025-09-25_13-45-54__full_current_193 (timest
> amp: 2025-09-25_13-45-54)
Found matching folder: 2025-10-21_01-03-46__full_current_193 (timest
> amp: 2025-10-21_01-03-46)

. * If no matching folders found, display error and exit
. if "`folder_list'" == "" {
.     di as error "`pattern_suffix' folder has not been created, ple
> ase run the masterfile first to create this folder"
.     exit 601
. }

. else {
.     * Find the most recent folder by comparing timestamps
.     local most_recent_folder = ""
.     local most_recent_timestamp = ""
.     local folder_count : word count `folder_list'
.     local date_count : word count `folder_dates'
.     forvalues i = 1/`folder_count' {
  2.         local current_folder : word `i' of `folder_list'
  3.         local current_timestamp : word `i' of `folder_dates'
  4.         * Convert timestamp to comparable format (remove hyphen
> s and underscores)
.         local current_numeric = subinstr(subinstr("`current_timest
> amp'", "-", "", .), "_", "", .)
  5.         if "`most_recent_timestamp'" == "" {
  6.             local most_recent_folder = "`current_folder'"
  7.             local most_recent_timestamp = "`current_numeric'"
  8.         }
  9.         else {
 10.             local most_recent_numeric = subinstr(subinstr("`mos
> t_recent_timestamp'", "-", "", .), "_", "", .)
 11.             if `current_numeric' > `most_recent_numeric' {
 12.                 local most_recent_folder = "`current_folder'"
 13.                 local most_recent_timestamp = "`current_numeric
> '"
 14.             }
 15.         }
 16.     }
.     local selected_data_stub = "`most_recent_folder'"
.     di in green "Selected most recent folder: `selected_data_stub'
> "
Selected most recent folder: 2025-10-21_01-03-46__full_current_193
. }

. 
. 
. local stub_toggle                                       "`selected
> _data_stub'" 

. 
. local table_name                                        "`2'"

. 
. local savings                                           "`3'"

. 
. local with_international                        "`4'"

. 
. local export_excel_toggle                       yes

. 
. local output_path ${output_tab}/tables_appendix

. 
. if "`2'" == "Table1_scc193_main" {
.         local output_path ${output_tab}/tables_main
. }

. 
. 
. *****************************************************
. * 1. Reshape Datasets and Merge with Policy Details *
. *****************************************************
. use "${code_files}/4_results/`stub_toggle'/compiled_results_all_un
> corrected_vJK", clear

. 
. missings dropvars, force

Checking missings in program component_type component_value
    l_component u_component component_sd component_over_prog_cost
    assumptions correlation replications:
9800 observations with missing values

note: l_component u_component component_sd dropped

. drop component_over_prog_cost 

. cap drop perc_switch

. ren component_value cv

. cap drop assumptions component_sd

.         
. replace cv = cv
(0 real changes made)

. cap drop l_component u_component

.         
. reshape wide cv, i(program) j(component_type) string
(j = MVPF MVPF_no_cc WTP WTP_RoW WTP_USFut WTP_USPres WTP_USTotal WT
> P_cc admin_cost beh_fisc_ext c_savings cost cost_curve cost_mvpf c
> ost_wtp env_cost_wtp env_cost_wtp_g env_cost_wtp_l enviro_mvpf env
> iro_wtp epsilon ev_sub_c ev_sub_c_row ev_sub_c_us ev_sub_cost ev_s
> ub_env fed_fisc_ext firm_cost_wtp firm_mvpf fisc_ext_lr fisc_ext_s
>  fisc_ext_t fiscalext gas_corp_fisc_e gas_fisc_ext gov_carbon infm
> arg marginal p_spend pass_through permitrev permitrev_ex permitrev
> _new profits profits_fisc_e program_cost q_CO2 q_CO2_mck q_CO2_mck
> _no q_CO2_no q_carbon_mck resource_ce resource_cost semie state_fi
> sc_ext subsidies taxes total_cost transfer utility_fisc_ext wind_g
> _wf wind_l_wf wtp_abatement wtp_batt wtp_cons wtp_ctr wtp_deal wtp
> _e_cost wtp_glob wtp_inf wtp_install wtp_leak wtp_loc wtp_local_w_
> r wtp_marg wtp_no_ice wtp_no_ice_g wtp_no_ice_local wtp_no_leak wt
> p_permits wtp_private wtp_prod wtp_prod_s wtp_prod_u wtp_r_glob wt
> p_r_loc wtp_soc wtp_soc_g wtp_soc_l wtp_soc_l_dr wtp_soc_l_po wtp_
> soc_rbd wtp_soc_rbd_g wtp_soc_rbd_l wtp_yes_ev wtp_yes_ev_g wtp_ye
> s_ev_local wtp_yes_hev)

Data                               Long   ->   Wide
--------------------------------------------------------------------
> ---------
Number of observations            9,800   ->   100         
Number of variables                   6   ->   102         
j variable (98 values)   component_type   ->   (dropped)
xij variables:
                                     cv   ->   cvMVPF cvMVPF_no_cc .
> .. cvwtp_yes_hev
--------------------------------------------------------------------
> ---------

. ren cv* *

. drop WTP_RoW WTP_USFut WTP_USPres WTP_USTotal wind_g_wf wind_l_wf 
> epsilon

. 
. preserve

.         import excel "${code_files}/policy_details_v3.xlsx", clear
>  first
(16 vars, 100 obs)

.         tempfile policy_labels

.         save "`policy_labels.dta'", replace
(file C:\Users\bcchen\AppData\Local\Temp\ST_8eb0_000002.tmp not
    found)
file C:\Users\bcchen\AppData\Local\Temp\ST_8eb0_000002.tmp saved
    as .dta format

. restore

. 
. merge m:1 program using "`policy_labels.dta'", keep(3)

    Result                      Number of obs
    -----------------------------------------
    Not matched                             0
    Matched                               100  (_merge==3)
    -----------------------------------------

. drop if program == "cafe_dk"
(1 observation deleted)

. drop if broad_category == "Regulation"
(3 observations deleted)

. drop if extended == 1
(24 observations deleted)

. assert _N == 72

. 
. missings dropvars, force

Checking missings in program MVPF MVPF_no_cc WTP WTP_cc admin_cost
    beh_fisc_ext c_savings cost cost_curve cost_mvpf cost_wtp
    env_cost_wtp env_cost_wtp_g env_cost_wtp_l enviro_mvpf
    enviro_wtp ev_sub_c ev_sub_c_row ev_sub_c_us ev_sub_cost
    ev_sub_env fed_fisc_ext firm_cost_wtp firm_mvpf fisc_ext_lr
    fisc_ext_s fisc_ext_t fiscalext gas_corp_fisc_e gas_fisc_ext
    gov_carbon infmarg marginal p_spend pass_through permitrev
    permitrev_ex permitrev_new profits profits_fisc_e program_cost
    q_CO2 q_CO2_mck q_CO2_mck_no q_CO2_no q_carbon_mck resource_ce
    resource_cost semie state_fisc_ext subsidies taxes total_cost
    transfer utility_fisc_ext wtp_abatement wtp_batt wtp_cons
    wtp_ctr wtp_deal wtp_e_cost wtp_glob wtp_inf wtp_install
    wtp_leak wtp_loc wtp_local_w_r wtp_marg wtp_no_ice wtp_no_ice_g
    wtp_no_ice_local wtp_no_leak wtp_permits wtp_private wtp_prod
    wtp_prod_s wtp_prod_u wtp_r_glob wtp_r_loc wtp_soc wtp_soc_g
    wtp_soc_l wtp_soc_l_dr wtp_soc_l_po wtp_soc_rbd wtp_soc_rbd_g
    wtp_soc_rbd_l wtp_yes_ev wtp_yes_ev_g wtp_yes_ev_local
    wtp_yes_hev assumptions correlation replications
    program_label_long program_label_short source year_in_context
    location broad_category group_label panel_number
    across_group_ordering in_group_ordering extended international
    regulation table_order no_SE _merge:
72 observations with missing values

note: ev_sub_c ev_sub_c_row ev_sub_c_us ev_sub_cost ev_sub_env
fiscalext infmarg marginal permitrev permitrev_ex permitrev_new
extended regulation dropped

. drop _merge program_label_long

. drop correlation replications

. mvencode _all, mv(0) override
  MVPF_no_cc: 51 missing values recoded
      WTP_cc: 58 missing values recoded
  admin_cost: 69 missing values recoded
beh_fisc_ext: 66 missing values recoded
   c_savings: 36 missing values recoded
  cost_curve: 71 missing values recoded
   cost_mvpf: 58 missing values recoded
    cost_wtp: 45 missing values recoded
env_cost_wtp: 45 missing values recoded
env_cost_w~g: 58 missing values recoded
env_cost_w~l: 58 missing values recoded
 enviro_mvpf: 58 missing values recoded
  enviro_wtp: 71 missing values recoded
fed_fisc_ext: 67 missing values recoded
firm_cost_~p: 67 missing values recoded
   firm_mvpf: 67 missing values recoded
  fisc_ext_s: 12 missing values recoded
  fisc_ext_t: 7 missing values recoded
gas_corp_f~e: 66 missing values recoded
gas_fisc_ext: 66 missing values recoded
  gov_carbon: 13 missing values recoded
     p_spend: 17 missing values recoded
pass_through: 66 missing values recoded
     profits: 71 missing values recoded
profits_fi~e: 69 missing values recoded
       q_CO2: 5 missing values recoded
   q_CO2_mck: 47 missing values recoded
q_CO2_mck_no: 57 missing values recoded
    q_CO2_no: 57 missing values recoded
q_carbon_mck: 13 missing values recoded
 resource_ce: 13 missing values recoded
resource_c~t: 59 missing values recoded
       semie: 37 missing values recoded
state_fisc~t: 68 missing values recoded
   subsidies: 71 missing values recoded
       taxes: 71 missing values recoded
  total_cost: 22 missing values recoded
    transfer: 71 missing values recoded
utility_fi~t: 69 missing values recoded
wtp_abatem~t: 70 missing values recoded
    wtp_batt: 71 missing values recoded
    wtp_cons: 22 missing values recoded
     wtp_ctr: 70 missing values recoded
    wtp_deal: 69 missing values recoded
  wtp_e_cost: 63 missing values recoded
    wtp_glob: 15 missing values recoded
     wtp_inf: 38 missing values recoded
 wtp_install: 67 missing values recoded
    wtp_leak: 70 missing values recoded
     wtp_loc: 16 missing values recoded
wtp_local_~r: 71 missing values recoded
    wtp_marg: 38 missing values recoded
  wtp_no_ice: 66 missing values recoded
wtp_no_ice_g: 66 missing values recoded
wtp_no_ice~l: 66 missing values recoded
 wtp_no_leak: 70 missing values recoded
 wtp_permits: 70 missing values recoded
 wtp_private: 62 missing values recoded
    wtp_prod: 20 missing values recoded
  wtp_prod_s: 49 missing values recoded
  wtp_prod_u: 56 missing values recoded
  wtp_r_glob: 28 missing values recoded
   wtp_r_loc: 29 missing values recoded
     wtp_soc: 13 missing values recoded
   wtp_soc_g: 57 missing values recoded
   wtp_soc_l: 57 missing values recoded
wtp_soc_l_dr: 60 missing values recoded
wtp_soc_l_po: 60 missing values recoded
 wtp_soc_rbd: 55 missing values recoded
wtp_soc_rb~g: 69 missing values recoded
wtp_soc_rb~l: 69 missing values recoded
  wtp_yes_ev: 69 missing values recoded
wtp_yes_ev_g: 69 missing values recoded
wtp_yes_ev~l: 69 missing values recoded
 wtp_yes_hev: 69 missing values recoded
internatio~l: 61 missing values recoded
       no_SE: 60 missing values recoded

. order program_cost, after(WTP)

. 
. ***********************************************
. * 2. Check that Each Component Sums Correctly *
. ***********************************************
. 
. **** Transfer
. cap gen wtp_install = 0

. cap drop transfer

. gen transfer = wtp_cons + wtp_deal + wtp_install

. drop wtp_cons wtp_deal wtp_install

. replace transfer = wtp_inf + wtp_marg if (inlist(group_label, "Wea
> therization", "Appliance Rebates", "Other Nudges", "Vehicle Retire
> ment") & ///
>                                                                   
>                program != "care" & program != "solarize" & program
>  != "her_compiled" & program != "cw_datta" & program != "dw_datta"
>  & ///
>                                                                   
>                program != "fridge_datta" & program != "wisc_rf") |
>  inlist(program, "ca_electric", "cookstoves", "mx_deforest", "ug_d
> eforest")
(18 real changes made)

. replace transfer = wtp_inf + wtp_marg + wtp_ctr if inlist(program,
>  "ihwap_hb", "ihwap_lb")
(2 real changes made)

. drop wtp_inf wtp_marg wtp_private

. cap gen wtp_abatement = 0

. cap gen wtp_permits = 0

. replace transfer = wtp_abatement + wtp_permits if group_label == "
> Cap and Trade"
(2 real changes made)

. drop wtp_abatement wtp_permits

. replace transfer = wtp_prod if group_label == "Wind Production Cre
> dits" | inlist(program, "rao_crude", "bmm_crude", "india_offset")
(4 real changes made)

. replace transfer = 1 if program == "sallee_hy"
(0 real changes made)

. 
. **** Global and Local Enviro
. assert round(wtp_no_ice, 0.0001) == round(wtp_no_ice_g + wtp_no_ic
> e_local, 0.0001)

. assert round(wtp_yes_ev, 0.0001) == round(wtp_yes_ev_local + wtp_y
> es_ev_g, 0.0001) if group_label == "Electric Vehicles"

. assert round(wtp_loc, 0.0001) == round(wtp_yes_ev_local + wtp_no_i
> ce_local, 0.0001) if group_label == "Electric Vehicles"

. 
. drop wtp_no_ice_g wtp_no_ice_local wtp_yes_ev_g wtp_yes_ev_local

. 
. assert round(wtp_soc, 0.0001) == round(wtp_glob + wtp_loc, 0.0001)
>  if group_label == "Electric Vehicles"

. assert round(wtp_soc, 0.0001) == round(wtp_glob + wtp_loc, 0.0001)
>  if group_label == "Hybrid Vehicles"

. replace wtp_glob = wtp_glob + wtp_e_cost if group_label == "Reside
> ntial Solar"| program == "solarize"
(6 real changes made)

. replace wtp_glob = (wtp_glob + wtp_e_cost) - wtp_r_glob if group_l
> abel == "Wind Production Credits"
(3 real changes made)

. replace wtp_glob = wtp_soc_g if inlist(group_label, "Gasoline Taxe
> s", "Cap and Trade") | inlist(program, "cookstoves", "bmm_crude", 
> "bunker_fuel", "ethanol", "rao_crude")
(15 real changes made)

. replace wtp_loc = wtp_soc_l if inlist(group_label, "Gasoline Taxes
> ", "Cap and Trade") | inlist(program, "cookstoves", "bmm_crude", "
> bunker_fuel", "ethanol", "rao_crude")
(14 real changes made)

. replace wtp_loc = 0 if wtp_loc == -1.00e-35
(0 real changes made)

. replace wtp_loc = wtp_loc - wtp_r_loc if group_label == "Wind Prod
> uction Credits"
(3 real changes made)

. 
. cap gen wtp_leak = 0

. cap gen wtp_no_leak = 0

. drop wtp_yes_ev wtp_yes_hev wtp_no_ice wtp_soc wtp_e_cost wtp_soc_
> g wtp_soc_l wtp_leak wtp_no_leak 

. 
. **** Rebound
. replace wtp_soc_rbd = 0 if wtp_soc_rbd == 1.00e-11
(1 real change made)

. replace wtp_soc_rbd_l = 0 if wtp_soc_rbd_l == 1.00e-20 | program =
> = "rggi"
(0 real changes made)

. replace wtp_soc_rbd_g = 0 if wtp_soc_rbd_g == 1.00e-20 | program =
> = "rggi"
(0 real changes made)

. assert round(wtp_soc_rbd, 0.0001) == round(wtp_soc_rbd_g + wtp_soc
> _rbd_l, 0.0001) if wtp_soc_rbd_g != 0 & wtp_soc_rbd_l != 0

. replace wtp_r_loc = wtp_soc_rbd_l if wtp_soc_rbd_l != 0 & wtp_r_lo
> c == 0
(3 real changes made)

. replace wtp_r_glob = wtp_soc_rbd_g if wtp_soc_rbd_g != 0  & wtp_r_
> glob == 0
(3 real changes made)

. drop wtp_soc_rbd_l wtp_soc_rbd_g

. replace wtp_soc_rbd = wtp_r_glob + wtp_r_loc if wtp_soc_rbd == 0 &
>  wtp_r_glob != 0 & wtp_r_loc != 0
(23 real changes made)

. replace wtp_soc_rbd = wtp_r_glob if inlist(program, "care", "opowe
> r_ng", "rebate_es", "es_incent", "ac_mex", "fridge_mex", "nudge_ge
> r", "nudge_qatar", "wap_mexico") | inlist(program, "india_offset")
(7 real changes made)

. replace wtp_soc_rbd = -wtp_soc_rbd if program == "wisc_rf"
(1 real change made)

. 
. 
. **** Dynamic Price and Dynamic Enviro
. replace env_cost_wtp = 0 if env_cost_wtp == -1.00e-17
(0 real changes made)

. replace cost_wtp = 0 if cost_wtp == -1.00e-17
(0 real changes made)

. 
. assert round(env_cost_wtp, 0.0001) == round(env_cost_wtp_g + env_c
> ost_wtp_l, 0.0001) if env_cost_wtp_l != 0 & env_cost_wtp_g != 0 & 
> group_label != "Gasoline Tax"

. 
. drop cost_mvpf enviro_mvpf firm_mvpf

. 
. **** Producers
. gen producers = firm_cost_wtp + wtp_prod_s + wtp_prod_u

. replace producers = wtp_prod if inlist(group_label, "Residential S
> olar", "Appliance Rebates", "Weatherization", "Other Nudges", "Hom
> e Energy Reports") | program == "care" | program == "ca_electric"
(30 real changes made)

. replace producers = wtp_prod if inlist(program, "jet_fuel", "CPP_a
> j", "CPP_pj", "PER", "baaqmd", "ca_electric")
(2 real changes made)

. replace producers = -wtp_prod if program == "wisc_rf"
(1 real change made)

. drop wtp_prod_s wtp_prod_u wtp_prod

. 
. **** Fiscal Externalities
. replace fisc_ext_s = beh_fisc_ext + fed_fisc_ext + state_fisc_ext 
> if group_label == "Electric Vehicles" | group_label == "Hybrid Veh
> icles"
(3 real changes made)

. replace fisc_ext_t = gas_corp_fisc_e + gas_fisc_ext + utility_fisc
> _ext if group_label == "Electric Vehicles" | group_label == "Hybri
> d Vehicles"
(6 real changes made)

. 
. gen fisc_ext_sr = fisc_ext_s + fisc_ext_t

. drop fisc_ext_s fisc_ext_t

. 
. drop beh_fisc_ext fed_fisc_ext state_fisc_ext gas_corp_fisc_e gas_
> fisc_ext utility_fisc_ext

. 
. **** Total WTP
. gen WTP_no_cc = WTP

. replace WTP = WTP_cc if WTP_cc != 0
(14 real changes made)

. 
. **** Total Cost
. assert total_cost == cost if total_cost != 0

. drop total_cost

. 
. 
. **** Normalization Factor
. gen normalization = program_cost // for normalizing all the factor
> s such that program_cost (without admin cost) is 1

. gen prog_cost_no_normal = program_cost

. 
. local components transfer wtp_loc wtp_glob wtp_soc_rbd env_cost_wt
> p cost_wtp producers WTP program_cost fisc_ext_sr fisc_ext_lr cost
>  wtp_r_loc wtp_r_glob WTP_no_cc WTP_cc env_cost_wtp_g c_savings

. foreach comp of local components{
  2.     replace `comp' = `comp' / normalization
  3. }
(42 real changes made)
(34 real changes made)
(49 real changes made)
(36 real changes made)
(8 real changes made)
(8 real changes made)
(32 real changes made)
(49 real changes made)
(49 real changes made)
(38 real changes made)
(49 real changes made)
(49 real changes made)
(28 real changes made)
(36 real changes made)
(49 real changes made)
(8 real changes made)
(8 real changes made)
(3 real changes made)

. 
. 
. if "`savings'" == "yes"{
.     assert round(WTP, 0.001) == round(transfer + c_savings + wtp_l
> oc + wtp_glob + wtp_soc_rbd + env_cost_wtp + cost_wtp + producers,
>  0.001)
. }

. else{
.     assert round(WTP, 0.001) == round(transfer + wtp_loc + wtp_glo
> b + wtp_soc_rbd + env_cost_wtp + cost_wtp + producers, 0.001)
. }

. 
. assert round(cost, 0.001) == round(program_cost + fisc_ext_sr + fi
> sc_ext_lr, 0.001) if program != "bev_state_i" // see if this is fi
> xed after the latest big run

. assert round(MVPF, 0.001) == round(WTP / cost, 0.001) if (MVPF != 
> 99999 & MVPF != -99999)

. 
. **** Combine Environmental Benefits
. gen wtp_env = wtp_glob + wtp_loc + wtp_soc_rbd

. 
. **** Combine Fiscal Externalities
. 
. gen fisc_tot = fisc_ext_sr + fisc_ext_lr

. 
. *********************************
. * 3. Calculate Category Average *
. *********************************
. preserve

. 
.         tempfile all_policy_save

.         save "`all_policy_save'", replace
(file C:\Users\bcchen\AppData\Local\Temp\ST_8eb0_000004.tmp not
    found)
file C:\Users\bcchen\AppData\Local\Temp\ST_8eb0_000004.tmp saved
    as .dta format

.         
.         assert WTP_cc == WTP if WTP_cc != 0

.         sort table_order

.                 
.         if "`savings'" == "no" {
.                 collapse (mean) WTP program_cost cost env_cost_wtp
>  cost_wtp producers wtp_env fisc_tot transfer table_order, by(grou
> p_label)
.         }       

.         
.         if "`savings'" == "yes" {
.                 collapse (mean) WTP program_cost cost env_cost_wtp
>  cost_wtp producers wtp_env fisc_tot transfer c_savings table_orde
> r, by(group_label)
.         }

. 
.         gen MVPF = WTP / cost

.         replace table_order = .
(19 real changes made, 19 to missing)

.         tempfile category_averages

.         save "`category_averages'", replace             
(file C:\Users\bcchen\AppData\Local\Temp\ST_8eb0_000005.tmp not
    found)
file C:\Users\bcchen\AppData\Local\Temp\ST_8eb0_000005.tmp saved
    as .dta format

.                                 
. restore

. 
. **************************
. * 4. Organize Components *
. **************************
. keep program_label_short group_label MVPF WTP cost env_cost_wtp co
> st_wtp producers wtp_env fisc_tot transfer table_order c_savings a
> cross_group_ordering

. sort table_order

.         
. if "`savings'" == "no"{
.         drop c_savings
.         order program_label_short transfer wtp_env env_cost_wtp co
> st_wtp producers WTP fisc_tot cost MVPF
. 
. }       

. else {
.         order program_label_short transfer wtp_env env_cost_wtp co
> st_wtp producers WTP fisc_tot cost MVPF c_savings
. }

. 
. order table_order

. 
. // Deal with Ordering of Revenue Raisers
. replace across_group_ordering = 11 if group_label == "Gasoline Tax
> es"
(12 real changes made)

. replace across_group_ordering = 12 if group_label == "Other Fuel T
> axes"
(0 real changes made)

. replace across_group_ordering = 13 if group_label == "Other Revenu
> e Raisers"
(3 real changes made)

. replace across_group_ordering = 14 if group_label == "Cap and Trad
> e"    
(0 real changes made)

. 
. replace table_order = table_order + across_group_ordering
variable table_order was byte now int
(72 real changes made)

. 
. 
. // Bring in Category Averages
. append using "`category_averages'"
(variable table_order was int, now float to accommodate using
       data's values)

. 
. levelsof(group_label), local(group_loop)
`"Appliance Rebates"' `"Cap and Trade"' `"Cookstoves"' `"Deforestati
> on"' `"Electric Vehicles"' `"Gasoline Taxes"' `"Home Energy Report
> s"' `"Hybrid Vehicles"' `"International Rebates"' `"Other Fuel Tax
> es"' `"Other Nudges"' `"Other Revenue Raisers"' `"Other Subsidies"
> ' `"Residential Solar"' `"Rice Burning"' `"Vehicle Retirement"' `"
> Weatherization"' `"Wind Offset"' `"Wind Production Credits"'

. foreach g of local group_loop {
  2.         
.         sum table_order if group_label == "`g'"
  3.         replace table_order = (r(min) - 1) if group_label == "`
> g'" & program_label_short == "" 
  4.         replace program_label_short = "`g'" if group_label == "
> `g'" & program_label_short == ""
  5.                         
. }

    Variable |        Obs        Mean    Std. dev.       Min        
> Max
-------------+------------------------------------------------------
> ---
 table_order |          8        27.5     2.44949         24        
>  31
(1 real change made)
(1 real change made)

    Variable |        Obs        Mean    Std. dev.       Min        
> Max
-------------+------------------------------------------------------
> ---
 table_order |          2        93.5    .7071068         93        
>  94
(1 real change made)
(1 real change made)

    Variable |        Obs        Mean    Std. dev.       Min        
> Max
-------------+------------------------------------------------------
> ---
 table_order |          2        98.5    .7071068         98        
>  99
(1 real change made)
(1 real change made)

    Variable |        Obs        Mean    Std. dev.       Min        
> Max
-------------+------------------------------------------------------
> ---
 table_order |          3         102           1        101        
> 103
(1 real change made)
(1 real change made)

    Variable |        Obs        Mean    Std. dev.       Min        
> Max
-------------+------------------------------------------------------
> ---
 table_order |          3          20           1         19        
>  21
(1 real change made)
(1 real change made)

    Variable |        Obs        Mean    Std. dev.       Min        
> Max
-------------+------------------------------------------------------
> ---
 table_order |         12        68.5    3.605551         63        
>  74
(1 real change made)
(1 real change made)

    Variable |        Obs        Mean    Std. dev.       Min        
> Max
-------------+------------------------------------------------------
> ---
 table_order |          4        51.5    1.290994         50        
>  53
(1 real change made)
(1 real change made)

    Variable |        Obs        Mean    Std. dev.       Min        
> Max
-------------+------------------------------------------------------
> ---
 table_order |          3          38           1         37        
>  39
(1 real change made)
(1 real change made)

    Variable |        Obs        Mean    Std. dev.       Min        
> Max
-------------+------------------------------------------------------
> ---
 table_order |          3         112           1        111        
> 113
(1 real change made)
(1 real change made)

    Variable |        Obs        Mean    Std. dev.       Min        
> Max
-------------+------------------------------------------------------
> ---
 table_order |          2        82.5    .7071068         82        
>  83
(1 real change made)
(1 real change made)

    Variable |        Obs        Mean    Std. dev.       Min        
> Max
-------------+------------------------------------------------------
> ---
 table_order |          6        57.5    1.870829         55        
>  60
(1 real change made)
(1 real change made)

    Variable |        Obs        Mean    Std. dev.       Min        
> Max
-------------+------------------------------------------------------
> ---
 table_order |          3          90           1         89        
>  91
(1 real change made)
(1 real change made)

    Variable |        Obs        Mean    Std. dev.       Min        
> Max
-------------+------------------------------------------------------
> ---
 table_order |          2        47.5    .7071068         47        
>  48
(1 real change made)
(1 real change made)

    Variable |        Obs        Mean    Std. dev.       Min        
> Max
-------------+------------------------------------------------------
> ---
 table_order |          5          14    1.581139         12        
>  16
(1 real change made)
(1 real change made)

    Variable |        Obs        Mean    Std. dev.       Min        
> Max
-------------+------------------------------------------------------
> ---
 table_order |          2       106.5    .7071068        106        
> 107
(1 real change made)
(1 real change made)

    Variable |        Obs        Mean    Std. dev.       Min        
> Max
-------------+------------------------------------------------------
> ---
 table_order |          3          34           1         33        
>  35
(1 real change made)
(1 real change made)

    Variable |        Obs        Mean    Std. dev.       Min        
> Max
-------------+------------------------------------------------------
> ---
 table_order |          5          43    1.581139         41        
>  45
(1 real change made)
(1 real change made)

    Variable |        Obs        Mean    Std. dev.       Min        
> Max
-------------+------------------------------------------------------
> ---
 table_order |          1         109           .        109        
> 109
(1 real change made)
(1 real change made)

    Variable |        Obs        Mean    Std. dev.       Min        
> Max
-------------+------------------------------------------------------
> ---
 table_order |          3           3           1          2        
>   4
(1 real change made)
(1 real change made)

. sort table_order        

.         
.         
. **********************
. * 5. Export to Excel *
. **********************
. preserve 

. 
.         drop table_order across_group_ordering group_label

. 
.         if "`export_excel_toggle'" == "yes" {
. 
.                 if "`savings'" == "yes" {
.                         copy "${output_tab}/tables_templates/TEMPL
> ATE_Savings.xlsx" "`output_path'/`table_name'.xlsx", replace  
.                 }
. 
.                 if "`savings'" == "no" {
.                         
.                         if "`with_international'" == "yes" {
.                                 copy "${output_tab}/tables_templat
> es/TEMPLATE_condensed.xlsx" "`output_path'/`table_name'.xlsx", rep
> lace        
.                         }
.                         if "`with_international'" == "no" {
.                                 copy "${output_tab}/tables_templat
> es/TEMPLATE_No_International.xlsx" "`output_path'/`table_name'.xls
> x", replace 
.                         }
.                         
.                 }       
. 
.                 export excel "`output_path'/`table_name'.xlsx", fi
> rst(var) sheet("data_export", replace) keepcellfmt    
file C:/Users/bcchen/Documents/GitHub/mvpf-climate/data/6_tables/tab
> les_main/Table1_scc193_main.xlsx saved
.                 
.         }

. 
. restore 

. 
end of do-file

. 
end of do-file

. do "C:\Users\bcchen\AppData\Local\Temp\STD8eb0_00000q.tmp"

. do "${github}/figtab/excel_MVPF_tables_condensed.do" "full_current
> _193" "Table1_scc193_main" "no" "yes"

. *****************************************************************
. *             Export Final Datasets to Excel                    *
. *****************************************************************
. 
. *****************************************************
. * 0.             Get Dataset Names                  *
. *****************************************************
. 
. local selected_data_stub                `1'

. local pattern_suffix = "`selected_data_stub'"

. di in yellow "Looking for folders ending with pattern: `pattern_su
> ffix'"
Looking for folders ending with pattern: full_current_193

. * Find all folders in the results directory that end with the patt
> ern
. local results_dir = "${code_files}/4_results"

. local folder_list = ""

. local folder_dates = ""

. * Get list of all subdirectories
. qui local folders : dir "`results_dir'" dirs "*"

. * Filter folders that end with our pattern and extract timestamps
. foreach folder of local folders {
  2.     if regexm("`folder'", "^([0-9]{4}-[0-9]{2}-[0-9]{2}_[0-9]{2
> }-[0-9]{2}-[0-9]{2})__`pattern_suffix'$") {
  3.         local timestamp = regexs(1)
  4.         local folder_list = "`folder_list' `folder'"
  5.         local folder_dates = "`folder_dates' `timestamp'"
  6.         di in green "Found matching folder: `folder' (timestamp
> : `timestamp')"
  7.     }
  8. }
Found matching folder: 2025-09-25_13-45-54__full_current_193 (timest
> amp: 2025-09-25_13-45-54)
Found matching folder: 2025-10-21_01-03-46__full_current_193 (timest
> amp: 2025-10-21_01-03-46)

. * If no matching folders found, display error and exit
. if "`folder_list'" == "" {
.     di as error "`pattern_suffix' folder has not been created, ple
> ase run the masterfile first to create this folder"
.     exit 601
. }

. else {
.     * Find the most recent folder by comparing timestamps
.     local most_recent_folder = ""
.     local most_recent_timestamp = ""
.     local folder_count : word count `folder_list'
.     local date_count : word count `folder_dates'
.     forvalues i = 1/`folder_count' {
  2.         local current_folder : word `i' of `folder_list'
  3.         local current_timestamp : word `i' of `folder_dates'
  4.         * Convert timestamp to comparable format (remove hyphen
> s and underscores)
.         local current_numeric = subinstr(subinstr("`current_timest
> amp'", "-", "", .), "_", "", .)
  5.         if "`most_recent_timestamp'" == "" {
  6.             local most_recent_folder = "`current_folder'"
  7.             local most_recent_timestamp = "`current_numeric'"
  8.         }
  9.         else {
 10.             local most_recent_numeric = subinstr(subinstr("`mos
> t_recent_timestamp'", "-", "", .), "_", "", .)
 11.             if `current_numeric' > `most_recent_numeric' {
 12.                 local most_recent_folder = "`current_folder'"
 13.                 local most_recent_timestamp = "`current_numeric
> '"
 14.             }
 15.         }
 16.     }
.     local selected_data_stub = "`most_recent_folder'"
.     di in green "Selected most recent folder: `selected_data_stub'
> "
Selected most recent folder: 2025-10-21_01-03-46__full_current_193
. }

. 
. 
. local stub_toggle                                       "`selected
> _data_stub'" 

. 
. local table_name                                        "`2'"

. 
. local savings                                           "`3'"

. 
. local with_international                        "`4'"

. 
. local export_excel_toggle                       yes

. 
. local output_path ${output_tab}/tables_appendix

. 
. if "`2'" == "Table1_scc193_main" {
.         local output_path ${output_tab}/tables_main
. }

. 
. 
. *****************************************************
. * 1. Reshape Datasets and Merge with Policy Details *
. *****************************************************
. use "${code_files}/4_results/`stub_toggle'/compiled_results_all_un
> corrected_vJK", clear

. 
. missings dropvars, force

Checking missings in program component_type component_value
    l_component u_component component_sd component_over_prog_cost
    assumptions correlation replications:
9800 observations with missing values

note: l_component u_component component_sd dropped

. drop component_over_prog_cost 

. cap drop perc_switch

. ren component_value cv

. cap drop assumptions component_sd

.         
. replace cv = cv
(0 real changes made)

. cap drop l_component u_component

.         
. reshape wide cv, i(program) j(component_type) string
(j = MVPF MVPF_no_cc WTP WTP_RoW WTP_USFut WTP_USPres WTP_USTotal WT
> P_cc admin_cost beh_fisc_ext c_savings cost cost_curve cost_mvpf c
> ost_wtp env_cost_wtp env_cost_wtp_g env_cost_wtp_l enviro_mvpf env
> iro_wtp epsilon ev_sub_c ev_sub_c_row ev_sub_c_us ev_sub_cost ev_s
> ub_env fed_fisc_ext firm_cost_wtp firm_mvpf fisc_ext_lr fisc_ext_s
>  fisc_ext_t fiscalext gas_corp_fisc_e gas_fisc_ext gov_carbon infm
> arg marginal p_spend pass_through permitrev permitrev_ex permitrev
> _new profits profits_fisc_e program_cost q_CO2 q_CO2_mck q_CO2_mck
> _no q_CO2_no q_carbon_mck resource_ce resource_cost semie state_fi
> sc_ext subsidies taxes total_cost transfer utility_fisc_ext wind_g
> _wf wind_l_wf wtp_abatement wtp_batt wtp_cons wtp_ctr wtp_deal wtp
> _e_cost wtp_glob wtp_inf wtp_install wtp_leak wtp_loc wtp_local_w_
> r wtp_marg wtp_no_ice wtp_no_ice_g wtp_no_ice_local wtp_no_leak wt
> p_permits wtp_private wtp_prod wtp_prod_s wtp_prod_u wtp_r_glob wt
> p_r_loc wtp_soc wtp_soc_g wtp_soc_l wtp_soc_l_dr wtp_soc_l_po wtp_
> soc_rbd wtp_soc_rbd_g wtp_soc_rbd_l wtp_yes_ev wtp_yes_ev_g wtp_ye
> s_ev_local wtp_yes_hev)

Data                               Long   ->   Wide
--------------------------------------------------------------------
> ---------
Number of observations            9,800   ->   100         
Number of variables                   6   ->   102         
j variable (98 values)   component_type   ->   (dropped)
xij variables:
                                     cv   ->   cvMVPF cvMVPF_no_cc .
> .. cvwtp_yes_hev
--------------------------------------------------------------------
> ---------

. ren cv* *

. drop WTP_RoW WTP_USFut WTP_USPres WTP_USTotal wind_g_wf wind_l_wf 
> epsilon

. 
. preserve

.         import excel "${code_files}/policy_details_v3.xlsx", clear
>  first
(16 vars, 100 obs)

.         tempfile policy_labels

.         save "`policy_labels.dta'", replace
(file C:\Users\bcchen\AppData\Local\Temp\ST_8eb0_000002.tmp not
    found)
file C:\Users\bcchen\AppData\Local\Temp\ST_8eb0_000002.tmp saved
    as .dta format

. restore

. 
. merge m:1 program using "`policy_labels.dta'", keep(3)

    Result                      Number of obs
    -----------------------------------------
    Not matched                             0
    Matched                               100  (_merge==3)
    -----------------------------------------

. drop if program == "cafe_dk"
(1 observation deleted)

. drop if broad_category == "Regulation"
(3 observations deleted)

. drop if extended == 1
(24 observations deleted)

. assert _N == 72

. 
. missings dropvars, force

Checking missings in program MVPF MVPF_no_cc WTP WTP_cc admin_cost
    beh_fisc_ext c_savings cost cost_curve cost_mvpf cost_wtp
    env_cost_wtp env_cost_wtp_g env_cost_wtp_l enviro_mvpf
    enviro_wtp ev_sub_c ev_sub_c_row ev_sub_c_us ev_sub_cost
    ev_sub_env fed_fisc_ext firm_cost_wtp firm_mvpf fisc_ext_lr
    fisc_ext_s fisc_ext_t fiscalext gas_corp_fisc_e gas_fisc_ext
    gov_carbon infmarg marginal p_spend pass_through permitrev
    permitrev_ex permitrev_new profits profits_fisc_e program_cost
    q_CO2 q_CO2_mck q_CO2_mck_no q_CO2_no q_carbon_mck resource_ce
    resource_cost semie state_fisc_ext subsidies taxes total_cost
    transfer utility_fisc_ext wtp_abatement wtp_batt wtp_cons
    wtp_ctr wtp_deal wtp_e_cost wtp_glob wtp_inf wtp_install
    wtp_leak wtp_loc wtp_local_w_r wtp_marg wtp_no_ice wtp_no_ice_g
    wtp_no_ice_local wtp_no_leak wtp_permits wtp_private wtp_prod
    wtp_prod_s wtp_prod_u wtp_r_glob wtp_r_loc wtp_soc wtp_soc_g
    wtp_soc_l wtp_soc_l_dr wtp_soc_l_po wtp_soc_rbd wtp_soc_rbd_g
    wtp_soc_rbd_l wtp_yes_ev wtp_yes_ev_g wtp_yes_ev_local
    wtp_yes_hev assumptions correlation replications
    program_label_long program_label_short source year_in_context
    location broad_category group_label panel_number
    across_group_ordering in_group_ordering extended international
    regulation table_order no_SE _merge:
72 observations with missing values

note: ev_sub_c ev_sub_c_row ev_sub_c_us ev_sub_cost ev_sub_env
fiscalext infmarg marginal permitrev permitrev_ex permitrev_new
extended regulation dropped

. drop _merge program_label_long

. drop correlation replications

. mvencode _all, mv(0) override
  MVPF_no_cc: 51 missing values recoded
      WTP_cc: 58 missing values recoded
  admin_cost: 69 missing values recoded
beh_fisc_ext: 66 missing values recoded
   c_savings: 36 missing values recoded
  cost_curve: 71 missing values recoded
   cost_mvpf: 58 missing values recoded
    cost_wtp: 45 missing values recoded
env_cost_wtp: 45 missing values recoded
env_cost_w~g: 58 missing values recoded
env_cost_w~l: 58 missing values recoded
 enviro_mvpf: 58 missing values recoded
  enviro_wtp: 71 missing values recoded
fed_fisc_ext: 67 missing values recoded
firm_cost_~p: 67 missing values recoded
   firm_mvpf: 67 missing values recoded
  fisc_ext_s: 12 missing values recoded
  fisc_ext_t: 7 missing values recoded
gas_corp_f~e: 66 missing values recoded
gas_fisc_ext: 66 missing values recoded
  gov_carbon: 13 missing values recoded
     p_spend: 17 missing values recoded
pass_through: 66 missing values recoded
     profits: 71 missing values recoded
profits_fi~e: 69 missing values recoded
       q_CO2: 5 missing values recoded
   q_CO2_mck: 47 missing values recoded
q_CO2_mck_no: 57 missing values recoded
    q_CO2_no: 57 missing values recoded
q_carbon_mck: 13 missing values recoded
 resource_ce: 13 missing values recoded
resource_c~t: 59 missing values recoded
       semie: 37 missing values recoded
state_fisc~t: 68 missing values recoded
   subsidies: 71 missing values recoded
       taxes: 71 missing values recoded
  total_cost: 22 missing values recoded
    transfer: 71 missing values recoded
utility_fi~t: 69 missing values recoded
wtp_abatem~t: 70 missing values recoded
    wtp_batt: 71 missing values recoded
    wtp_cons: 22 missing values recoded
     wtp_ctr: 70 missing values recoded
    wtp_deal: 69 missing values recoded
  wtp_e_cost: 63 missing values recoded
    wtp_glob: 15 missing values recoded
     wtp_inf: 38 missing values recoded
 wtp_install: 67 missing values recoded
    wtp_leak: 70 missing values recoded
     wtp_loc: 16 missing values recoded
wtp_local_~r: 71 missing values recoded
    wtp_marg: 38 missing values recoded
  wtp_no_ice: 66 missing values recoded
wtp_no_ice_g: 66 missing values recoded
wtp_no_ice~l: 66 missing values recoded
 wtp_no_leak: 70 missing values recoded
 wtp_permits: 70 missing values recoded
 wtp_private: 62 missing values recoded
    wtp_prod: 20 missing values recoded
  wtp_prod_s: 49 missing values recoded
  wtp_prod_u: 56 missing values recoded
  wtp_r_glob: 28 missing values recoded
   wtp_r_loc: 29 missing values recoded
     wtp_soc: 13 missing values recoded
   wtp_soc_g: 57 missing values recoded
   wtp_soc_l: 57 missing values recoded
wtp_soc_l_dr: 60 missing values recoded
wtp_soc_l_po: 60 missing values recoded
 wtp_soc_rbd: 55 missing values recoded
wtp_soc_rb~g: 69 missing values recoded
wtp_soc_rb~l: 69 missing values recoded
  wtp_yes_ev: 69 missing values recoded
wtp_yes_ev_g: 69 missing values recoded
wtp_yes_ev~l: 69 missing values recoded
 wtp_yes_hev: 69 missing values recoded
internatio~l: 61 missing values recoded
       no_SE: 60 missing values recoded

. order program_cost, after(WTP)

. 
. ***********************************************
. * 2. Check that Each Component Sums Correctly *
. ***********************************************
. 
. **** Transfer
. cap gen wtp_install = 0

. cap drop transfer

. gen transfer = wtp_cons + wtp_deal + wtp_install

. drop wtp_cons wtp_deal wtp_install

. replace transfer = wtp_inf + wtp_marg if (inlist(group_label, "Wea
> therization", "Appliance Rebates", "Other Nudges", "Vehicle Retire
> ment") & ///
>                                                                   
>                program != "care" & program != "solarize" & program
>  != "her_compiled" & program != "cw_datta" & program != "dw_datta"
>  & ///
>                                                                   
>                program != "fridge_datta" & program != "wisc_rf") |
>  inlist(program, "ca_electric", "cookstoves", "mx_deforest", "ug_d
> eforest")
(18 real changes made)

. replace transfer = wtp_inf + wtp_marg + wtp_ctr if inlist(program,
>  "ihwap_hb", "ihwap_lb")
(2 real changes made)

. drop wtp_inf wtp_marg wtp_private

. cap gen wtp_abatement = 0

. cap gen wtp_permits = 0

. replace transfer = wtp_abatement + wtp_permits if group_label == "
> Cap and Trade"
(2 real changes made)

. drop wtp_abatement wtp_permits

. replace transfer = wtp_prod if group_label == "Wind Production Cre
> dits" | inlist(program, "rao_crude", "bmm_crude", "india_offset")
(4 real changes made)

. replace transfer = 1 if program == "sallee_hy"
(0 real changes made)

. 
. **** Global and Local Enviro
. assert round(wtp_no_ice, 0.0001) == round(wtp_no_ice_g + wtp_no_ic
> e_local, 0.0001)

. assert round(wtp_yes_ev, 0.0001) == round(wtp_yes_ev_local + wtp_y
> es_ev_g, 0.0001) if group_label == "Electric Vehicles"

. assert round(wtp_loc, 0.0001) == round(wtp_yes_ev_local + wtp_no_i
> ce_local, 0.0001) if group_label == "Electric Vehicles"

. 
. drop wtp_no_ice_g wtp_no_ice_local wtp_yes_ev_g wtp_yes_ev_local

. 
. assert round(wtp_soc, 0.0001) == round(wtp_glob + wtp_loc, 0.0001)
>  if group_label == "Electric Vehicles"

. assert round(wtp_soc, 0.0001) == round(wtp_glob + wtp_loc, 0.0001)
>  if group_label == "Hybrid Vehicles"

. replace wtp_glob = wtp_glob + wtp_e_cost if group_label == "Reside
> ntial Solar"| program == "solarize"
(6 real changes made)

. replace wtp_glob = (wtp_glob + wtp_e_cost) - wtp_r_glob if group_l
> abel == "Wind Production Credits"
(3 real changes made)

. replace wtp_glob = wtp_soc_g if inlist(group_label, "Gasoline Taxe
> s", "Cap and Trade") | inlist(program, "cookstoves", "bmm_crude", 
> "bunker_fuel", "ethanol", "rao_crude")
(15 real changes made)

. replace wtp_loc = wtp_soc_l if inlist(group_label, "Gasoline Taxes
> ", "Cap and Trade") | inlist(program, "cookstoves", "bmm_crude", "
> bunker_fuel", "ethanol", "rao_crude")
(14 real changes made)

. replace wtp_loc = 0 if wtp_loc == -1.00e-35
(0 real changes made)

. replace wtp_loc = wtp_loc - wtp_r_loc if group_label == "Wind Prod
> uction Credits"
(3 real changes made)

. 
. cap gen wtp_leak = 0

. cap gen wtp_no_leak = 0

. drop wtp_yes_ev wtp_yes_hev wtp_no_ice wtp_soc wtp_e_cost wtp_soc_
> g wtp_soc_l wtp_leak wtp_no_leak 

. 
. **** Rebound
. replace wtp_soc_rbd = 0 if wtp_soc_rbd == 1.00e-11
(1 real change made)

. replace wtp_soc_rbd_l = 0 if wtp_soc_rbd_l == 1.00e-20 | program =
> = "rggi"
(0 real changes made)

. replace wtp_soc_rbd_g = 0 if wtp_soc_rbd_g == 1.00e-20 | program =
> = "rggi"
(0 real changes made)

. assert round(wtp_soc_rbd, 0.0001) == round(wtp_soc_rbd_g + wtp_soc
> _rbd_l, 0.0001) if wtp_soc_rbd_g != 0 & wtp_soc_rbd_l != 0

. replace wtp_r_loc = wtp_soc_rbd_l if wtp_soc_rbd_l != 0 & wtp_r_lo
> c == 0
(3 real changes made)

. replace wtp_r_glob = wtp_soc_rbd_g if wtp_soc_rbd_g != 0  & wtp_r_
> glob == 0
(3 real changes made)

. drop wtp_soc_rbd_l wtp_soc_rbd_g

. replace wtp_soc_rbd = wtp_r_glob + wtp_r_loc if wtp_soc_rbd == 0 &
>  wtp_r_glob != 0 & wtp_r_loc != 0
(23 real changes made)

. replace wtp_soc_rbd = wtp_r_glob if inlist(program, "care", "opowe
> r_ng", "rebate_es", "es_incent", "ac_mex", "fridge_mex", "nudge_ge
> r", "nudge_qatar", "wap_mexico") | inlist(program, "india_offset")
(7 real changes made)

. replace wtp_soc_rbd = -wtp_soc_rbd if program == "wisc_rf"
(1 real change made)

. 
. 
. **** Dynamic Price and Dynamic Enviro
. replace env_cost_wtp = 0 if env_cost_wtp == -1.00e-17
(0 real changes made)

. replace cost_wtp = 0 if cost_wtp == -1.00e-17
(0 real changes made)

. 
. assert round(env_cost_wtp, 0.0001) == round(env_cost_wtp_g + env_c
> ost_wtp_l, 0.0001) if env_cost_wtp_l != 0 & env_cost_wtp_g != 0 & 
> group_label != "Gasoline Tax"

. 
. drop cost_mvpf enviro_mvpf firm_mvpf

. 
. **** Producers
. gen producers = firm_cost_wtp + wtp_prod_s + wtp_prod_u

. replace producers = wtp_prod if inlist(group_label, "Residential S
> olar", "Appliance Rebates", "Weatherization", "Other Nudges", "Hom
> e Energy Reports") | program == "care" | program == "ca_electric"
(30 real changes made)

. replace producers = wtp_prod if inlist(program, "jet_fuel", "CPP_a
> j", "CPP_pj", "PER", "baaqmd", "ca_electric")
(2 real changes made)

. replace producers = -wtp_prod if program == "wisc_rf"
(1 real change made)

. drop wtp_prod_s wtp_prod_u wtp_prod

. 
. **** Fiscal Externalities
. replace fisc_ext_s = beh_fisc_ext + fed_fisc_ext + state_fisc_ext 
> if group_label == "Electric Vehicles" | group_label == "Hybrid Veh
> icles"
(3 real changes made)

. replace fisc_ext_t = gas_corp_fisc_e + gas_fisc_ext + utility_fisc
> _ext if group_label == "Electric Vehicles" | group_label == "Hybri
> d Vehicles"
(6 real changes made)

. 
. gen fisc_ext_sr = fisc_ext_s + fisc_ext_t

. drop fisc_ext_s fisc_ext_t

. 
. drop beh_fisc_ext fed_fisc_ext state_fisc_ext gas_corp_fisc_e gas_
> fisc_ext utility_fisc_ext

. 
. **** Total WTP
. gen WTP_no_cc = WTP

. replace WTP = WTP_cc if WTP_cc != 0
(14 real changes made)

. 
. **** Total Cost
. assert total_cost == cost if total_cost != 0

. drop total_cost

. 
. 
. **** Normalization Factor
. gen normalization = program_cost // for normalizing all the factor
> s such that program_cost (without admin cost) is 1

. gen prog_cost_no_normal = program_cost

. 
. local components transfer wtp_loc wtp_glob wtp_soc_rbd env_cost_wt
> p cost_wtp producers WTP program_cost fisc_ext_sr fisc_ext_lr cost
>  wtp_r_loc wtp_r_glob WTP_no_cc WTP_cc env_cost_wtp_g c_savings

. foreach comp of local components{
  2.     replace `comp' = `comp' / normalization
  3. }
(42 real changes made)
(34 real changes made)
(49 real changes made)
(36 real changes made)
(8 real changes made)
(8 real changes made)
(32 real changes made)
(49 real changes made)
(49 real changes made)
(38 real changes made)
(49 real changes made)
(49 real changes made)
(28 real changes made)
(36 real changes made)
(49 real changes made)
(8 real changes made)
(8 real changes made)
(3 real changes made)

. 
. 
. if "`savings'" == "yes"{
.     assert round(WTP, 0.001) == round(transfer + c_savings + wtp_l
> oc + wtp_glob + wtp_soc_rbd + env_cost_wtp + cost_wtp + producers,
>  0.001)
. }

. else{
.     assert round(WTP, 0.001) == round(transfer + wtp_loc + wtp_glo
> b + wtp_soc_rbd + env_cost_wtp + cost_wtp + producers, 0.001)
. }

. 
. assert round(cost, 0.001) == round(program_cost + fisc_ext_sr + fi
> sc_ext_lr, 0.001) if program != "bev_state_i" // see if this is fi
> xed after the latest big run

. assert round(MVPF, 0.001) == round(WTP / cost, 0.001) if (MVPF != 
> 99999 & MVPF != -99999)

. 
. **** Combine Environmental Benefits
. gen wtp_env = wtp_glob + wtp_loc + wtp_soc_rbd

. 
. **** Combine Fiscal Externalities
. 
. gen fisc_tot = fisc_ext_sr + fisc_ext_lr

. 
. *********************************
. * 3. Calculate Category Average *
. *********************************
. preserve

. 
.         tempfile all_policy_save

.         save "`all_policy_save'", replace
(file C:\Users\bcchen\AppData\Local\Temp\ST_8eb0_000004.tmp not
    found)
file C:\Users\bcchen\AppData\Local\Temp\ST_8eb0_000004.tmp saved
    as .dta format

.         
.         assert WTP_cc == WTP if WTP_cc != 0

.         sort table_order

.                 
.         if "`savings'" == "no" {
.                 collapse (mean) WTP program_cost cost env_cost_wtp
>  cost_wtp producers wtp_env fisc_tot transfer table_order, by(grou
> p_label)
.         }       

.         
.         if "`savings'" == "yes" {
.                 collapse (mean) WTP program_cost cost env_cost_wtp
>  cost_wtp producers wtp_env fisc_tot transfer c_savings table_orde
> r, by(group_label)
.         }

. 
.         gen MVPF = WTP / cost

.         replace table_order = .
(19 real changes made, 19 to missing)

.         tempfile category_averages

.         save "`category_averages'", replace             
(file C:\Users\bcchen\AppData\Local\Temp\ST_8eb0_000005.tmp not
    found)
file C:\Users\bcchen\AppData\Local\Temp\ST_8eb0_000005.tmp saved
    as .dta format

.                                 
. restore

. 
. **************************
. * 4. Organize Components *
. **************************
. keep program_label_short group_label MVPF WTP cost env_cost_wtp co
> st_wtp producers wtp_env fisc_tot transfer table_order c_savings a
> cross_group_ordering

. sort table_order

.         
. if "`savings'" == "no"{
.         drop c_savings
.         order program_label_short transfer wtp_env env_cost_wtp co
> st_wtp producers WTP fisc_tot cost MVPF
. 
. }       

. else {
.         order program_label_short transfer wtp_env env_cost_wtp co
> st_wtp producers WTP fisc_tot cost MVPF c_savings
. }

. 
. order table_order

. 
. // Deal with Ordering of Revenue Raisers
. replace across_group_ordering = 11 if group_label == "Gasoline Tax
> es"
(12 real changes made)

. replace across_group_ordering = 12 if group_label == "Other Fuel T
> axes"
(0 real changes made)

. replace across_group_ordering = 13 if group_label == "Other Revenu
> e Raisers"
(3 real changes made)

. replace across_group_ordering = 14 if group_label == "Cap and Trad
> e"    
(0 real changes made)

. 
. replace table_order = table_order + across_group_ordering
variable table_order was byte now int
(72 real changes made)

. 
. 
. // Bring in Category Averages
. append using "`category_averages'"
(variable table_order was int, now float to accommodate using
       data's values)

. 
. levelsof(group_label), local(group_loop)
`"Appliance Rebates"' `"Cap and Trade"' `"Cookstoves"' `"Deforestati
> on"' `"Electric Vehicles"' `"Gasoline Taxes"' `"Home Energy Report
> s"' `"Hybrid Vehicles"' `"International Rebates"' `"Other Fuel Tax
> es"' `"Other Nudges"' `"Other Revenue Raisers"' `"Other Subsidies"
> ' `"Residential Solar"' `"Rice Burning"' `"Vehicle Retirement"' `"
> Weatherization"' `"Wind Offset"' `"Wind Production Credits"'

. foreach g of local group_loop {
  2.         
.         sum table_order if group_label == "`g'"
  3.         replace table_order = (r(min) - 1) if group_label == "`
> g'" & program_label_short == "" 
  4.         replace program_label_short = "`g'" if group_label == "
> `g'" & program_label_short == ""
  5.                         
. }

    Variable |        Obs        Mean    Std. dev.       Min        
> Max
-------------+------------------------------------------------------
> ---
 table_order |          8        27.5     2.44949         24        
>  31
(1 real change made)
(1 real change made)

    Variable |        Obs        Mean    Std. dev.       Min        
> Max
-------------+------------------------------------------------------
> ---
 table_order |          2        93.5    .7071068         93        
>  94
(1 real change made)
(1 real change made)

    Variable |        Obs        Mean    Std. dev.       Min        
> Max
-------------+------------------------------------------------------
> ---
 table_order |          2        98.5    .7071068         98        
>  99
(1 real change made)
(1 real change made)

    Variable |        Obs        Mean    Std. dev.       Min        
> Max
-------------+------------------------------------------------------
> ---
 table_order |          3         102           1        101        
> 103
(1 real change made)
(1 real change made)

    Variable |        Obs        Mean    Std. dev.       Min        
> Max
-------------+------------------------------------------------------
> ---
 table_order |          3          20           1         19        
>  21
(1 real change made)
(1 real change made)

    Variable |        Obs        Mean    Std. dev.       Min        
> Max
-------------+------------------------------------------------------
> ---
 table_order |         12        68.5    3.605551         63        
>  74
(1 real change made)
(1 real change made)

    Variable |        Obs        Mean    Std. dev.       Min        
> Max
-------------+------------------------------------------------------
> ---
 table_order |          4        51.5    1.290994         50        
>  53
(1 real change made)
(1 real change made)

    Variable |        Obs        Mean    Std. dev.       Min        
> Max
-------------+------------------------------------------------------
> ---
 table_order |          3          38           1         37        
>  39
(1 real change made)
(1 real change made)

    Variable |        Obs        Mean    Std. dev.       Min        
> Max
-------------+------------------------------------------------------
> ---
 table_order |          3         112           1        111        
> 113
(1 real change made)
(1 real change made)

    Variable |        Obs        Mean    Std. dev.       Min        
> Max
-------------+------------------------------------------------------
> ---
 table_order |          2        82.5    .7071068         82        
>  83
(1 real change made)
(1 real change made)

    Variable |        Obs        Mean    Std. dev.       Min        
> Max
-------------+------------------------------------------------------
> ---
 table_order |          6        57.5    1.870829         55        
>  60
(1 real change made)
(1 real change made)

    Variable |        Obs        Mean    Std. dev.       Min        
> Max
-------------+------------------------------------------------------
> ---
 table_order |          3          90           1         89        
>  91
(1 real change made)
(1 real change made)

    Variable |        Obs        Mean    Std. dev.       Min        
> Max
-------------+------------------------------------------------------
> ---
 table_order |          2        47.5    .7071068         47        
>  48
(1 real change made)
(1 real change made)

    Variable |        Obs        Mean    Std. dev.       Min        
> Max
-------------+------------------------------------------------------
> ---
 table_order |          5          14    1.581139         12        
>  16
(1 real change made)
(1 real change made)

    Variable |        Obs        Mean    Std. dev.       Min        
> Max
-------------+------------------------------------------------------
> ---
 table_order |          2       106.5    .7071068        106        
> 107
(1 real change made)
(1 real change made)

    Variable |        Obs        Mean    Std. dev.       Min        
> Max
-------------+------------------------------------------------------
> ---
 table_order |          3          34           1         33        
>  35
(1 real change made)
(1 real change made)

    Variable |        Obs        Mean    Std. dev.       Min        
> Max
-------------+------------------------------------------------------
> ---
 table_order |          5          43    1.581139         41        
>  45
(1 real change made)
(1 real change made)

    Variable |        Obs        Mean    Std. dev.       Min        
> Max
-------------+------------------------------------------------------
> ---
 table_order |          1         109           .        109        
> 109
(1 real change made)
(1 real change made)

    Variable |        Obs        Mean    Std. dev.       Min        
> Max
-------------+------------------------------------------------------
> ---
 table_order |          3           3           1          2        
>   4
(1 real change made)
(1 real change made)

. sort table_order        

.         
.         
. **********************
. * 5. Export to Excel *
. **********************
. preserve 

. 
.         drop table_order across_group_ordering group_label

. 
.         if "`export_excel_toggle'" == "yes" {
. 
.                 if "`savings'" == "yes" {
.                         copy "${output_tab}/tables_templates/TEMPL
> ATE_Savings.xlsx" "`output_path'/`table_name'.xlsx", replace  
.                 }
. 
.                 if "`savings'" == "no" {
.                         
.                         if "`with_international'" == "yes" {
.                                 copy "${output_tab}/tables_templat
> es/TEMPLATE_condensed.xlsx" "`output_path'/`table_name'.xlsx", rep
> lace        
.                         }
.                         if "`with_international'" == "no" {
.                                 copy "${output_tab}/tables_templat
> es/TEMPLATE_No_International.xlsx" "`output_path'/`table_name'.xls
> x", replace 
.                         }
.                         
.                 }       
. 
.                 export excel "`output_path'/`table_name'.xlsx", fi
> rst(var) sheet("data_export", replace) keepcellfmt    
file C:/Users/bcchen/Documents/GitHub/mvpf-climate/data/6_tables/tab
> les_main/Table1_scc193_main.xlsx saved
.                 
.         }

. 
. restore 

. 
end of do-file

. 
end of do-file

