---------------------------------------------------------------------------------------------------------------------------------------------------------------------------------------
      name:  <unnamed>
       log:  /Users/beatrice/Documents/GitHub/mvpf-climate/data/0_log/log_metafile_2025-10-15_14-31-10__resetting_globals.log
  log type:  text
 opened on:  15 Oct 2025, 14:31:10

. // create new folders
. cap mkdir "${results}"

. 
. 
. *-----------------------------------------------------------------------
. * 0 - Define Macros.
. *-----------------------------------------------------------------------
. 
. foreach correction_mode of global correction_modes {
  2.     global correction_mode `correction_mode'
  3.     global nrun = "${nrun}_`correction_mode'"
  4.     global causal_ests = "${code_files}/2a_causal_estimates_papers/`correction_mode'"
  5.     global causal_draws = "${code_files}/2b_causal_estimates_draws/`correction_mode'"
  6. 
.     if $usets == 1 {
  7.         global stamp = "${timestamp}__${nrun}"
  8.     }
  9.     else {
 10.         global stamp = "${nrun}"
 11.     }
 12.     // Set results to use
.     if "$use_causal_draws" == "redraw" {
 13.         global redraw_causal_estimates = "yes"
 14.         global ts_causal_draws = "${stamp}"
 15.         noi di "Create new causal draws: ${ts_causal_draws}"
 16.         cap mkdir "${causal_draws}/${ts_causal_draws}"
 17.     }
 18.     else if "$use_causal_draws" == "latest" {
 19.         global redraw_causal_estimates = "no"
 20.         local folders : dir "${causal_draws}" dirs "*"
 21.         global ts_causal_draws : word `:list sizeof folders' of `folders'
 22.         noi di "Using latest causal draws: `ts_causal_draws'."
 23.     }
 24.     else {
 25.         global redraw_causal_estimates = "no"
 26.         global ts_causal_draws = "$use_causal_draws"
 27.         noi di "Using specific causal draws: `ts_causal_draws'."
 28.     }
 29.     /* Note: There is no "redraw bootstrap draws" option at the moment. */
.     if "$use_bootstrap_draws" == "redraw" {
 30.         global redraw_bootstrap_estimates = "yes"
 31.         global ts_bootstrap_draws = "${stamp}"
 32.         noi di "Create new bootstrap draws: ${ts_bootstrap_draws}"
 33.         cap mkdir "${bootstrap_folder}/${ts_bootstrap_draws}"
 34.     }
 35.     else if "$use_bootstrap_draws" == "latest" {
 36.         global redraw_bootstrap_estimates = "no"
 37.         local folders : dir "${bootstrap_folder}" dirs "*"
 38.         global ts_bootstrap_draws : word `:list sizeof folders' of `folders'
 39.         noi di "Using latest bootstrap draws: `ts_bootstrap_draws'."
 40.     }
 41.     else {
 42.         global redraw_bootstrap_estimates = "no"
 43.         global ts_bootstrap_draws = "$use_bootstrap_draws"
 44.         noi di "Using specific bootstrap draws: `ts_bootstrap_draws'."
 45.     }
 46. 
.     global bootstrap_files = "${bootstrap_folder}/${ts_bootstrap_draws}"
 47.     global append_files = "${bootstrap_files}/all_policies_collated"
 48.     cap mkdir "${bootstrap_files}"
 49.     cap mkdir "${append_files}"
 50. 
. 
.     local programs_to_run $programs_to_run
 51.     local programs_pb_exclude $programs_pb_exclude
 52.     if "`correction_mode'" == "corrected" global programs_to_run: list programs_to_run - programs_pb_exclude
 53. 
.     if "`correction_mode'" == "corrected"{
 54.         di in red "the list of programs is ${programs_to_run}"
 55.     }
 56. 
.     *-----------------------------------------------------------------------
.     * 0 - Macros
.     *-----------------------------------------------------------------------
.     noi di "SECTION 0: MACROS"
 57.         qui do "${github}/ado/check_timepaths.ado"
 58.     qui do "${github}/wrapper/macros.do" "yes"
 59. 
.     *-----------------------------------------------------------------------
.     * 1 - Prepare causal estimates
.     *-----------------------------------------------------------------------
.     noi di "SECTION 1: PREPARE CAUSAL ESTIMATES"
 60.     * 1 - prepare bootstrap draws of uncorrected causal estimates
.     noi do "${github}/wrapper/prepare_causal_estimates.do" ///
>            "$programs_to_run" // programs to run / all_programs
 61. 
.     *-----------------------------------------------------------------------
.     * 2 - Estimate MVPFs and other statistics, bootstrap, and loop through global assumptions
.     *-----------------------------------------------------------------------
. 
.     noi di "SECTION 2: ESTIMATION & BOOTSTRAPPING"
 62.         
.     do "${github}/wrapper/bootstrap_wrapper.do" ///
>        "${programs_to_run}" /// programs to run
>        "${modes_to_run}" // all_modes // baseline // modes to run
 63. 
.     if "${make_waterfall}" == "yes"{
 64.         do "${github}/wrapper/waterfalls.do" ///
>            "${programs_to_run}" /// programs to run
>            "${modes_to_run}" // all_modes // baseline // modes to run
 65.     }
 66. 
.     *-----------------------------------------------------------------------
.     * 3 - Compile results.
.     *-----------------------------------------------------------------------
.     noi di "SECTION 3: COMPILE ESTIMATES & INFERENCE"
 67.     clear
 68. 
.     di in red "compile programs is ${compile_programs}"
 69.     di in red "compile loop modes is ${compile_loop_modes}"
 70.     foreach program of global compile_programs {
 71. 
.         di "${compile_loop_modes}"              
 72.         foreach mode of global compile_loop_modes {
 73.             append using "${bootstrap_files}/`program'_`mode'_estimates_${replications}_replications"   
 74.         }
 75. 
.     }
 76.     save "${results}/compiled_results_all_`correction_mode'", replace 
 77. 
. 
.     /*-----------------------------------------------------------------------
>     * 4 - Append with Previous Run
>     *-----------------------------------------------------------------------*/
. 
.     if "${append}" == "yes" {
 78.         
.         use "${code_files}/4_results/${original_stamp}/compiled_results_all_`correction_mode'", clear 
 79. 
.         foreach mode of global compile_loop_modes {
 80.             foreach program of global compile_programs {
 81.                 drop if program == "`program'" & assumptions == "`mode'"        
 82.         
.             if "`mode'" == "baseline" {
 83.                 append using "${bootstrap_files}/`program'_`mode'_estimates_${replications}_replications"
 84.                 }
 85.             else {
 86.                 append using "${bootstrap_files}/`program'_`mode'_estimates_${replications}_replications"       
 87.                 }       
 88.             }
 89.         }
 90.         
.         save "${code_files}/4_results/${original_stamp}/compiled_results_all_`correction_mode'", replace
 91.     }
 92. 
. 
. 
.     *run publication bias metafile
.     if "`9'" == "yes"{
 93.         if "`correction_mode'" == "uncorrected_vJK" do "${github}/publication_bias/pub_bias_wrapper"
 94.     }
 95. 
. }
Create new causal draws: 2025-10-15_14-31-10__resetting_globals_uncorrected_vJK
Create new bootstrap draws: 2025-10-15_14-31-10__resetting_globals_uncorrected_vJK
SECTION 0: MACROS
Rerun macros set to yes through a positional argument
Rerun timepaths set to no
Asked to Resave CPI Globals
Asked to Resave VMT Rebound
Saving VMT Rebound because Currently Undefined.
Asked to Resave EV Price Elasticity (Gas Tax LBD)
Saving EV Price Elasticity (Gas Tax LBD) because Currently Undefined.
Asked to Rerun Gasoline Prices, Taxes, and Markups
Asked to Rerun Vehicle VMT Datasets
Discount Rate is 2%
Social Cost of Carbon is $193
Grid Type is mid
Asked to Rerun Electricity and Natural Gas Externalities
Asked to Rerun Gasoline Vehicle Externalities
Asked to Rerun Diesel Externalities
Asked to Rerun Benefits from Not Driving Gasoline-powered Vehicle
Asked to Rerun Damages from Charging Electric Vehicles
Setting globals to no because macros has finished running
SECTION 1: PREPARE CAUSAL ESTIMATES

. ********************************************************************************
. *                                               PREPARE CAUSAL ESTIMATES                                                           *
. ********************************************************************************
. display `"All the arguments, as typed by the user, are: `0'"'
All the arguments, as typed by the user, are: "retrofit_res"

. 
. * Set options
. local replications ${reps}

. local correlation 1

. 
. *-------------------------------------------------------------------------------
. *       0. Define programs to run for
. *-------------------------------------------------------------------------------
. 
. if "`1'" == ""{ // file not being run externally
. 
.         global nrun = ""
.         global stamp = "${nrun}"
.         global redraw_causal_estimates = "yes"
.     global ts_causal_draws = "${stamp}"
.     cap mkdir "${causal_draws}/${ts_causal_draws}"
. }

. 
. 
. *Allow file to be ran externally from metafile
. if "`1'" != "" { // file is being run externally
.         local programs "`1'"
. 
. }

. 
. *Set the seed to the value defined in the metafile
. confirm number ${welfare_seed}

. set seed ${welfare_seed}

. 
. *Loop over programs
. foreach program in `programs' {
  2. 
.         set seed ${welfare_seed}
  3. 
.         *check if draws exist
.         cap confirm file "${causal_draws}/${ts_causal_draws}/`program'.dta"
  4.  
.         if _rc == 0 & "${redraw_causal_estimates}" != "yes" {
  5.                 di in red "Skipping redrawing for `program'"
  6.                 continue
  7.         }
  8. 
.         noi di "`program' "
  9. 
.         import excel "${causal_ests}/`program'.xlsx", clear sheet("wrapper_ready") firstrow
 10.         sort estimate
 11. 
.         *Get SE from t-stat
.         replace se = abs(pe / t_stat) if se == . & t_stat != .
 12. 
.         *Get SE from ci range (Assumed to be 95% CI)
.         replace se = ((ci_hi - ci_lo) / 2) / invnormal(0.975) if se == . & ci_lo != . & ci_hi != .
 13. 
.         *Allow for p-value ranges
.         cap tostring p_value, replace force
 14.         g p_value_range = p_value if regexm(p_value,"\[")|regexm(p_value,"\]")
 15.         replace p_value = "" if p_value_range != ""
 16.         destring p_value, replace force
 17.         replace se = abs(pe / invnormal(p_value/2)) if p_value_range == "" & se == .
 18.         g p_val_low = strtrim(substr(p_value_range,strpos(p_value_range,"[")+1,strpos(p_value_range,";")-strpos(p_value_range,"[")-1)) if p_value_range != ""
 19.         g p_val_high = strtrim(substr(p_value_range,strpos(p_value_range,";")+1,strpos(p_value_range,"]")-strpos(p_value_range,";")-1)) if p_value_range != ""
 20.         destring p_val_low p_val_high, replace
 21.         drop if estimate == ""
 22. 
.         *Get PE matrix
.         mkmat pe, matrix(pes) // just turns the column of estimates into a matrix
 23. 
.         *Get correlation matrix
.         /* Here blocks are indicated by different base numbers and the sign determines
>         the correlation direction. E.g. if we have four variables with corr_directions
>         1, -1, 2, 2 respectively, then 1 and 2 are negatively correlated, 3 and 4 are
>         positively correlated, and 1 and 2 are uncorrelated with 3 and 4. */
. 
.         matrix corr = J(`=_N', `=_N', 0)
 24.         matlist corr
 25.         local namelist
 26.         forval j = 1/`=_N' {
 27.                 local name_`j' = estimate[`j']
 28.                 forval k = 1/`=_N' {
 29.                         if `j' == `k' matrix corr[`j',`k'] = 1
 30.                         else {
 31.                                 if abs(corr_direction[`j'])==abs(corr_direction[`k']) {
 32.                                         matrix corr[`j', `k'] = sign(corr_direction[`j'] * corr_direction[`k']) * `correlation'
 33.                                 }
 34.                         else matrix corr[`j',`k'] = 0
 35.                         }
 36.                 }
 37.                 local namelist `namelist' `name_`j''
 38.         }       
 39. 
.         *Loop over replications to get SE matrix (can vary due to p-value ranges)
.         forval i = 1/`replications' {
 40.                 matrix se_`i' = J(`=_N', 1, 0)
 41.                 forval j = 1/`=_N' {
 42.                         if se[`j']!=. {
 43.                                 matrix se_`i'[`j',1] = se[`j']
 44.                         }
 45.                         if se[`j'] == . & p_value_range[`j'] != "" {
 46.                                 matrix se_`i'[`j',1] = abs(pe[`j'] / invnormal(runiform(p_val_low[`j'],min(p_val_high[`j'],0.9))/2))
 47.                         }
 48.                 }               
 49.         }
 50.         qui{
 51.                 *Draw uncorrected, save dataset 
.                 forval i = 1/`replications' {
 52.                         clear
 53.                         set obs 1
 54.                         drawnorm "`namelist'", n(1) sds(se_`i') corr(corr) means(pes)
 55.                         local j = 0
 56.                         foreach var in `namelist' {
 57.                                 local ++j
 58.                                 g `var'_pe = pes[`j',1]
 59.                         }
 60.                         tempfile temp`i'
 61.                         save `temp`i''
 62.                 }
 63. 
.                 forval i = 1/`=`replications'-1' {
 64.                         append using `temp`i''
 65.                 }
 66.         }
 67. 
.         g draw_number = _n
 68.         order draw_number, first
 69. 
.         save "${causal_draws}/${ts_causal_draws}/`program'.dta", replace
 70. 
.         if _rc>0 {
 71.                 if _rc==1 continue, break
 72.                 di _rc
 73.                 local error_progs = "`error_progs'"+"`program'  "
 74.                 di as err "`program' broke"
 75.         }
 76. 
. }
retrofit_res 
(12 vars, 1 obs)
(0 real changes made)
(0 real changes made)
(1 missing value generated)
(0 real changes made)
p_value: all characters numeric; replaced as byte
(1 missing value generated)
(0 real changes made)
(1 missing value generated)
(1 missing value generated)
p_val_low: all characters numeric; replaced as byte
(1 missing value generated)
p_val_high: all characters numeric; replaced as byte
(1 missing value generated)
(0 observations deleted)

             |        c1 
-------------+----------
          r1 |         0 
(file /Users/beatrice/Documents/GitHub/mvpf-climate/data/2b_causal_estimates_draws/uncorrected_vJK/2025-10-15_14-31-10__resetting_globals_uncorrected_vJK/retrofit_res.dta not found)
file /Users/beatrice/Documents/GitHub/mvpf-climate/data/2b_causal_estimates_draws/uncorrected_vJK/2025-10-15_14-31-10__resetting_globals_uncorrected_vJK/retrofit_res.dta saved

. 
. *Throw errors if things didn't run
. if _rc!=1 {
.         global error_progs = "`error_progs'"
.         if "`error_progs'"!="" di as err "Finished running but the following programs threw errors: `error_progs'"
.         else di in red "Finished running with no errors"
Finished running with no errors
. }

. 
. 
. 
. 
. 
. 
. 
. 
end of do-file
SECTION 2: ESTIMATION & BOOTSTRAPPING

. ********************************************************************************
. *                                                               BOOTSTRAP WRAPPER                                                          *
. ********************************************************************************
. 
. display `"All the arguments, as typed by the user, are: `0'"'
All the arguments, as typed by the user, are: "retrofit_res" "current"

. *Set options
. local debug = 1 // 1 noisily displays running .do files

. 
. *Set modes
. local modes "all"

. 
. /*
> Note: modes can contain any of the following:
> - baseline: only runs the baseline specification
> - current: only runs the 2020 specification
> */
. 
. // macro list
. *Set modes if running externally
. if "`2'"!="" local modes "`2'"

. 
. *Set all
. if "`modes'"=="all" local modes baseline current

. global compile_loop_modes "`modes'"

. 
. *Set estimates to be used
. local use_estimates $correction_mode

. 
. *-------------------------------------------------------------------------------
. *       0. Define programs to run for
. *-------------------------------------------------------------------------------
. global compile_programs `1'

. *Set programs if running externally
. if "`1'" != "" {
.         local programs "`1'"
. }

. 
. local prog_num = wordcount("`programs'")

. 
. *-------------------------------------------------------------------------------
. *       1. Simulations
. *-------------------------------------------------------------------------------
. global replications_master = $reps

. 
. foreach mode in `modes' {
  2.         di in red "the mode is `mode'"
  3. 
.         local m = 0 // reset counter
  4.         global replications $replications_master
  5.         local replications $reps
  6. 
.         ********** Looping through each program **********
. 
.         mat t`mode'=J(11, 5, .)
  7.         local x = 1
  8.         foreach program in `programs' {
  9. 
.                 *Sort issues where names of assumption files don't line up with do file names
.                 local do_file = "`program'"
 10.                 local assumption_name = "`program'"
 11. 
.                 *Import program specific assumptions
.                 import excel "${assumptions}/program_specific/`assumption_name'.xlsx", clear first
 12.                 ds
 13. 
.                 duplicates drop // drop rows of assumptions that are identical
 14.                 count
 15.                 local columns = r(N)
 16.                 ds
 17.                 local varying_assumptions "`r(varlist)'"
 18. 
.                 if inlist("`mode'","baseline", "current")  {
 19.                         confirm var spec_type // check for specification type indicator, previously had a capture
 20.                         if _rc==0 {
 21.                                 keep if spec_type == "`mode'"
 22.                                 assert _N == 1 | _N == 0
 23.                                 if _N == 0{
 24.                                         di in red "Skipping `program' because `mode' does not exist for this program"
 25.                                         continue // skip programs missing certain assumptions
 26.                                 } 
 27.                 
.                                 qui ds spec_type, not
 28.                                 local varying_assumptions `r(varlist)'
 29.                                 foreach assumption in `r(varlist)'  {
 30.                                         local `assumption'_1 = `assumption'[1]
 31.                                 }
 32.                         }       
 33. 
.                         keep in 1 // where not specified the first row is the baseline specification
 34. 
.                         local correlation_1 = 1
 35.                         local varying_assumptions `varying_assumptions' correlation
 36.                         local columns = _N
 37.                         di `columns'
 38.                 }
 39.                 if "`mode'" != "baseline"{
 40.                         keep if spec_type == "`mode'"
 41.                         ds
 42.                         local varying_assumptions `r(varlist)'
 43.                         foreach assumption in `r(varlist)'{
 44.                                 local `assumption'_1 = `assumption'[1]
 45.                         }
 46.                         local correlation_1 = 1
 47.                         local varying_assumptions `varying_assumptions' correlation
 48.                         local columns = _N
 49.                         di `columns'
 50.                 }
 51. 
.                 local ++m
 52. 
.                 *Loop over types of assumptions
.                 forval c = 1/`columns' {
 53.                         noi di "Specification `c' of `columns', program `m' of `prog_num' (`program')"
 54. 
.                         *set assumptions
.                         foreach assumption in `varying_assumptions' {
 55.                                 global `assumption' ``assumption'_`c''
 56.                         }
 57.                         *generate estimates
.                         clear
 58. 
.                         set obs `replications'
 59. 
.                         di "`program'"
 60.                         * Generate variables to store the estimates and clean globals
.                         local ests MVPF MVPF_no_cc cost WTP program_cost total_cost ///
>                         beh_fisc_ext utility_fisc_ext gas_fisc_ext fed_fisc_ext state_fisc_ext ///
>                         WTP_USPres WTP_USFut WTP_RoW WTP_USTotal enviro_mvpf cost_mvpf firm_mvpf cost_wtp ///
>                         env_cost_wtp marginal infmarg wtp_private wtp_soc wtp_no_ice wtp_yes_ev wtp_yes_hev wtp_soc_rbd wtp_yes_ev_local wtp_no_ice_local env_cost_wtp_l wtp_soc_rbd_
> l ///
>                         wtp_yes_ev_g wtp_no_ice_g env_cost_wtp_g wtp_soc_rbd_g ///
>                         wtp_marg wtp_inf wtp_glob wtp_loc wtp_r_glob wtp_r_loc wtp_e_cost ///
>                         WTP_cc wtp_install wtp_prod wtp_prod_s wtp_prod_u wtp_cons wtp_deal admin_cost ///
>                         wtp_permits wtp_abatement permitrev wtp_no_leak wtp_leak ///
>                         wtp_soc_g wtp_soc_l fisc_ext_t fisc_ext_s fisc_ext_lr q_CO2 q_CO2_no p_spend ///
>                         ev_sub_c ev_sub_c_row ev_sub_c_us ev_sub_env ev_sub_cost profits_fisc_e wtp_soc_l_po wtp_soc_l_dr ///
>                         gov_carbon resource_ce q_carbon_mck semie pass_through ///
>                         permitrev_new permitrev_ex fiscalext firm_cost_wtp c_savings resource_cost q_CO2_mck q_CO2_mck_no wtp_ctr gas_corp_fisc_e epsilon /// 
>                         transfer enviro_wtp cost_curve profits subsidies taxes ///
>                         wtp_batt wtp_local_w_r wind_g_wf wind_l_wf
 61.                         
.                         foreach est in `ests' {
 62.                                 gen `est'_`program' = .
 63.                                 macro drop `est'_`program'
 64.                         
.                         }
 65.                         cap recast double cost_wtp_`program'
 66.                         cap recast double cost_mvpf_`program'
 67.                         cap recast double MVPF_`program'
 68. 
.                         local i = 1
 69.                         * Simulations: run each do file ~1000 times and store the estimates from each run
.                         if `replications' > 0 {
 70.                                 qui{
 71.                                         forvalues i = 1/`replications' {
 72.                                                 global draw_number = `i'
 73.                                                 di "${program_folder}/`do_file'"
 74.                                                 * Run the program with the "bootstrap" option and store estimates for this draw
.                                                 if `debug' == 0 qui do "${program_folder}/`do_file'" `program' yes `use_estimates' `mode' // first place the policy .do files are cal
> led
 75.                                                 if `debug' == 1 noi do "${program_folder}/`do_file'" `program' yes `use_estimates' `mode'
 76.                                                 foreach est in `ests'{
 77.                                                         if "${`est'_`program'}" != ""{
 78.                                                                 replace `est'_`program' = ${`est'_`program'} in `i'                                                     
 79.                                                         }
 80.                                                 }
 81.                                         }
 82.                                 }
 83.                         }
 84.                         *** End of 1000 loop
.                                 
.                         * Get point estimates
.                         global draw_number = 0
 85.                         if `debug' == 0 qui do "${program_folder}/`do_file'" `program' no `use_estimates' `mode'
 86.                         if `debug' == 1 noi do "${program_folder}/`do_file'" `program' no `use_estimates' `mode'
 87.                         local inf = 99999
 88.                         local infinity_`program' = `inf'
 89.                                 
.                         
.                         if `replications' >0 {
 90.                                 if inlist("`mode'","baseline", "current")  {
 91.                                         *Save draws
.                                         gen draw_id = _n
 92.                                         local program_temp `program'
 93.                                         local mode_temp `mode'
 94.                                         save "${bootstrap_files}/`program_temp'_`mode_temp'_`replications'_draws_corr_1.dta", replace
 95.                                         drop draw_id
 96.                                 }
 97. 
. 
.                                 * If 99999 is not high enough, set new infinity
.                                 qui su MVPF_`program' if !mi(MVPF_`program')
 98.                                 local max = r(max)
 99.                                 local min = r(min)
100.                                 local infinity_`program' = max(abs(`max'), abs(`min'), `inf' , abs(${MVPF_`program'}))
101.                                 if `infinity_`program''>`inf' {
102.                                         local infinity_`program' = `infinity_`program'' * 10
103.                                         replace MVPF_`program' = `infinity_`program'' if MVPF_`program' == `inf'
104.                                         replace MVPF_`program' = -`infinity_`program'' if MVPF_`program' == -`inf'
105.                                         if ${MVPF_`program'} == `inf' {
106.                                                 global MVPF_`program' = `infinity_`program''
107.                                         }
108.                                         if ${MVPF_`program'} == -`inf' {
109.                                                 global MVPF_`program' = -`infinity_`program''
110.                                         }
111. 
.                                 }
112.                         }
113. 
.                         
.                         *Save all estimates in separate rows
.                         clear
114.                         
.                         local word_count : word count `ests'
115.                         di in red `word_count'
116.                         scalar var_count = `word_count'
117.                         di var_count
118.                         set obs `=scalar(var_count)'
119.                         g col = `c'
120.                         g program = "`program'"
121.                         g component_type = ""
122.                         g component_value = .
123.                         recast double component_value
124.                         g l_component = .
125.                         g u_component = .
126.                         g component_sd = .
127.                         
.                         *********** Making the Final Table of Calculations ***********
.                         local i = 1
128.                         di in red "`i'"
129.                         foreach est in `ests' {
130.                                 di "`est'"
131.                                 replace component_type = "`est'" if _n == `i'
132.                                 if "${`est'_`program'}" != ""{
133.                                         replace component_value = ${`est'_`program'} if _n == `i'
134.                                 }
135.                                 local `est'index = `i'
136.                                 local ++ i
137.                         }
138.                         g infinity = `infinity_`program''
139.                         gen component_over_prog_cost = .
140.                         foreach est in WTP cost {
141.                                 replace component_over_prog_cost = component_value / ${program_cost_`program'} if component_type == "`est'"
142.                         }
143. 
.                         *list assumptions
.                         gen assumptions = "`mode'"
144.                         gen correlation = $correlation
145.                         gen replications = $reps
146. 
.                         tempfile `program'_ests_`c'
147.                         save ``program'_ests_`c'', emptyok
148.                         ds
149.                 }
150. 
.                 *-------------------------------------------------------------------------------
.                 *       3. Export estimates
.                 *-------------------------------------------------------------------------------
.                 use ``program'_ests_1', clear
151. 
.                 if `columns' > 1 {
152.                         forval c = 2/`columns' {
153.                                 append using ``program'_ests_`c''
154.                         }
155.                 }
156. 
.                 drop col
157. 
.                 tempfile `program'_unbdd_ests
158.                 save ``program'_unbdd_ests'
159.                 
.                 drop infinity
160.                 tempfile `program'_ests
161.                 save ``program'_ests'
162. 
. 
.                 if "`mode'" == "baseline"{
163.                         local out_temp ${bootstrap_files}
164. 
.                         export delimited using "`out_temp'/`program'_baseline_estimates_`replications'_replications.csv", replace
165.                         save "`out_temp'/`program'_baseline_estimates_`replications'_replications.dta", replace // version used for waterfall charts
166.                         use ``program'_unbdd_ests', clear
167.                         export delimited using "`out_temp'/`program'_baseline_unbounded_estimates_`replications'_replications.csv", replace
168.                 }
169.                 else{
170.                         save "${bootstrap_files}/`program'_`mode'_estimates_`replications'_replications.dta", replace // version used for waterfall charts
171.                         use ``program'_unbdd_ests', clear
172.                         save "${bootstrap_files}/`program'_`mode'_unbounded_estimates_`replications'_replications.dta", replace
173.                 }
174. 
.                 pause
175. 
.                 di in red "Finished running for `program' under `mode'"
176. 
.                 *Get back bounded estimates for inspection
.                 use ``program'_ests', clear
177. 
. 
.                 if _rc > 0 {
178.                         if _rc == 1 continue, break
179.                         local error_progs = "`error_progs'"+"`program' on `mode', "
180.                         di as err "`program' broke"
181.                 }
182. 
.         } //end of program loop
183. } //end of mode loop
the mode is current
(6 vars, 5 obs)
spec_type     emissions_~r  policy_year   ef_region     State         description

Duplicates in terms of all variables

(0 observations are duplicates)
  5
spec_type     emissions_~r  policy_year   ef_region     State         description
(4 observations deleted)
(0 observations deleted)
1
(0 observations deleted)
spec_type     emissions_~r  policy_year   ef_region     State         description
1
Specification 1 of 1, program 1 of 1 (retrofit_res)
Number of observations (_N) was 0, now 0.
retrofit_res

. *************************************************************************************
. /*       0. Program: Energize Phoenix Energy Retrofit Program - Residential         */
. *************************************************************************************
. 
. /*
> Jing Liang, Yueming Qiu, Timothy James, Benjamin L. Ruddell, Michael Dalrymple, Stevan Earl, Alex Castelazo,
> Do energy retrofits work? Evidence from commercial and residential buildings in Phoenix,
> Journal of Environmental Economics and Management, Volume 92, 2018, Pages 726-743, ISSN 0095-0696, 
> * https://doi.org/10.1016/j.jeem.2017.09.001.
> */
. 
. display `"All the arguments, as typed by the user, are: `0'"'
All the arguments, as typed by the user, are: retrofit_res no uncorrected_vJK current

. 
. ********************************
. /* 1. Pull Global Assumptions */
. ********************************
. * Project wide globals
. local discount = ${discount_rate}

. 
. local replacement = "${replacement}"

. global spec_type = "`4'"

. 
. *********************************
. /* 2. Estimates from Paper */
. *********************************
. /* Import estimates from paper, giving option for corrected estimates.
> When bootstrap!=yes import point estimates for causal estimates.
> When bootstrap==yes import a particular draw for the causal estimates. */
. 
. if "`1'" != "" global name = "`1'"

. local bootstrap = "`2'"

. if "`3'" != "" global folder_name = "`3'"

. if "`bootstrap'" == "yes" {
. *       if ${draw_number} ==1 {
.                 preserve
.                         use "${code_files}/2b_causal_estimates_draws/${folder_name}/${ts_causal_draws}/${name}.dta", clear
.                         qui ds draw_number, not 
.                         global estimates_${name} = r(varlist)
.                         
.                         mkmat ${estimates_${name}}, matrix(draws_${name}) rownames(draw_number)
.                 restore
. *       }
.         local ests ${estimates_${name}}
.         foreach var in `ests' {
  2.                 matrix temp = draws_${name}["${draw_number}", "`var'"]
  3.                 local `var' = temp[1,1]
  4.         }
. }

. if "`bootstrap'" == "no" {
.         preserve
.                 
. qui import excel "${code_files}/2a_causal_estimates_papers/${folder_name}/${name}.xlsx", clear sheet("wrapper_ready") firstrow          
. 
. levelsof estimate, local(estimates)
`"energy_change_residential"'
. 
. 
. 
. 
.                 foreach est in `estimates' {
  2.                         su pe if estimate == "`est'"
  3.                         local `est' = r(mean)
  4.                 }

    Variable |        Obs        Mean    Std. dev.       Min        Max
-------------+---------------------------------------------------------
          pe |          1       -.302           .      -.302      -.302
.         restore
. }

. if "`bootstrap'" == "pe_ci" {
.         preserve
.                 use "${code_files}/2b_causal_estimates_draws/${folder_name}/${ts_causal_draws}/${name}_ci_pe.dta", clear
.                 
. levelsof estimate, local(estimates)
. 
. 
.                 foreach est in `estimates' {
  2.                         sum ${val} if estimate == "`est'"
  3.                         local `est' = r(mean)
  4.                 }
.         restore 
. }

. 
. 
. ****************************************************
. /* 3. Set local assumptions unique to this policy */
. ****************************************************    
.         
. local gov_subsidy = 0.60

. local retrofit_cost = 173324 // from Table 5

. local energy_initial = 1195.8 // from Figure 1

. local subsidy_cost =  `gov_subsidy' * `retrofit_cost'

. 
. *********************************
. /* 4. Intermediate Calculations */
. *********************************
. *Energy Reduction
. local energy_baseline = `energy_initial' * 12 * 24

. local energy_savings_percent = -1 * (exp(`energy_change_residential') - 1)

. local kwh_reduction_annual = `energy_savings_percent' * `energy_baseline'

. 
. weatherization_ado non-marginal, policy_year(${policy_year}) inflation_year(2013) spec(${emissions_factor}) geo(${State}) kwh_reduced(`kwh_reduction_annual') mmbtu_reduced(0) ///
>                                                                  program_cost(`subsidy_cost') replacement(`replacement') policy("`1'")
(3 vars, 7 obs)
`"corporate_tax"' `"marginal_prop"' `"ng_public"' `"retrofit_lifespan"' `"utility_profit"' `"utility_public"' `"val_given"'
(12 vars, 162 obs)
.78064202

. di `r(MVPF)'
1.2101486

. 
. ****************
. /* 5. Outputs */
. ****************
. global MVPF_`1' = `r(MVPF)'

. global cost_`1' = `r(total_cost)'

. global WTP_`1' = `r(WTP)'

. 
. global program_cost_`1' = `r(program_cost)'

. global wtp_soc_`1' = `r(wtp_society)'

. global wtp_marg_`1' = `r(marginal)' 

. global wtp_inf_`1' = `r(inframarginal)' 

. global c_savings_`1' = `r(c_savings)'

. global wtp_glob_`1' = `r(global_pollutants)'

. global wtp_loc_`1' = `r(local_pollutants)'

. global total_cost_`1' = `r(total_cost)'

. global wtp_prod_`1' = `r(corporate_loss)'

. global wtp_r_loc_`1' = `r(rebound_local)'

. global wtp_r_glob_`1' = `r(rebound_global)'

. 
. global fisc_ext_t_`1' = `r(fisc_ext_t)'

. global fisc_ext_s_`1' = `r(fisc_ext_s)'

. global fisc_ext_lr_`1' = `r(fisc_ext_lr)'

. global p_spend_`1' = `r(policy_spending)'

. global q_CO2_`1' = `r(q_carbon)'

. 
. global WTP_USPres_`1' = `r(WTP_USPres)'

. global WTP_USFut_`1'  = `r(WTP_USFut)'

. global WTP_RoW_`1'    = `r(WTP_RoW)'

. 
. global gov_carbon_`1' = `r(gov_carbon)'

. global resource_ce_`1' = `r(resource_ce)'

. global q_carbon_mck_`1' = `r(q_carbon_mck)'

. 
. ** for waterfall charts
. global wtp_comps_`1' wtp_marg wtp_inf wtp_glob wtp_loc wtp_r_loc wtp_r_glob wtp_prod WTP

. global wtp_comps_`1'_commas "wtp_marg", "wtp_inf", "wtp_glob" ,"wtp_loc", "wtp_r_loc", "wtp_r_glob", "wtp_prod", "WTP"

. 
. global cost_comps_`1' program_cost fisc_ext_s fisc_ext_t fisc_ext_lr total_cost

. global cost_comps_`1'_commas "program_cost", "fisc_ext_s", "fisc_ext_t", "fisc_ext_lr", "total_cost"

. global `1'_name "Residential Retrofit"

. global `1'_ep = "N"

. 
. global `1'_xlab 1 `"Marginal"' 2 `"Inframarginal"' 3 `""Global" "Enviro""' 4 `""Local" "Enviro""' 5 `""Rebound" "Local""' 6 `""Rebound" "Global""' 7 `"Producers"' 8 `"Total WTP"' 10
>  `""Program" "Cost""' 11 `""FE" "Subsidies""' 12 `""FE" "Taxes""' 13 `""FE" "Long-Run""' 14 `"Total Cost"' ///
> 

. *color groupings
. global color_group1_`1' = 2

. global color_group2_`1' = 6

. global color_group3_`1' = 7

. global cost_color_start_`1' = 10

. global color_group4_`1' = 13

. 
end of do-file
98
98
Number of observations (_N) was 0, now 98.
(98 missing values generated)
(98 missing values generated)
(98 missing values generated)
(98 missing values generated)
(98 missing values generated)
1
MVPF
variable component_type was str1 now str4
(1 real change made)
(1 real change made)
MVPF_no_cc
variable component_type was str4 now str10
(1 real change made)
cost
(1 real change made)
(1 real change made)
WTP
(1 real change made)
(1 real change made)
program_cost
variable component_type was str10 now str12
(1 real change made)
(1 real change made)
total_cost
(1 real change made)
(1 real change made)
beh_fisc_ext
(1 real change made)
utility_fisc_ext
variable component_type was str12 now str16
(1 real change made)
gas_fisc_ext
(1 real change made)
fed_fisc_ext
(1 real change made)
state_fisc_ext
(1 real change made)
WTP_USPres
(1 real change made)
(1 real change made)
WTP_USFut
(1 real change made)
(1 real change made)
WTP_RoW
(1 real change made)
(1 real change made)
WTP_USTotal
(1 real change made)
enviro_mvpf
(1 real change made)
cost_mvpf
(1 real change made)
firm_mvpf
(1 real change made)
cost_wtp
(1 real change made)
env_cost_wtp
(1 real change made)
marginal
(1 real change made)
infmarg
(1 real change made)
wtp_private
(1 real change made)
wtp_soc
(1 real change made)
(1 real change made)
wtp_no_ice
(1 real change made)
wtp_yes_ev
(1 real change made)
wtp_yes_hev
(1 real change made)
wtp_soc_rbd
(1 real change made)
wtp_yes_ev_local
(1 real change made)
wtp_no_ice_local
(1 real change made)
env_cost_wtp_l
(1 real change made)
wtp_soc_rbd_l
(1 real change made)
wtp_yes_ev_g
(1 real change made)
wtp_no_ice_g
(1 real change made)
env_cost_wtp_g
(1 real change made)
wtp_soc_rbd_g
(1 real change made)
wtp_marg
(1 real change made)
(1 real change made)
wtp_inf
(1 real change made)
(1 real change made)
wtp_glob
(1 real change made)
(1 real change made)
wtp_loc
(1 real change made)
(1 real change made)
wtp_r_glob
(1 real change made)
(1 real change made)
wtp_r_loc
(1 real change made)
(1 real change made)
wtp_e_cost
(1 real change made)
WTP_cc
(1 real change made)
wtp_install
(1 real change made)
wtp_prod
(1 real change made)
(1 real change made)
wtp_prod_s
(1 real change made)
wtp_prod_u
(1 real change made)
wtp_cons
(1 real change made)
wtp_deal
(1 real change made)
admin_cost
(1 real change made)
wtp_permits
(1 real change made)
wtp_abatement
(1 real change made)
permitrev
(1 real change made)
wtp_no_leak
(1 real change made)
wtp_leak
(1 real change made)
wtp_soc_g
(1 real change made)
wtp_soc_l
(1 real change made)
fisc_ext_t
(1 real change made)
(1 real change made)
fisc_ext_s
(1 real change made)
(1 real change made)
fisc_ext_lr
(1 real change made)
(1 real change made)
q_CO2
(1 real change made)
(1 real change made)
q_CO2_no
(1 real change made)
p_spend
(1 real change made)
(1 real change made)
ev_sub_c
(1 real change made)
ev_sub_c_row
(1 real change made)
ev_sub_c_us
(1 real change made)
ev_sub_env
(1 real change made)
ev_sub_cost
(1 real change made)
profits_fisc_e
(1 real change made)
wtp_soc_l_po
(1 real change made)
wtp_soc_l_dr
(1 real change made)
gov_carbon
(1 real change made)
(1 real change made)
resource_ce
(1 real change made)
(1 real change made)
q_carbon_mck
(1 real change made)
(1 real change made)
semie
(1 real change made)
pass_through
(1 real change made)
permitrev_new
(1 real change made)
permitrev_ex
(1 real change made)
fiscalext
(1 real change made)
firm_cost_wtp
(1 real change made)
c_savings
(1 real change made)
(1 real change made)
resource_cost
(1 real change made)
q_CO2_mck
(1 real change made)
q_CO2_mck_no
(1 real change made)
wtp_ctr
(1 real change made)
gas_corp_fisc_e
(1 real change made)
epsilon
(1 real change made)
transfer
(1 real change made)
enviro_wtp
(1 real change made)
cost_curve
(1 real change made)
profits
(1 real change made)
subsidies
(1 real change made)
taxes
(1 real change made)
wtp_batt
(1 real change made)
wtp_local_w_r
(1 real change made)
wind_g_wf
(1 real change made)
wind_l_wf
(1 real change made)
(98 missing values generated)
(1 real change made)
(1 real change made)
file /var/folders/ss/lfl5qx6955x8ysd601l8w13r0000gq/T//S_30199.000001 saved as .dta format
col           program       component~pe  component~ue  l_component   u_component   component_sd  infinity      component_~t  assumptions   correlation   replications
file /var/folders/ss/lfl5qx6955x8ysd601l8w13r0000gq/T//S_30199.000002 saved as .dta format
file /var/folders/ss/lfl5qx6955x8ysd601l8w13r0000gq/T//S_30199.000003 saved as .dta format
(file /Users/beatrice/Documents/GitHub/mvpf-climate/data/3_bootstrap_draws/2025-10-15_14-31-10__resetting_globals_uncorrected_vJK/retrofit_res_current_estimates_0_replications.dta
    not found)
file /Users/beatrice/Documents/GitHub/mvpf-climate/data/3_bootstrap_draws/2025-10-15_14-31-10__resetting_globals_uncorrected_vJK/retrofit_res_current_estimates_0_replications.dta
    saved
(file
    /Users/beatrice/Documents/GitHub/mvpf-climate/data/3_bootstrap_draws/2025-10-15_14-31-10__resetting_globals_uncorrected_vJK/retrofit_res_current_unbounded_estimates_0_replicatio
    > ns.dta not found)
file
    /Users/beatrice/Documents/GitHub/mvpf-climate/data/3_bootstrap_draws/2025-10-15_14-31-10__resetting_globals_uncorrected_vJK/retrofit_res_current_unbounded_estimates_0_replicatio
    > ns.dta saved
Finished running for retrofit_res under current
retrofit_res broke

.  
. 
. *Throw errors if things didn't run
. if _rc != 1 {
.         global error_progs = "`error_progs'"
.         if "`error_progs'" != "" di as err "Finished running but the following programs threw errors: `error_progs'"
Finished running but the following programs threw errors: retrofit_res on current, 
.         else di in red "Finished running with no errors"
. }

. 
. 
. 
end of do-file
SECTION 3: COMPILE ESTIMATES & INFERENCE
compile programs is retrofit_res
compile loop modes is current
current
(file /Users/beatrice/Documents/GitHub/mvpf-climate/data/4_results/2025-10-15_14-31-10__resetting_globals/compiled_results_all_uncorrected_vJK.dta not found)
file /Users/beatrice/Documents/GitHub/mvpf-climate/data/4_results/2025-10-15_14-31-10__resetting_globals/compiled_results_all_uncorrected_vJK.dta saved

. 
. noi di "== END OF SCRIPT =="
== END OF SCRIPT ==

. beep

. 
. 
end of do-file

. 
end of do-file

. do "/var/folders/ss/lfl5qx6955x8ysd601l8w13r0000gq/T//SD30199.000000"

. use "${code_files}/1_assumptions/evs/processed/LDV_out_17ihs_I4.dta", clear

. 
. // Clean data
. 
. keep if !missing(year) & year >= 2021 & year <= 2060
(960 observations deleted)

. keep year emtot_sd_K1

. 
. // Merge with EPA SCC data
. merge 1:1 year using "${code_files}/1_assumptions/evs/processed/epa_scc.dta"
file /Users/beatrice/Documents/GitHub/mvpf-climate/data/1_assumptions/evs/processed/epa_scc.dta not found
r(601);

end of do-file

r(601);

. do "/var/folders/ss/lfl5qx6955x8ysd601l8w13r0000gq/T//SD30199.000000"

. do "${github}/wrapper/clean_data.do"

. /*-----------------------------------------------------------------------
> * Prepare Input Datasets
> *-----------------------------------------------------------------------*/
. 
. // Install reclink if not already installed
. capture which reclink

. if _rc != 0 {
.     ssc install reclink
. }

. 
. global code_files                = "${dropbox}"

. global assumptions               = "${code_files}/1_assumptions"

. 
. global policy_assumptions               = "${assumptions}/policy_category_assumptions_MASTER.xlsx"

. 
.                 import excel "${policy_assumptions}", first clear sheet("cpi_index")
(2 vars, 77 obs)

.                 gen year = year(FREDYear)

.                 qui sum year

.                 local first_year_missing_cpi = r(max) + 1

.                 
.                 levelsof(year), local(year_loop)
1947 1948 1949 1950 1951 1952 1953 1954 1955 1956 1957 1958 1959 1960 1961 1962 1963 1964 1965 1966 1967 1968 1969 1970 1971 1972 1973 1974 1975 1976 1977 1978 1979 1980 1981 1982 198
> 3 1984 1985 1986 1987 1988 1989 1990 1991 1992 1993 1994 1995 1996 1997 1998 1999 2000 2001 2002 2003 2004 2005 2006 2007 2008 2009 2010 2011 2012 2013 2014 2015 2016 2017 2018 2019
>  2020 2021 2022 2023

.                 foreach y of local year_loop {
  2.                         
.                         qui sum index if year == `y'
  3.                         global cpi_`y' = r(mean) 
  4.                         
.                 }

. 
.                 forval y = `first_year_missing_cpi'(1)2050 {
  2.                         
.                         global cpi_`y' = ${cpi_2020}
  3.                         
.                 }

.                 
. 
. do "${github}/data_cleaning/build_batt_data.do"

. 
. ******************************************************
. /* Cleans data from Ziegler and Trancik on the cost of 
> two different types of batteries over time */
. ******************************************************
. 
. 
. if ("`c(username)'" == "sarahaa") { // Sarah
.     global user = "C:/Users/sarahaa"
.     global dropbox = "${user}/Dropbox (MIT)/Regulation"
.     global github = "${user}/Documents/GitHub/mvpf-enviro"
. }

. 
. if ("`c(username)'" == "sarah") { // Sarah's personal computer
.         global user = "/Users/sarah"
.         global dropbox = "${user}/Dropbox (MIT)/Regulation"
.         global github = "${user}/Documents/GitHub/mvpf-enviro"
. }

. 
. import excel using "${code_files}/1_assumptions/evs/battery_costs_zt.xlsx", clear first sheet("RepreSeries_Price_cy")
(16 vars, 26 obs)

. ren IndependentAxisData year

. ren DependentAxisData prod_cost_2018

. label variable prod_cost "2018 dollars, per kWh"

. 
. keep year prod_cost_2018

. 
. save "${code_files}/1_assumptions/evs/processed/cyl_batt_costs_zt", replace
file /Users/beatrice/Documents/GitHub/mvpf-climate/data/1_assumptions/evs/processed/cyl_batt_costs_zt.dta saved

. 
. import excel using "${code_files}/1_assumptions/evs/battery_costs_doe", clear first 
(3 vars, 37 obs)

. 
. ren USDepartmentofEnergyVehic year

. ren B prod_cost_current

. ren C prod_cost_2021

. drop if strpos(year,"Fact")
(1 observation deleted)

. drop if missing(year)
(10 observations deleted)

. drop if strpos(year,"Estimated")
(1 observation deleted)

. drop if strpos(year,"Year")
(1 observation deleted)

. drop if strpos(year,"Note")
(1 observation deleted)

. drop if strpos(year,"Sources")
(1 observation deleted)

. drop if strpos(year,"estimation")
(1 observation deleted)

. drop if strpos(year,"Merit")
(2 observations deleted)

. drop if strpos(year,"merit")
(1 observation deleted)

. drop if strpos(year,"node")
(1 observation deleted)

. drop if strpos(year,"Medicine")
(1 observation deleted)

. drop if strpos(year,"doi")
(1 observation deleted)

. 
. destring year, replace
year: all characters numeric; replaced as int

. destring prod_cost_current, replace
prod_cost_current: all characters numeric; replaced as double

. destring prod_cost_2021, replace
prod_cost_2021: all characters numeric; replaced as double

. 
. gen prod_cost_2018 = prod_cost_2021 * (${cpi_2018} / ${cpi_2021})

. 
. save "${code_files}/1_assumptions/evs/processed/clean_battery_costs_doe", replace
file /Users/beatrice/Documents/GitHub/mvpf-climate/data/1_assumptions/evs/processed/clean_battery_costs_doe.dta saved

. 
. append using "${code_files}/1_assumptions/evs/processed/cyl_batt_costs_zt", gen(source)
(variable prod_cost_2018 was float, now double to accommodate using data's values)

. 
. sort year source

. by year: gen diff = prod_cost_2018[1] - prod_cost_2018[2]
(23 missing values generated)

. 
. drop if year >= 2008 & year <= 2016 & source == 0
(9 observations deleted)

. 
. save "${code_files}/1_assumptions/evs/processed/cyl_batt_costs_combined", replace
file /Users/beatrice/Documents/GitHub/mvpf-climate/data/1_assumptions/evs/processed/cyl_batt_costs_combined.dta saved

. 
. import excel using "${code_files}/1_assumptions/evs/battery_costs_zt.xlsx", clear first sheet("RepreSeries_Price_All_Cells")
(16 vars, 28 obs)

. ren IndependentAxisData year

. ren DependentAxisData prod_cost_2018

. label variable prod_cost "2018 dollars, per kWh"

. 
. keep year prod_cost_2018

. 
. save "${code_files}/1_assumptions/evs/processed/all_cells_batt_costs_zt", replace
file /Users/beatrice/Documents/GitHub/mvpf-climate/data/1_assumptions/evs/processed/all_cells_batt_costs_zt.dta saved

. 
. append using "${code_files}/1_assumptions/evs/processed/clean_battery_costs_doe", gen(source)

. 
. sort year source

. by year: gen diff = prod_cost_2018[1] - prod_cost_2018[2]
(21 missing values generated)

. drop if year >= 2008 & year <= 2018 & source == 0
(11 observations deleted)

. 
. save "${code_files}/1_assumptions/evs/processed/all_cells_batt_costs_combined", replace
file /Users/beatrice/Documents/GitHub/mvpf-climate/data/1_assumptions/evs/processed/all_cells_batt_costs_combined.dta saved

. 
end of do-file

. 
. do "${github}/data_cleaning/build_batt_sales_data.do"

. *****************************************************
. /* Cleans data from Ziegler and Trancik and Statista
> on the sales of batteries over time */
. *****************************************************
. 
. if ("`c(username)'" == "sarahaa") { // Sarah
.     global user = "C:/Users/sarahaa"
.     global dropbox = "${user}/Dropbox (MIT)/Regulation"
.     global github = "${user}/Documents/GitHub/mvpf-enviro"
. }

. 
. if ("`c(username)'" == "sarah") { // Sarah's personal computer
.         global user = "/Users/sarah"
.         global dropbox = "${user}/Dropbox (MIT)/Regulation"
.         global github = "${user}/Documents/GitHub/mvpf-enviro"
. }

. 
. import excel using "${code_files}/1_assumptions/evs/battery_costs_zt.xlsx", clear first sheet("RepreSeries_MarketSize_All_MWh")
(16 vars, 26 obs)

. 
. ren IndependentAxisData year

. ren DependentAxisData marg_sales

. label variable marg_sales "MWh"

. 
. keep year marg_sales

. 
. save "${code_files}/1_assumptions/evs/processed/battery_marg_sales_zt", replace
file /Users/beatrice/Documents/GitHub/mvpf-climate/data/1_assumptions/evs/processed/battery_marg_sales_zt.dta saved

. 
. import excel using "${code_files}/1_assumptions/evs/marg_batt_sales_2016_2022_statista", clear first sheet("Data")
(5 vars, 9 obs)

. 
. ren EVlithiumionbatterydemandwo year

. ren C china

. ren D europe

. ren E us

. ren F other

. 
. drop if strpos(year,"from")
(1 observation deleted)

. drop if missing(year)
(1 observation deleted)

. 
. destring year, replace
year: all characters numeric; replaced as int

. destring china, replace
china: all characters numeric; replaced as double

. destring europe, replace
europe: all characters numeric; replaced as double

. destring us, replace
us: all characters numeric; replaced as double

. destring other, replace
other: all characters numeric; replaced as double

. 
. egen marg_sales = rowtotal(china europe us other)

. keep year marg_sales

. 
. replace marg_sales = marg_sales * 1000 // converting to MWh
(7 real changes made)

. 
. append using "${code_files}/1_assumptions/evs/processed/battery_marg_sales_zt", gen(source)
(variable marg_sales was float, now double to accommodate using data's values)

. 
. sort year source

. by year: gen diff = marg_sales[1] - marg_sales[2]
(31 missing values generated)

. 
. drop if year == 2016 & source == 0
(1 observation deleted)

. 
. sort year

. 
. gen cum_sales = sum(marg_sales)

. 
. save "${code_files}/1_assumptions/evs/processed/battery_sales_combined", replace
file /Users/beatrice/Documents/GitHub/mvpf-climate/data/1_assumptions/evs/processed/battery_sales_combined.dta saved

. 
end of do-file

. 
. do "${github}/data_cleaning/clean_2023_kbb_data.do"

. if ("`c(username)'" == "sarahaa") { // Sarah
.     global user = "C:/Users/sarahaa"
.     global dropbox = "${user}/Dropbox (MIT)/Regulation"
.     global github = "${user}/Documents/GitHub/mvpf-enviro"
. }

. 
. if ("`c(username)'" == "sarah") { // Sarah's personal computer
.         global user = "/Users/sarah"
.         global dropbox = "${user}/Dropbox (MIT)/Regulation"
.         global github = "${user}/Documents/GitHub/mvpf-enviro"
. }

. 
. import excel using "${code_files}/1_assumptions/evs/kbb_ev_sales_q12023.xlsx", clear first sheet("Table 3")
(10 vars, 54 obs)

. ren ELECTRICVEHICLEMODEL vehicle

. 
. ren B sales2023q1

. keep vehicle sales2023q1

. drop if missing(vehicle)
(3 observations deleted)

. 
. drop if vehicle == "Total (Estimates)"
(1 observation deleted)

. drop if vehicle == "Toyota Mirai"
(1 observation deleted)

. drop if vehicle == "Hyundia Nexo"
(1 observation deleted)

. drop if vehicle == "Honda Clarity"
(1 observation deleted)

. drop if vehicle == "Total EV & FCEV (Estimates)"
(1 observation deleted)

. 
. tempfile q1

. sa `q1'
file /var/folders/ss/lfl5qx6955x8ysd601l8w13r0000gq/T//S_30199.000001 saved as .dta format

. 
. import excel using "${code_files}/1_assumptions/evs/kbb_ev_sales_q22023.xlsx", clear first sheet("Table 3")
(10 vars, 57 obs)

. ren ELECTRICVEHICLEMODEL vehicle

. 
. ren B sales2023q2

. keep vehicle sales2023q2

. drop if missing(vehicle)
(3 observations deleted)

. 
. drop if vehicle == "Total (Estimates)"
(1 observation deleted)

. drop if vehicle == "Toyota Mirai"
(1 observation deleted)

. drop if vehicle == "Hyundia Nexo"
(1 observation deleted)

. drop if vehicle == "Honda Clarity"
(1 observation deleted)

. drop if vehicle == "Total EV & FCEV (Estimates)"
(1 observation deleted)

. 
. tempfile q2

. sa `q2'
file /var/folders/ss/lfl5qx6955x8ysd601l8w13r0000gq/T//S_30199.000002 saved as .dta format

. 
. import excel using "${code_files}/1_assumptions/evs/kbb_ev_sales_q32023.xlsx", clear first sheet("Table 3")
(10 vars, 60 obs)

. ren ELECTRICVEHICLEMODEL vehicle

. 
. ren B sales2023q3

. keep vehicle sales2023q3

. drop if missing(vehicle)
(3 observations deleted)

. 
. drop if vehicle == "Total (Estimates)"
(1 observation deleted)

. drop if vehicle == "Toyota Mirai"
(1 observation deleted)

. drop if vehicle == "Hyundia Nexo"
(1 observation deleted)

. drop if vehicle == "Honda Clarity"
(1 observation deleted)

. drop if vehicle == "Total EV & FCEV (Estimates)"
(1 observation deleted)

. 
. tempfile q3

. sa `q3'
file /var/folders/ss/lfl5qx6955x8ysd601l8w13r0000gq/T//S_30199.000003 saved as .dta format

. 
. import excel using "${code_files}/1_assumptions/evs/kbb_ev_sales_q42023.xlsx", clear first sheet("Table 3")
(10 vars, 62 obs)

. ren ELECTRICVEHICLEMODEL vehicle

. 
. ren B sales2023q4

. keep vehicle sales2023q4

. drop if missing(vehicle)
(3 observations deleted)

. 
. drop if vehicle == "Total (Estimates)"
(1 observation deleted)

. drop if vehicle == "Toyota Mirai"
(1 observation deleted)

. drop if vehicle == "Hyundai Nexo"
(1 observation deleted)

. drop if vehicle == "Honda Clarity"
(1 observation deleted)

. drop if vehicle == "Total EV & FCEV (Estimates)"
(1 observation deleted)

. 
. merge 1:1 vehicle using `q1'

    Result                      Number of obs
    -----------------------------------------
    Not matched                            10
        from master                         9  (_merge==1)
        from using                          1  (_merge==2)

    Matched                                45  (_merge==3)
    -----------------------------------------

. drop _merge

. 
. merge 1:1 vehicle using `q2'

    Result                      Number of obs
    -----------------------------------------
    Not matched                             6
        from master                         6  (_merge==1)
        from using                          0  (_merge==2)

    Matched                                49  (_merge==3)
    -----------------------------------------

. drop _merge

. 
. merge 1:1 vehicle using `q3'

    Result                      Number of obs
    -----------------------------------------
    Not matched                             3
        from master                         3  (_merge==1)
        from using                          0  (_merge==2)

    Matched                                52  (_merge==3)
    -----------------------------------------

. 
. replace sales2023q1 = "" if sales2023q1 == "-"
(4 real changes made)

. replace sales2023q2 = "" if sales2023q2 == "-"
(3 real changes made)

. replace sales2023q3 = "" if sales2023q3 == "-"
(3 real changes made)

. replace sales2023q4 = "" if sales2023q4 == "-"
(4 real changes made)

. 
. destring(sales2023q1), replace
sales2023q1: all characters numeric; replaced as long
(13 missing values generated)

. destring(sales2023q2), replace
sales2023q2: all characters numeric; replaced as long
(9 missing values generated)

. destring(sales2023q3), replace
sales2023q3: all characters numeric; replaced as long
(6 missing values generated)

. destring(sales2023q4), replace
sales2023q4: all characters numeric; replaced as long
(5 missing values generated)

. 
. egen sales2023 = rowtotal(sales2023q1 sales2023q2 sales2023q3 sales2023q4)

. sort sales2023

. 
. ren vehicle Vehicle

. drop _merge

. 
. replace Vehicle = "Chevy Bolt" if Vehicle == "Chevy Bolt EV/EUV"
(1 real change made)

. replace Vehicle = "Hyundai Ioniq EV" if Vehicle == "Hyundai Ioniq"
(1 real change made)

. replace Vehicle = "Hyundai Kona Electric" if Vehicle == "Hyundai Kona"
(1 real change made)

. replace Vehicle = "Kia Niro EV" if Vehicle == "Kia Niro"
(1 real change made)

. replace Vehicle = "Rivian EDV500" if Vehicle == "Rivian EDV500/700"
(1 real change made)

. 
. save "${code_files}/1_assumptions/evs/processed/kbb_ev_sales2023", replace
file /Users/beatrice/Documents/GitHub/mvpf-climate/data/1_assumptions/evs/processed/kbb_ev_sales2023.dta saved

. 
end of do-file

. 
. do "${github}/data_cleaning/build_bev_fed_subsidy_data.do"

. *****************************************************
. /* Cleans data from Ziegler and Trancik and Statista
> on the sales of batteries over time */
. *****************************************************
. 
. if ("`c(username)'" == "sarahaa") { // Sarah
.     global user = "C:/Users/sarahaa"
.     global dropbox = "${user}/Dropbox (MIT)/Regulation"
.     global github = "${user}/Documents/GitHub/mvpf-enviro"
. }

. 
. if ("`c(username)'" == "sarah") { // Sarah's personal computer
.         global user = "/Users/sarah"
.         global dropbox = "${user}/Dropbox (MIT)/Regulation"
.         global github = "${user}/Documents/GitHub/mvpf-enviro"
. }

. 
. ** Pull in previously gathered data on the sales, energy consumption, MSRP, and battery capacity of BEV models from 2010 through 2020
. 
. import excel using "${code_files}/1_assumptions/policy_category_assumptions_MASTER.xlsx", clear first sheet("ev_kwh_calcs")
(51 vars, 73 obs)

. keep if Type == "EV"
(43 observations deleted)

. ren C sales2011

. ren kWhpermile eff2011

. ren msrp msrp2011

. ren batterykWh batt_cap2011

. ren G sales2012

. ren H eff2012

. ren I msrp2012

. ren J batt_cap2012

. ren K sales2013

. ren L eff2013

. ren M msrp2013

. ren N batt_cap2013

. ren O sales2014

. ren P eff2014

. ren Q msrp2014

. ren R batt_cap2014

. ren S sales2015

. ren T eff2015

. ren U msrp2015

. ren V batt_cap2015

. ren W sales2016

. ren X eff2016

. ren Y msrp2016

. ren Z batt_cap2016

. ren AA sales2017

. ren AB eff2017

. ren AC msrp2017

. ren AD batt_cap2017

. ren AE sales2018

. ren AF eff2018

. ren AG msrp2018

. ren AH batt_cap2018

. ren AI sales2019

. ren AJ eff2019

. ren AK msrp2019

. ren AL batt_cap2019

. ren AM sales2020

. ren AN eff2020

. ren AO msrp2020

. ren AP batt_cap2020

. ren AQ sales2021

. ren AR eff2021

. ren AS msrp2021

. ren AT batt_cap2021

. ren AU sales2022

. ren AV eff2022

. ren AW msrp2022

. ren AX batt_cap2022

. 
. foreach v of var *{
  2.         di "variable is `v'"
  3.         capture confirm string variable `v'
  4.         if !_rc{
  5.                 replace `v' = "" if `v' == "-"
  6.                 destring `v', replace
  7.         }
  8. }
variable is Vehicle
(0 real changes made)
Vehicle: contains nonnumeric characters; no replace
variable is Type
(0 real changes made)
Type: contains nonnumeric characters; no replace
variable is sales2011
variable is eff2011
variable is msrp2011
variable is batt_cap2011
variable is sales2012
variable is eff2012
variable is msrp2012
variable is batt_cap2012
variable is sales2013
(7 real changes made)
sales2013: all characters numeric; replaced as int
(7 missing values generated)
variable is eff2013
variable is msrp2013
variable is batt_cap2013
variable is sales2014
(7 real changes made)
sales2014: all characters numeric; replaced as int
(7 missing values generated)
variable is eff2014
variable is msrp2014
(3 real changes made)
msrp2014: all characters numeric; replaced as double
(21 missing values generated)
variable is batt_cap2014
variable is sales2015
(7 real changes made)
sales2015: all characters numeric; replaced as int
(7 missing values generated)
variable is eff2015
variable is msrp2015
(8 real changes made)
msrp2015: all characters numeric; replaced as double
(23 missing values generated)
variable is batt_cap2015
variable is sales2016
(7 real changes made)
sales2016: all characters numeric; replaced as int
(7 missing values generated)
variable is eff2016
variable is msrp2016
(7 real changes made)
msrp2016: all characters numeric; replaced as double
(21 missing values generated)
variable is batt_cap2016
variable is sales2017
(7 real changes made)
sales2017: all characters numeric; replaced as int
(7 missing values generated)
variable is eff2017
variable is msrp2017
(18 real changes made)
msrp2017: all characters numeric; replaced as double
(18 missing values generated)
variable is batt_cap2017
(18 real changes made)
batt_cap2017: all characters numeric; replaced as double
(20 missing values generated)
variable is sales2018
(7 real changes made)
sales2018: all characters numeric; replaced as long
(7 missing values generated)
variable is eff2018
variable is msrp2018
(9 real changes made)
msrp2018: all characters numeric; replaced as double
(19 missing values generated)
variable is batt_cap2018
(20 real changes made)
batt_cap2018: all characters numeric; replaced as double
(20 missing values generated)
variable is sales2019
(7 real changes made)
sales2019: all characters numeric; replaced as long
(7 missing values generated)
variable is eff2019
variable is msrp2019
(7 real changes made)
msrp2019: all characters numeric; replaced as double
(14 missing values generated)
variable is batt_cap2019
(15 real changes made)
batt_cap2019: all characters numeric; replaced as double
(15 missing values generated)
variable is sales2020
(5 real changes made)
sales2020: all characters numeric; replaced as long
(24 missing values generated)
variable is eff2020
variable is msrp2020
(1 real change made)
msrp2020: all characters numeric; replaced as double
(25 missing values generated)
variable is batt_cap2020
(25 real changes made)
batt_cap2020: all characters numeric; replaced as double
(25 missing values generated)
variable is sales2021
(1 real change made)
sales2021: all characters numeric; replaced as long
(19 missing values generated)
variable is eff2021
variable is msrp2021
(3 real changes made)
msrp2021: all characters numeric; replaced as double
(23 missing values generated)
variable is batt_cap2021
(19 real changes made)
batt_cap2021: all characters numeric; replaced as double
(22 missing values generated)
variable is sales2022
variable is eff2022
variable is msrp2022
(2 real changes made)
msrp2022: all characters numeric; replaced as double
(21 missing values generated)
variable is batt_cap2022
(18 real changes made)
batt_cap2022: all characters numeric; replaced as double
(19 missing values generated)
variable is Total

. 
. drop Total

. 
. gsort  -sales2011 -sales2012 -sales2013 -sales2014 -sales2015 -sales2016 -sales2017 -sales2018 -sales2019 -sales2020 -sales2021 -sales2022

. 
. ** Fill in subsidy data from fueleconomy.gov, average within model if there are different numbers for trims
. 
. forvalues i = 2011(1)2022{
  2.         gen subsidy`i' = .
  3. }
(30 missing values generated)
(30 missing values generated)
(30 missing values generated)
(30 missing values generated)
(30 missing values generated)
(30 missing values generated)
(30 missing values generated)
(30 missing values generated)
(30 missing values generated)
(30 missing values generated)
(30 missing values generated)
(30 missing values generated)

. 
. forvalues i = 2011(1)2022{
  2.         replace subsidy`i' = 7500 if Vehicle == "Nissan Leaf"
  3. }
(1 real change made)
(1 real change made)
(1 real change made)
(1 real change made)
(1 real change made)
(1 real change made)
(1 real change made)
(1 real change made)
(1 real change made)
(1 real change made)
(1 real change made)
(1 real change made)

. 
. forvalues i = 2012(1)2018{
  2.         replace subsidy`i' = 7500 if Vehicle == "Ford Focus EV"
  3. }
(1 real change made)
(1 real change made)
(1 real change made)
(1 real change made)
(1 real change made)
(1 real change made)
(1 real change made)

. 
. foreach i of numlist 2012 2014 2016 2017{
  2.         replace subsidy`i' = 7500 if Vehicle == "Mitsubishi I EV"
  3. }
(1 real change made)
(1 real change made)
(1 real change made)
(1 real change made)

. 
. forvalues i = 2012(1)2018{
  2.         replace subsidy`i' = 7500 if Vehicle == "Tesla Model S"
  3. }
(1 real change made)
(1 real change made)
(1 real change made)
(1 real change made)
(1 real change made)
(1 real change made)
(1 real change made)

. 
. replace subsidy2019 = (3750 + 1875) / 2 if Vehicle == "Tesla Model S"
(1 real change made)

. replace subsidy2020 = 0 if Vehicle == "Tesla Model S"
(1 real change made)

. 
. forvalues i = 2012(1)2014{
  2.         replace subsidy`i' = 7500 if Vehicle == "Toyota RAV4 EV"
  3. }
(1 real change made)
(1 real change made)
(1 real change made)

. 
. order Vehicle subsidy2011 subsidy2012 subsidy2013 subsidy2014 subsidy2015 subsidy2016 subsidy2017 subsidy2018 subsidy2019 subsidy2020 subsidy2021 subsidy2022

. 
. forvalues i = 2012(1)2019{
  2.         replace subsidy`i' = 7500 if Vehicle == "Fiat 500E"
  3. }
(1 real change made)
(1 real change made)
(1 real change made)
(1 real change made)
(1 real change made)
(1 real change made)
(1 real change made)
(1 real change made)

. 
. forvalues i = 2013(1)2019{
  2.         replace subsidy`i' = 7500 if Vehicle == "Smart ED"
  3. }
(1 real change made)
(1 real change made)
(1 real change made)
(1 real change made)
(1 real change made)
(1 real change made)
(1 real change made)

. 
. forvalues i = 2014(1)2012{
  2.         replace subsidy`i' = 7500 if Vehicle == "BMW i3"
  3. }

. 
. forvalues i = 2014(1)2016{
  2.         replace subsidy`i' = 7500 if Vehicle == "Chevy Spark"
  3. }
(1 real change made)
(1 real change made)
(1 real change made)

. 
. forvalues i = 2014(1)2017{
  2.         replace subsidy`i' = 7500 if Vehicle == "Mercedes B-Class (B250e)"
  3. }
(1 real change made)
(1 real change made)
(1 real change made)
(1 real change made)

. 
. forvalues i = 2015(1)2020{
  2.         replace subsidy`i' = 7500 if Vehicle == "Kia Soul EV"
  3. }
(1 real change made)
(1 real change made)
(1 real change made)
(1 real change made)
(1 real change made)
(1 real change made)

. 
. forvalues i = 2015(1)2019{
  2.         replace subsidy`i' = 7500 if Vehicle == "VW e-Golf"
  3. }
(1 real change made)
(1 real change made)
(1 real change made)
(1 real change made)
(1 real change made)

. 
. forvalues i = 2016(1)2018{
  2.         replace subsidy`i' = 7500 if Vehicle == "Tesla Model X"
  3. }
(1 real change made)
(1 real change made)
(1 real change made)

. replace subsidy2019 = (3750 + 1875) / 2 if Vehicle == "Tesla Model X"
(1 real change made)

. replace subsidy2020 = 0 if Vehicle == "Tesla Model X"
(1 real change made)

. 
. forvalues i = 2017(1)2018{
  2.         replace subsidy`i' = 7500 if Vehicle == "Chevy Bolt"
  3. }
(1 real change made)
(1 real change made)

. 
. replace subsidy2019 = (7500 * 3 + 3750 * 7 + 1875 * 3) / 12 if Vehicle == "Chevy Bolt"
(1 real change made)

. replace subsidy2020 = (1875 * 3) / 12 if Vehicle == "Chevy Bolt"
(1 real change made)

. 
. forvalues i = 2017(1)2022{
  2.         replace subsidy`i' = 7500 if Vehicle == "Hyundai Ioniq EV"
  3. }
(1 real change made)
(1 real change made)
(1 real change made)
(1 real change made)
(1 real change made)
(1 real change made)

. 
. forvalues i = 2017(1)2018{
  2.         replace subsidy`i' = 7500 if Vehicle == "Tesla Model 3"
  3. }
(1 real change made)
(1 real change made)

. replace subsidy2019 = (3750 * 6 + 1875 * 6) / 12 if Vehicle == "Tesla Model X"
(0 real changes made)

. replace subsidy2020 = 0 if Vehicle == "Tesla Model X"
(0 real changes made)

. 
. forvalues i = 2019(1)2022{
  2.         replace subsidy`i' = 7500 if Vehicle == "Audi e-tron"
  3. }
(1 real change made)
(1 real change made)
(1 real change made)
(1 real change made)

. forvalues i = 2019(1)2022{
  2.         replace subsidy`i' = 7500 if Vehicle == "Hundai Kona Electric"
  3.         replace subsidy`i' = 7500 if Vehicle == "Kia Niro EV"
  4. }
(0 real changes made)
(1 real change made)
(0 real changes made)
(1 real change made)
(0 real changes made)
(1 real change made)
(0 real changes made)
(1 real change made)

. forvalues i = 2019(1)2022{
  2.         replace subsidy`i' = 7500 if Vehicle == "Jaguar I-Pace"
  3. }
(1 real change made)
(1 real change made)
(1 real change made)
(1 real change made)

. forvalues i = 2021(1)2022{
  2.         replace subsidy`i' = 7500 if Vehicle == "Ford Mustang Mach-E"
  3. }
(1 real change made)
(1 real change made)

. replace subsidy2021 = 7500 if Vehicle == "VW ID.4"
(1 real change made)

. replace subsidy2022 = 7500 if Vehicle == "BMW i4" | Vehicle == "Ford F-150 Lightning" | Vehicle == "Mercedes EQS1" | Vehicle == "Rivian R1T" | Vehicle == "VW ID.4"
(5 real changes made)

. 
. order Vehicle sales2011 subsidy2011 sales2012 subsidy2012 sales2013 subsidy2013 sales2014 subsidy2014 sales2015 subsidy2015 sales2016 subsidy2016 sales2017 subsidy2017 sales2018 sub
> sidy2018 sales2019 subsidy2019 sales2020 subsidy2020 sales2021 subsidy2021 sales2022 subsidy2022

. 
. forv i = 2011(1)2022{
  2.         gen sales_subsidy`i' = sales`i'
  3.         replace sales_subsidy`i' = 0 if missing(batt_cap`i')
  4. }
(2 real changes made)
(4 real changes made)
(7 missing values generated)
(12 real changes made)
(7 missing values generated)
(11 real changes made)
(7 missing values generated)
(14 real changes made)
(7 missing values generated)
(11 real changes made)
(7 missing values generated)
(13 real changes made)
(7 missing values generated)
(13 real changes made)
(7 missing values generated)
(9 real changes made)
(24 missing values generated)
(25 real changes made)
(19 missing values generated)
(22 real changes made)
(18 missing values generated)
(19 real changes made)

. 
. order Vehicle sales2011 sales_subsidy2011 subsidy2011 sales2012 sales_subsidy2012 subsidy2012 sales2013 sales_subsidy2013 subsidy2013 sales2014 sales_subsidy2014 subsidy2014 sales20
> 15 sales_subsidy2015 subsidy2015 sales2016 subsidy2016 sales2017 subsidy2017 sales2018 subsidy2018 sales2019 subsidy2019 sales2020 subsidy2020 sales2021 subsidy2021 sales2022 subsid
> y2022

. 
. merge 1:1 Vehicle using "${code_files}/1_assumptions/evs/processed/kbb_ev_sales2023"

    Result                      Number of obs
    -----------------------------------------
    Not matched                            51
        from master                        13  (_merge==1)
        from using                         38  (_merge==2)

    Matched                                17  (_merge==3)
    -----------------------------------------

. 
. *** Adding in 2023 IRA subsidies ***
. gen subsidy2023 = .
(68 missing values generated)

. replace subsidy2023 = 7500 if Vehicle == "Cadillac Lyric" | Vehicle == "Chevy Bolt" | Vehicle == "Ford E-Transit" | Vehicle == "Ford F-150 Lightning" | Vehicle == "Ford Mustang Mach
> -E" | Vehicle == "Genesis GV70" | Vehicle == "Mercedes EQE" | Vehicle == "Nissan Leaf" | Vehicle == "Rivian R1S" | Vehicle == "Rivian R1T" | Vehicle == "Tesla Model 3" | Vehicle == 
> "Tesla Model Y" | Vehicle == "VW ID.4"
(13 real changes made)

. 
. *** Adding in 2023 model battery capacities
. gen batt_cap2023 = .
(68 missing values generated)

. replace batt_cap2023 = 82 if Vehicle == "Audi Q4 e-tron" // audiusa.com
(1 real change made)

. replace batt_cap2023 = 95 if Vehicle == "Audi e-tron" // audiusa.com
(1 real change made)

. replace batt_cap2023 = (83.9 + 70.2 + 83.9) / 3  if Vehicle == "BMW i4" // https://www.edmunds.com/bmw/i4/2023/st-401943408/features-specs/
(1 real change made)

. replace batt_cap2023 = 105.7 if Vehicle == "BMW i7" // bmwoftenafly.com
(1 real change made)

. replace batt_cap2023 = 111.5 if Vehicle == "BMW iX" // https://www.edmunds.com/bmw/ix/2023/features-specs/
(1 real change made)

. replace batt_cap2023 = 102 if Vehicle == "Cadillac Lyric" // https://www.edmunds.com/cadillac/lyriq/2023/features-specs/
(1 real change made)

. replace batt_cap2023 = 65 if Vehicle == "Chevrolet Bolt" // https://www.edmunds.com/chevrolet/bolt-ev/2023/features-specs/
(0 real changes made)

. replace batt_cap2023 = (73 + 113 + 113) / 3 if Vehicle == "Fisker Ocean" // https://www.edmunds.com/fisker/ocean/2023/features-specs/
(1 real change made)

. 
. 
. forv i = 2011(1)2022{
  2.         egen subsidy_N`i' = total(sales_subsidy`i')
  3.         egen subsidy_weighted_avg`i' = total(sales_subsidy`i' * subsidy`i')
  4.         replace subsidy_weighted_avg`i' = subsidy_weighted_avg`i' / subsidy_N`i'
  5.         egen total_sales`i' = total(sales`i')
  6. }
(68 real changes made)
(68 real changes made)
(68 real changes made)
(68 real changes made)
(68 real changes made)
(68 real changes made)
(68 real changes made)
(68 real changes made)
(68 real changes made)
(68 real changes made)
(68 real changes made)
(68 real changes made)

. 
. reshape long subsidy_weighted_avg subsidy_N total_sales, i(Vehicle) j(year)
(j = 2011 2012 2013 2014 2015 2016 2017 2018 2019 2020 2021 2022)

Data                               Wide   ->   Long
-----------------------------------------------------------------------------
Number of observations               68   ->   816         
Number of variables                 118   ->   86          
j variable (12 values)                    ->   year
xij variables:
subsidy_weighted_avg2011 subsidy_weighted_avg2012 ... subsidy_weighted_avg2022->subsidy_weighted_avg
subsidy_N2011 subsidy_N2012 ... subsidy_N2022->subsidy_N
total_sales2011 total_sales2012 ... total_sales2022->total_sales
-----------------------------------------------------------------------------

. keep Vehicle year subsidy_weighted_avg subsidy_N total_sales

. sort year

. duplicates drop year subsidy_weighted_avg, force

Duplicates in terms of year subsidy_weighted_avg

(804 observations deleted)

. drop Vehicle

. 
. * Source and calculation in policy_category_assumptions_MASTER, tab: ev_cf_mpg_calcs
. gen cf_mpg = .
(12 missing values generated)

. replace cf_mpg = 34.14553791 if year == 2011
(1 real change made)

. replace cf_mpg = 36.1435982 if year == 2012
(1 real change made)

. replace cf_mpg = 37.18641938 if year == 2013
(1 real change made)

. replace cf_mpg = 37.15545901 if year == 2014
(1 real change made)

. replace cf_mpg = 37.98032025 if year == 2015
(1 real change made)

. replace cf_mpg = 38.36676002 if year == 2016
(1 real change made)

. replace cf_mpg = 39.25534422 if year == 2017
(1 real change made)

. replace cf_mpg = 40.19405409 if year == 2018
(1 real change made)

. replace cf_mpg = 40.22276842 if year == 2019
(1 real change made)

. replace cf_mpg = 41.23347259 if year == 2020
(1 real change made)

. replace cf_mpg = 42.83519439 if year == 2021
(1 real change made)

. replace cf_mpg = 44.74198748 if year == 2022
(1 real change made)

. 
. save "${code_files}/1_assumptions/evs/processed/bev_fed_subsidy_data.dta", replace
file /Users/beatrice/Documents/GitHub/mvpf-climate/data/1_assumptions/evs/processed/bev_fed_subsidy_data.dta saved

. 
. 
end of do-file

. 
. do "${github}/data_cleaning/build_ev_vmt_by_age_state.do"

. 
. if ("`c(username)'" == "sarahaa") { // Sarah
.     global user = "C:/Users/sarahaa"
.     global dropbox = "${user}/Dropbox (MIT)/Regulation"
.     global github = "${user}/Documents/GitHub/mvpf-enviro"
. }

. 
. if ("`c(username)'" == "sarah") { // Sarah's personal computer
.         global user = "/Users/sarah"
.         global dropbox = "${user}/Dropbox (MIT)/Regulation"
.         global github = "${user}/Documents/GitHub/mvpf-enviro"
. }

. 
. ***************************
. /*    State-level VMT    */
. ***************************
. ** Calculating a sample-weighted average across vehicle types for the state-level VMT
. import excel "${code_files}/1_assumptions/evs/vmt_by_state_2017_survey.xlsx", sheet("AVG_BESTMILE_Hybrid, electric ") first clear
(10 vars, 54 obs)

. 
. ren VEHTYPE vmt

. ren A state

. keep vmt state

. 
. drop if missing(state) | missing(vmt)
(2 observations deleted)

. drop if state == "TOTAL"
(1 observation deleted)

. 
. destring vmt, replace
vmt: all characters numeric; replaced as double

. 
. save "${code_files}/1_assumptions/evs/processed/ev_vmt_by_state", replace
file /Users/beatrice/Documents/GitHub/mvpf-climate/data/1_assumptions/evs/processed/ev_vmt_by_state.dta saved

. 
. ** Calculating a sample-weighted average across vehicle types for the age-level VMT
. import excel "${code_files}/1_assumptions/evs/vmt_by_age_2017_survey", sheet("AVG_BESTMILE_Hybrid, electric ") first clear
(10 vars, 28 obs)

. 
. ren VEHTYPE vmt

. ren A age

. keep vmt age

. 
. drop if missing(age) | missing(vmt)
(3 observations deleted)

. drop if age == "I don't know"
(1 observation deleted)

. drop if age == "I prefer not to answer"
(1 observation deleted)

. drop if age == "TOTAL"
(1 observation deleted)

. 
. destring vmt, replace
vmt: all characters numeric; replaced as double

. 
. tempfile vmt

. sa `vmt'
file /var/folders/ss/lfl5qx6955x8ysd601l8w13r0000gq/T//S_30199.000001 saved as .dta format

. 
. import excel "${code_files}/1_assumptions/evs/vmt_by_age_2017_survey", sheet("Sample Size_Hybrid, electric o") first clear
(10 vars, 28 obs)

. 
. keep A D

. ren A age

. ren D count

. 
. drop if missing(age) | missing(count)
(9 observations deleted)

. drop if age == "I don't know"
(0 observations deleted)

. drop if age == "I prefer not to answer"
(1 observation deleted)

. drop if age == "TOTAL"
(1 observation deleted)

. 
. destring count, replace
count: all characters numeric; replaced as int

. 
. merge 1:1 age using `vmt'

    Result                      Number of obs
    -----------------------------------------
    Not matched                             5
        from master                         0  (_merge==1)
        from using                          5  (_merge==2)

    Matched                                17  (_merge==3)
    -----------------------------------------

. 
. drop _merge

. 
. expand 5 if age == "20-24"
(4 observations created)

. expand 5 if age == "25-29"
(4 observations created)

. expand 3 if age == "30-32"
(0 observations created)

. 
. sort age

. 
. replace count = count/5 if age == "20-24"
(0 real changes made)

. replace count = count/5 if age == "25-29"
(0 real changes made)

. replace count = count/3 if age == "30-32"
(0 real changes made)

. 
. replace age = "20" if _n == 13 & age == "20-24"
(1 real change made)

. replace age = "21" if _n == 14 & age == "20-24"
(1 real change made)

. replace age = "22" if _n == 15 & age == "20-24"
(1 real change made)

. replace age = "23" if _n == 16 & age == "20-24"
(1 real change made)

. replace age = "24" if _n == 17 & age == "20-24"
(1 real change made)

. 
. replace age = "25" if _n == 18 & age == "25-29"
(1 real change made)

. replace age = "26" if _n == 19 & age == "25-29"
(1 real change made)

. replace age = "27" if _n == 20 & age == "25-29"
(1 real change made)

. replace age = "28" if _n == 21 & age == "25-29"
(1 real change made)

. replace age = "29" if _n == 22 & age == "25-29"
(1 real change made)

. 
. replace age = "30" if _n == 24 & age == "30-32"
(0 real changes made)

. replace age = "31" if _n == 25 & age == "30-32"
(0 real changes made)

. replace age = "32" if _n == 26 & age == "30-32"
(0 real changes made)

. 
. replace age = "33" if age == "33+"
(1 real change made)

. 
. destring age, replace
age: all characters numeric; replaced as byte

. sort age

. 
. save "${code_files}/1_assumptions/evs/processed/ev_vmt_by_age", replace
file /Users/beatrice/Documents/GitHub/mvpf-climate/data/1_assumptions/evs/processed/ev_vmt_by_age.dta saved

. 
. egen N_fleet = total(count)

. egen weighted_avg_fleet = total(vmt * count)

. replace weighted_avg_fleet = weighted_avg_fleet / N_fleet
(30 real changes made)

. 
. gen age_diff = (weighted_avg_fleet - vmt) / weighted_avg_fleet

. 
. keep age age_diff

. 
. 
. tempfile age_change

. sa `age_change'
file /var/folders/ss/lfl5qx6955x8ysd601l8w13r0000gq/T//S_30199.000002 saved as .dta format

. 
. use "${code_files}/1_assumptions/evs/processed/ev_vmt_by_state", clear

. 
. expand 33
(1,632 observations created)

. gen age = .
(1,683 missing values generated)

. bysort state: replace age = _n
(1,683 real changes made)

. 
. merge m:1 age using `age_change'

    Result                      Number of obs
    -----------------------------------------
    Not matched                           153
        from master                       153  (_merge==1)
        from using                          0  (_merge==2)

    Matched                             1,530  (_merge==3)
    -----------------------------------------

. drop _merge

. 
. gen vmt_by_state_age = vmt - age_diff * vmt
(153 missing values generated)

. sort state age

. 
. save "${code_files}/1_assumptions/evs/processed/ev_vmt_by_state_by_age", replace
file /Users/beatrice/Documents/GitHub/mvpf-climate/data/1_assumptions/evs/processed/ev_vmt_by_state_by_age.dta saved

. 
. 
. 
. 
end of do-file

. 
. do "${github}/data_cleaning/build_ev_kwh_msrp_batt_cap.do"

. if ("`c(username)'" == "sarahaa") { // Sarah
.     global user = "C:/Users/sarahaa"
.     global dropbox = "${user}/Dropbox (MIT)/Regulation"
.     global github = "${user}/Documents/GitHub/mvpf-enviro"
. }

. 
. if ("`c(username)'" == "sarah") { // Sarah's personal computer
.         global user = "/Users/sarah"
.         global dropbox = "${user}/Dropbox (MIT)/Regulation"
.         global github = "${user}/Documents/GitHub/mvpf-enviro"
. }

. 
. *** First using the 2011-2019 data from the DoE
. 
. import excel using "${code_files}/1_assumptions/evs/ev_sales_by_model.xlsx", clear first
(18 vars, 68 obs)

. 
. drop if _n == 1
(1 observation deleted)

. ren B vehicle

. ren C type

. ren D sales2011

. ren E sales2012

. ren F sales2013

. ren G sales2014

. ren H sales2015

. ren I sales2016

. ren J sales2017

. ren K sales2018

. ren L sales2019

. ren M total_sales

. drop if _n == 1
(1 observation deleted)

. 
. missings dropvars, force

Checking missings in vehicle type sales2011 sales2012 sales2013 sales2014 sales2015 sales2016 sales2017 sales2018 sales2019 total_sales N O P Q R S:
66 observations with missing values

note: N O P Q R S dropped

. drop if _n > 56
(10 observations deleted)

. 
. drop if type == "PHEV"
(32 observations deleted)

. destring total_sales, replace
total_sales: all characters numeric; replaced as long

. gen old_id = _n

. 
. tempfile evs201119

. sa `evs201119'
file /var/folders/ss/lfl5qx6955x8ysd601l8w13r0000gq/T//S_30199.000001 saved as .dta format

. 
. *** Now pulling in the Q4 2021 KBB report that has 2020 sales by EV model
. 
. import excel using "${code_files}/1_assumptions/evs/Q4-2021-Kelley-Blue-Book-Sales-Report-Electrified-Light-Vehicles.xlsx", sheet("Table 2") cellrange(A3:G29) first clear
(7 vars, 26 obs)

. ren A vehicle

. ren B sales_q4_2021

. ren C sales_q4_2020

. ren YOY q4_diff_20_21

. drop E 

. ren F sales2021

. ren G sales2020

. 
. replace sales2020 = "" if sales2020 == "-"
(9 real changes made)

. replace sales_q4_2020 = "" if sales_q4_2020 == "-"
(9 real changes made)

. replace q4_diff_20_21 = "" if q4_diff_20_21 == "-"
(12 real changes made)

. destring sales2020, replace
sales2020: all characters numeric; replaced as long
(9 missing values generated)

. destring sales_q4_2020, replace
sales_q4_2020: all characters numeric; replaced as long
(9 missing values generated)

. destring q4_diff_20_21, replace
q4_diff_20_21: all characters numeric; replaced as double
(12 missing values generated)

. drop if missing(sales_q4_2020)
(9 observations deleted)

. 
. gen new_id = _n

. 
. reclink vehicle using `evs201119', idmaster(new_id) idusing(old_id) gen(match)

7 perfect matches found


Added: old_id= identifier from /var/folders/ss/lfl5qx6955x8ysd601l8w13r0000gq/T//S_30199.000001   match = matching score
Observations:  Master N = 17    /var/folders/ss/lfl5qx6955x8ysd601l8w13r0000gq/T//S_30199.000001 N= 24 
  Unique Master Cases: matched = 12 (exact = 7), unmatched = 5

. order vehicle Uvehicle match _merge sales2011 sales2012 sales2013 sales2014 sales2015 sales2016 sales2017 sales2018 sales2019 sales2020 sales2021

. replace Uvehicle = "" if match == 1
(7 real changes made)

. 
. append using `evs201119', gen(source)
(variable vehicle was str19, now str229 to accommodate using data's values)

. replace vehicle = Uvehicle if !missing(Uvehicle)
(5 real changes made)

. duplicates tag vehicle sales2019, gen(dup)

Duplicates in terms of vehicle sales2019

. drop if dup == 1 & source == 1
(12 observations deleted)

. 
. drop Uvehicle

. drop if vehicle == "Total"
(1 observation deleted)

. drop match _merge new_id old_id type source dup

. 
. *** Manually entering energy consumption and MSRP data from fueleconomy.gov
. * If there are multiple trims for a given model, I calculate a simple average of the energy consumption.
. * For MSRP, fueleconomy.gov reports a range, so I take the mean of that range and if there are multiple trims, I calculate a simple average of those means.
. * Assuming that the MSRPs on fueleconomy.gov are in nominal dollars (i.e. that the MSRP for a 2018 vehicle is in 2018$)
. 
. 
. *** Also manually entering battery consumption from Edmunds
. 
. forvalues y = 2011(1)2020{
  2.     gen kwh_per_mile`y' = .
  3.     gen msrp`y' = .
  4.     gen batt_cap`y' = .
  5. }
(28 missing values generated)
(28 missing values generated)
(28 missing values generated)
(28 missing values generated)
(28 missing values generated)
(28 missing values generated)
(28 missing values generated)
(28 missing values generated)
(28 missing values generated)
(28 missing values generated)
(28 missing values generated)
(28 missing values generated)
(28 missing values generated)
(28 missing values generated)
(28 missing values generated)
(28 missing values generated)
(28 missing values generated)
(28 missing values generated)
(28 missing values generated)
(28 missing values generated)
(28 missing values generated)
(28 missing values generated)
(28 missing values generated)
(28 missing values generated)
(28 missing values generated)
(28 missing values generated)
(28 missing values generated)
(28 missing values generated)
(28 missing values generated)
(28 missing values generated)

. 
. order vehicle sales2011 kwh_per_mile2011 msrp2011 batt_cap2011

. local i = 2011

. forvalues y = 2012(1)2020{
  2.     order sales`y' kwh_per_mile`y' msrp`y' batt_cap`y', after(batt_cap`i')
  3.     local ++i
  4. }

. 
. gsort -sales2011 -sales2012 -sales2013 -sales2014 -sales2015 -sales2016 -sales2017 -sales2018 -sales2019 -sales2020

. 
. 
. replace kwh_per_mile2019 = (46 / 100) if vehicle == "Audi e-tron"
(1 real change made)

. replace msrp2019 = ((74800 + 81800) / 2) if vehicle == "Audi e-tron"
(1 real change made)

. replace batt_cap2019 = 95 if vehicle == "Audi e-tron"
(1 real change made)

. 
. replace kwh_per_mile2020 = (44 / 100) if vehicle == "Audi e-tron"
(1 real change made)

. replace msrp2020 = ((77400 + 83400) / 2) if vehicle == "Audi e-tron"
(1 real change made)

. replace batt_cap2020 = 95 if vehicle == "Audi e-tron"
(1 real change made)

. 
. 
. replace kwh_per_mile2011 = (33 / 100) if vehicle == "BMW Active E"
(1 real change made)

. 
. 
. replace kwh_per_mile2020 = (((30 + 30) / 2) / 100) if vehicle == "BMW i3"
(1 real change made)

. replace msrp2020 = ((44450 + 48300 + 47650 + 51500) / 4) if vehicle == "BMW i3"
(1 real change made)

. replace batt_cap2020 = 42 if vehicle == "BMW i3"
(1 real change made)

. 
. replace kwh_per_mile2019 = (((30 + 30) / 2) / 100) if vehicle == "BMW i3"
(1 real change made)

. replace batt_cap2019 = 42 if vehicle == "BMW i3"
(1 real change made)

. 
. replace kwh_per_mile2018 = (((29 + 30) / 2) / 100) if vehicle == "BMW i3"
(1 real change made)

. replace msrp2018 = (44450 + 47650) / 2 if vehicle == "BMW i3"
(1 real change made)

. replace batt_cap2018 = 33 if vehicle == "BMW i3"
(1 real change made)

. 
. replace kwh_per_mile2017 = (((27 + 29) / 2) / 100) if vehicle == "BMW i3"
(1 real change made)

. replace msrp2017 = (42400 + 44450) / 2 if vehicle == "BMW i3"
(1 real change made)

. 
. replace kwh_per_mile2016 = (27 / 100) if vehicle == "BMW i3"
(1 real change made)

. replace msrp2016 = 42400 if vehicle == "BMW i3"
(1 real change made)

. replace batt_cap2016 = 22 if vehicle == "BMW i3"
(1 real change made)

. 
. replace kwh_per_mile2015 = (27 / 100) if vehicle == "BMW i3"
(1 real change made)

. replace msrp2015 = 42400 if vehicle == "BMW i3"
(1 real change made)

. replace batt_cap2015 = 22 if vehicle == "BMW i3"
(1 real change made)

. 
. replace kwh_per_mile2014 = (27 / 100) if vehicle == "BMW i3"
(1 real change made)

. replace msrp2014 = 41350 if vehicle == "BMW i3"
(1 real change made)

. replace batt_cap2014 = 22 if vehicle == "BMW i3"
(1 real change made)

. 
. 
. replace kwh_per_mile2020 = (29 / 100) if vehicle == "Chevy Bolt"
(1 real change made)

. replace msrp2020 = (36620 + 41020) / 2 if vehicle == "Chevy Bolt"
(1 real change made)

. replace batt_cap2020 = 66 if vehicle == "Chevy Bolt"
(1 real change made)

. 
. replace kwh_per_mile2019 = (28 / 100) if vehicle == "Chevy Bolt"
(1 real change made)

. replace msrp2019 = (36620 + 41020) / 2 if vehicle == "Chevy Bolt"
(1 real change made)

. replace batt_cap2019 = 60 if vehicle == "Chevy Bolt"
(1 real change made)

. 
. replace kwh_per_mile2018 = (28 / 100) if vehicle == "Chevy Bolt"
(1 real change made)

. replace batt_cap2018 = 60 if vehicle == "Chevy Bolt"
(1 real change made)

. 
. replace kwh_per_mile2017 = (28 / 100) if vehicle == "Chevy Bolt"
(1 real change made)

. replace msrp2017 = (36620 + 40905) / 2 if vehicle == "Chevy Bolt"
(1 real change made)

. replace batt_cap2017 = 60 if vehicle == "Chevy Bolt"
(1 real change made)

. 
. 
. replace kwh_per_mile2016 = (28 / 100) if vehicle == "Chevy Spark"
(1 real change made)

. replace msrp2016 = (25120 + 25510) / 2 if vehicle == "Chevy Spark"
(1 real change made)

. replace batt_cap2016 = 18.4 if vehicle == "Chevy Spark"
(1 real change made)

. 
. replace kwh_per_mile2015 = (28 / 100) if vehicle == "Chevy Spark"
(1 real change made)

. replace msrp2015 = (25170 + 25560) / 2 if vehicle == "Chevy Spark"
(1 real change made)

. replace batt_cap2015 = 18.4 if vehicle == "Chevy Spark"
(1 real change made)

. 
. replace kwh_per_mile2014 = (28 / 100) if vehicle == "Chevy Spark"
(1 real change made)

. replace msrp2014 = (26685 + 27010) / 2 if vehicle == "Chevy Spark"
(1 real change made)

. 
. 
. replace kwh_per_mile2019 = (30 / 100) if vehicle == "Fiat 500E"
(1 real change made)

. replace msrp2019 = 33210 if vehicle == "Fiat 500E"
(1 real change made)

. replace batt_cap2019 = 24 if vehicle == "Fiat 500E"
(1 real change made)

. 
. replace kwh_per_mile2018 = (30 / 100) if vehicle == "Fiat 500E"
(1 real change made)

. replace msrp2018 = 32995 if vehicle == "Fiat 500E"
(1 real change made)

. replace batt_cap2018 = 24 if vehicle == "Fiat 500E"
(1 real change made)

. 
. replace kwh_per_mile2017 = (30 / 100) if vehicle == "Fiat 500E"
(1 real change made)

. replace msrp2017 = 31800 if vehicle == "Fiat 500E"
(1 real change made)

. replace batt_cap2017 = 24 if vehicle == "Fiat 500E"
(1 real change made)

. 
. replace kwh_per_mile2016 = (30 / 100) if vehicle == "Fiat 500E"
(1 real change made)

. replace msrp2016 = 31800 if vehicle == "Fiat 500E"
(1 real change made)

. replace batt_cap2016 = 24 if vehicle == "Fiat 500E"
(1 real change made)

. 
. replace kwh_per_mile2015 = (29 / 100) if vehicle == "Fiat 500E"
(1 real change made)

. replace msrp2015 = 31800 if vehicle == "Fiat 500E"
(1 real change made)

. 
. replace kwh_per_mile2014 = (29 / 100) if vehicle == "Fiat 500E"
(1 real change made)

. replace msrp2014 = 31800 if vehicle == "Fiat 500E"
(1 real change made)

. replace batt_cap2014 = 24 if vehicle == "Fiat 500E"
(1 real change made)

. 
. replace kwh_per_mile2013 = (29 / 100) if vehicle == "Fiat 500E"
(1 real change made)

. replace msrp2013 = 31800 if vehicle == "Fiat 500E"
(1 real change made)

. replace batt_cap2013 = 24 if vehicle == "Fiat 500E"
(1 real change made)

. 
. 
. replace kwh_per_mile2018 = (31 / 100) if vehicle == "Ford Focus EV"
(1 real change made)

. replace msrp2018 = 29120 if vehicle == "Ford Focus EV"
(1 real change made)

. 
. replace kwh_per_mile2017 = (31 / 100) if vehicle == "Ford Focus EV"
(1 real change made)

. replace msrp2017 = 29120 if vehicle == "Ford Focus EV"
(1 real change made)

. 
. replace kwh_per_mile2016 = (32 / 100) if vehicle == "Ford Focus EV"
(1 real change made)

. replace msrp2016 = 29170 if vehicle == "Ford Focus EV"
(1 real change made)

. 
. replace kwh_per_mile2015 = (32 / 100) if vehicle == "Ford Focus EV"
(1 real change made)

. replace msrp2015 = 29170 if vehicle == "Ford Focus EV"
(1 real change made)

. 
. replace kwh_per_mile2014 = (32 / 100) if vehicle == "Ford Focus EV"
(1 real change made)

. replace msrp2014 = 29170 if vehicle == "Ford Focus EV"
(1 real change made)

. 
. replace kwh_per_mile2013 = (32 / 100) if vehicle == "Ford Focus EV"
(1 real change made)

. replace msrp2013 = 39200 if vehicle == "Ford Focus EV"
(1 real change made)

. 
. replace kwh_per_mile2012 = (32 / 100) if vehicle == "Ford Focus EV"
(1 real change made)

. replace msrp2012 = 39200 if vehicle == "Ford Focus EV"
(1 real change made)

. 
. 
. replace kwh_per_mile2019 = (30 / 100) if vehicle == "Honda Clarity BEV"
(1 real change made)

. replace msrp2019 = 36620 if vehicle == "Honda Clarity BEV"
(1 real change made)

. 
. replace kwh_per_mile2018 = (30 / 100) if vehicle == "Honda Clarity BEV"
(1 real change made)

. replace msrp2018 = 36620 if vehicle == "Honda Clarity BEV"
(1 real change made)

. 
. replace kwh_per_mile2017 = (30 / 100) if vehicle == "Honda Clarity BEV"
(1 real change made)

. 
. 
. replace kwh_per_mile2014 = (29 / 100) if vehicle == "Honda Fit EV"
(1 real change made)

. replace msrp2014 = 36625 if vehicle == "Honda Fit EV"
(1 real change made)

. 
. replace kwh_per_mile2013 = (29 / 100) if vehicle == "Honda Fit EV"
(1 real change made)

. replace msrp2013 = 36625 if vehicle == "Honda Fit EV"
(1 real change made)

. replace batt_cap2013 = 20 if vehicle == "Honda Fit EV"
(1 real change made)

. 
. replace kwh_per_mile2020 = (25 / 100) if vehicle == "Hyundai Ioniq EV"
(1 real change made)

. replace msrp2020 = (33045 + 38615) / 2 if vehicle == "Hyundai Ioniq EV"
(1 real change made)

. replace batt_cap2020 = 38.3 if vehicle == "Hyundai Ioniq EV"
(1 real change made)

. 
. replace kwh_per_mile2019 = (25 / 100) if vehicle == "Hyundai Ioniq EV"
(1 real change made)

. replace msrp2019 = (30315 + 36815) / 2 if vehicle == "Hyundai Ioniq EV"
(1 real change made)

. replace batt_cap2019 = 28 if vehicle == "Hyundai Ioniq EV"
(1 real change made)

. 
. replace kwh_per_mile2018 = (25 / 100) if vehicle == "Hyundai Ioniq EV"
(1 real change made)

. replace msrp2018 = (29500 + 36000) / 2 if vehicle == "Hyundai Ioniq EV"
(1 real change made)

. replace batt_cap2018 = 28 if vehicle == "Hyundai Ioniq EV"
(1 real change made)

. 
. replace kwh_per_mile2017 = (25 / 100) if vehicle == "Hyundai Ioniq EV"
(1 real change made)

. replace msrp2017 = (29500 + 32500) / 2 if vehicle == "Hyundai Ioniq EV"
(1 real change made)

. replace batt_cap2017 = 28 if vehicle == "Hyundai Ioniq EV"
(1 real change made)

. 
. 
. replace kwh_per_mile2020 = (27 / 100) if vehicle == "Hyundai Kona Electric"
(1 real change made)

. replace msrp2020 = (37190 + 45400) / 2 if vehicle == "Hyundai Kona Electric"
(1 real change made)

. replace batt_cap2020 = 64 if vehicle == "Hyundai Kona Electric"
(1 real change made)

. 
. replace kwh_per_mile2019 = (28 / 100) if vehicle == "Hyundai Kona Electric"
(1 real change made)

. replace msrp2019 = (36950 + 44900) / 2 if vehicle == "Hyundai Kona Electric"
(1 real change made)

. replace batt_cap2019 = 64 if vehicle == "Hyundai Kona Electric"
(1 real change made)

. 
. 
. replace kwh_per_mile2020 = (44 / 100) if vehicle == "Jaguar I-Pace"
(1 real change made)

. replace msrp2020 = (69850 + 80900) / 2 if vehicle == "Jaguar I-Pace"
(1 real change made)

. replace batt_cap2020 = 90 if vehicle == "Jaguar I-Pace"
(1 real change made)

. 
. replace kwh_per_mile2019 = (44 / 100) if vehicle == "Jaguar I-Pace"
(1 real change made)

. replace msrp2019 = (69500 + 85900) / 2 if vehicle == "Jaguar I-Pace"
(1 real change made)

. replace batt_cap2020 = 90 if vehicle == "Jaguar I-Pace"
(0 real changes made)

. 
. 
. replace kwh_per_mile2020 = (30 / 100) if vehicle == "Kia Niro EV"
(1 real change made)

. replace msrp2020 = (39090 + 44590) / 2 if vehicle == "Kia Niro EV"
(1 real change made)

. replace batt_cap2020 = 64 if vehicle == "Kia Niro EV"
(1 real change made)

. 
. replace kwh_per_mile2019 = (30 / 100) if vehicle == "Kia Niro EV"
(1 real change made)

. replace msrp2019 = (38500 + 44000) / 2 if vehicle == "Kia Niro EV"
(1 real change made)

. replace batt_cap2019 = 64 if vehicle == "Kia Niro EV"
(1 real change made)

. 
. 
. replace kwh_per_mile2020 = (29 / 100) if vehicle == "Kia Soul EV"
(1 real change made)

. 
. replace kwh_per_mile2019 = (31 / 100) if vehicle == "Kia Soul EV"
(1 real change made)

. replace msrp2019 = (33950 + 35950) / 2 if vehicle == "Kia Soul EV"
(1 real change made)

. replace batt_cap2019 = 30 if vehicle == "Kia Soul EV"
(1 real change made)

. 
. replace kwh_per_mile2018 = (31 / 100) if vehicle == "Kia Soul EV"
(1 real change made)

. replace batt_cap2018 = 30 if vehicle == "Kia Soul EV"
(1 real change made)

. 
. replace kwh_per_mile2017 = (32 / 100) if vehicle == "Kia Soul EV"
(1 real change made)

. replace msrp2017 = (32250 + 35950) / 2 if vehicle == "Kia Soul EV"
(1 real change made)

. replace batt_cap2017 = 27 if vehicle == "Kia Soul EV"
(1 real change made)

. 
. replace kwh_per_mile2016 = (32 / 100) if vehicle == "Kia Soul EV"
(1 real change made)

. replace msrp2016 = (31950 + 35950) / 2 if vehicle == "Kia Soul EV"
(1 real change made)

. replace batt_cap2016 = 27 if vehicle == "Kia Soul EV"
(1 real change made)

. 
. replace kwh_per_mile2015 = (32 / 100) if vehicle == "Kia Soul EV"
(1 real change made)

. replace msrp2015 = (33700 + 35700) / 2 if vehicle == "Kia Soul EV"
(1 real change made)

. replace batt_cap2015 = 27 if vehicle == "Kia Soul EV"
(1 real change made)

. 
. 
. replace kwh_per_mile2017 = (40 / 100) if vehicle == "Mercedes B-Class (B250e)"
(1 real change made)

. replace batt_cap2017 = 28 if vehicle == "Mercedes B-Class (B250e)"
(1 real change made)

. 
. replace kwh_per_mile2016 = (40 / 100) if vehicle == "Mercedes B-Class (B250e)"
(1 real change made)

. replace msrp2016 = 41450 if vehicle == "Mercedes B-Class (B250e)"
(1 real change made)

. replace batt_cap2016 = 28 if vehicle == "Mercedes B-Class (B250e)"
(1 real change made)

. 
. replace kwh_per_mile2015 = (40 / 100) if vehicle == "Mercedes B-Class (B250e)"
(1 real change made)

. replace msrp2015 = 41450 if vehicle == "Mercedes B-Class (B250e)"
(1 real change made)

. replace batt_cap2015 = 28 if vehicle == "Mercedes B-Class (B250e)"
(1 real change made)

. 
. replace kwh_per_mile2014 = (40 / 100) if vehicle == "Mercedes B-Class (B250e)"
(1 real change made)

. replace msrp2014 = 41450 if vehicle == "Mercedes B-Class (B250e)"
(1 real change made)

. replace batt_cap2017 = 28 if vehicle == "Mercedes B-Class (B250e)"
(0 real changes made)

. 
. 
. replace kwh_per_mile2020 = (31 / 100) if vehicle == "Mini Cooper"
(1 real change made)

. replace msrp2020 = 29900 if vehicle == "Mini Cooper"
(1 real change made)

. 
. 
. replace kwh_per_mile2017 = (30 / 100) if vehicle == "Mitsubishi I EV"
(1 real change made)

. replace batt_cap2017 = 16 if vehicle == "Mitsubishi I EV"
(1 real change made)

. 
. replace kwh_per_mile2016 = (30 / 100) if vehicle == "Mitsubishi I EV"
(1 real change made)

. replace msrp2016 = 22995 if vehicle == "Mitsubishi I EV"
(1 real change made)

. replace batt_cap2016 = 16 if vehicle == "Mitsubishi I EV"
(1 real change made)

. 
. replace kwh_per_mile2014 = (30 / 100) if vehicle == "Mitsubishi I EV"
(1 real change made)

. replace msrp2014 = 22995 if vehicle == "Mitsubishi I EV"
(1 real change made)

. replace batt_cap2014 = 16 if vehicle == "Mitsubishi I EV"
(1 real change made)

. 
. replace kwh_per_mile2013 = (30 / 100) if vehicle == "Mitsubishi I EV"
(1 real change made)

. 
. replace kwh_per_mile2012 = (30 / 100) if vehicle == "Mitsubishi I EV"
(1 real change made)

. replace msrp2012 = (29125 + 31125) / 2 if vehicle == "Mitsubishi I EV"
(1 real change made)

. replace batt_cap2012 = 16 if vehicle == "Mitsubishi I EV"
(1 real change made)

. 
. 
. replace kwh_per_mile2020 = (((30 + 31 + 32) / 3) / 100) if vehicle == "Nissan Leaf"
(1 real change made)

. replace msrp2020 = (31600 + 38200 + 34190 + 43900) / 4 if vehicle == "Nissan Leaf"
(1 real change made)

. replace batt_cap2020 = (40 + 60) / 2 if vehicle == "Nissan Leaf"
(1 real change made)

. 
. replace kwh_per_mile2019 = (((30 + 31 + 32) / 3) / 100) if vehicle == "Nissan Leaf"
(1 real change made)

. replace msrp2019 = (29990 + 36200 + 36550 + 38510 + 42550) / 5 if vehicle == "Nissan Leaf"
(1 real change made)

. replace batt_cap2019 = (40 + 60) / 2 if vehicle == "Nissan Leaf"
(1 real change made)

. 
. replace kwh_per_mile2018 = (30 / 100) if vehicle == "Nissan Leaf"
(1 real change made)

. replace msrp2018 = (29990 + 36200) / 2 if vehicle == "Nissan Leaf"
(1 real change made)

. replace batt_cap2018 = 40 if vehicle == "Nissan Leaf"
(1 real change made)

. 
. replace kwh_per_mile2017 = (30 / 100) if vehicle == "Nissan Leaf"
(1 real change made)

. replace msrp2017 = (30680 + 36790) / 2 if vehicle == "Nissan Leaf"
(1 real change made)

. replace batt_cap2017 = 30 if vehicle == "Nissan Leaf"
(1 real change made)

. 
. replace kwh_per_mile2016 = (((30 + 30) / 2) / 100) if vehicle == "Nissan Leaf"
(1 real change made)

. replace msrp2016 = (29010 + 36790 + 29010 + 36790) / 4 if vehicle == "Nissan Leaf"
(1 real change made)

. replace batt_cap2016 = (24 + 30 + 30) / 3 if vehicle == "Nissan Leaf"
(1 real change made)

. 
. replace kwh_per_mile2015 = (30 / 100) if vehicle == "Nissan Leaf"
(1 real change made)

. replace msrp2015 = (29010 + 35120) / 2 if vehicle == "Nissan Leaf"
(1 real change made)

. replace batt_cap2015 = 24 if vehicle == "Nissan Leaf"
(1 real change made)

. 
. replace kwh_per_mile2014 = (30 / 100) if vehicle == "Nissan Leaf"
(1 real change made)

. replace msrp2014 = (28980 + 35020) / 2 if vehicle == "Nissan Leaf"
(1 real change made)

. replace batt_cap2014 = 24 if vehicle == "Nissan Leaf"
(1 real change made)

. 
. replace kwh_per_mile2013 = (29 / 100) if vehicle == "Nissan Leaf"
(1 real change made)

. replace msrp2013 = (28800 + 34840) / 2 if vehicle == "Nissan Leaf"
(1 real change made)

. replace batt_cap2013 = 24 if vehicle == "Nissan Leaf"
(1 real change made)

. 
. replace kwh_per_mile2012 = (34 / 100) if vehicle == "Nissan Leaf"
(1 real change made)

. replace msrp2012 = (35200 + 37250) / 2 if vehicle == "Nissan Leaf"
(1 real change made)

. replace batt_cap2012 = 24 if vehicle == "Nissan Leaf"
(1 real change made)

. 
. replace kwh_per_mile2011 = (34 / 100) if vehicle == "Nissan Leaf"
(1 real change made)

. replace msrp2011 = 32780 if vehicle == "Nissan Leaf"
(1 real change made)

. replace batt_cap2011 = 24 if vehicle == "Nissan Leaf"
(1 real change made)

. 
. 
. replace kwh_per_mile2020 = (((49 + 49 + 50) / 3) / 100) if vehicle == "Porsche Taycan"
(1 real change made)

. replace msrp2020 = (103800 + 150900 + 185000) / 3 if vehicle == "Porsche Taycan"
(1 real change made)

. replace batt_cap2020 = (79 + 93 + 93) / 3 if vehicle == "Porsche Taycan"
(1 real change made)

. 
. 
. replace kwh_per_mile2019 = (((33 + 31) / 2) / 100) if vehicle == "Smart ED"
(1 real change made)

. replace msrp2019 = (23900 + 26740) / 2 if vehicle == "Smart ED"
(1 real change made)

. replace batt_cap2019 = 17.6 if vehicle == "Smart ED"
(1 real change made)

. 
. replace kwh_per_mile2018 = (((33 + 31) / 2) / 100) if vehicle == "Smart ED"
(1 real change made)

. replace msrp2018 = (28100 + 29100 + 23800 + 26640) / 4 if vehicle == "Smart ED"
(1 real change made)

. replace batt_cap2018 = 17.6 if vehicle == "Smart ED"
(1 real change made)

. 
. replace kwh_per_mile2017 = (((33 + 31) / 2) / 100) if vehicle == "Smart ED"
(1 real change made)

. replace batt_cap2017 = 17.6 if vehicle == "Smart ED"
(1 real change made)

. 
. replace kwh_per_mile2016 = (((32 + 32) / 2) / 100) if vehicle == "Smart ED"
(1 real change made)

. replace batt_cap2016 = 17.6 if vehicle == "Smart ED"
(1 real change made)

. 
. replace kwh_per_mile2015 = (((32 + 32) / 2) / 100) if vehicle == "Smart ED"
(1 real change made)

. replace msrp2015 = (28000 + 25000) / 2 if vehicle == "Smart ED"
(1 real change made)

. replace batt_cap2015 = 17.6 if vehicle == "Smart ED"
(1 real change made)

. 
. replace kwh_per_mile2014 = (((32 + 32) / 2) / 100) if vehicle == "Smart ED"
(1 real change made)

. replace msrp2014 = (28000 + 25000) / 2 if vehicle == "Smart ED"
(1 real change made)

. replace batt_cap2014 = 17.6 if vehicle == "Smart ED"
(1 real change made)

. 
. replace kwh_per_mile2013 = (((32 + 32) / 2) / 100) if vehicle == "Smart ED"
(1 real change made)

. replace msrp2013 = (28000 + 25000) / 2 if vehicle == "Smart ED"
(1 real change made)

. replace batt_cap2015 = 17.6 if vehicle == "Smart ED"
(0 real changes made)

. 
. replace kwh_per_mile2011 = (((39 + 39) / 2) / 100) if vehicle == "Smart ED"
(1 real change made)

. 
. 
. replace kwh_per_mile2020 = (((26 + 28 + 28 + 29 + 30 + 27 + 26 + 24) / 8) / 100) if vehicle == "Tesla Model 3"
(1 real change made)

. replace msrp2020 = (46990 + 54990 + 54990 + 54990 + 37990) / 5 if vehicle == "Tesla Model 3"
(1 real change made)

. 
. replace kwh_per_mile2019 = (((26 + 29 + 29 + 27 + 26 + 25) / 6) / 100) if vehicle == "Tesla Model 3"
(1 real change made)

. replace msrp2019 = (43000 + 47990 + 56990 + 44000 + 35000 + 39490) / 6 if vehicle == "Tesla Model 3"
(1 real change made)

. 
. replace kwh_per_mile2018 = (((26 + 29 + 29 + 27) / 4) / 100) if vehicle == "Tesla Model 3"
(1 real change made)

. replace msrp2018 = (49000 + 55000 + 64000) / 3 if vehicle == "Tesla Model 3"
(1 real change made)

. 
. replace kwh_per_mile2017 = (27 / 100) if vehicle == "Tesla Model 3"
(1 real change made)

. replace msrp2017 = 44000 if vehicle == "Tesla Model 3"
(1 real change made)

. replace batt_cap2017 = 80.5 if vehicle == "Tesla Model 3"
(1 real change made)

. 
. 
. replace kwh_per_mile2020 = (((30 + 29 + 32 + 35 + 31) / 5) / 100) if vehicle == "Tesla Model S"
(1 real change made)

. replace msrp2020 = (79990 + 69420 + 91990 + 91990) / 4 if vehicle == "Tesla Model S"
(1 real change made)

. replace batt_cap2020 = 100 if vehicle == "Tesla Model S"
(1 real change made)

. 
. replace kwh_per_mile2019 = (((33 + 33 + 30 + 35 + 32 + 35 + 31) / 7) / 100) if vehicle == "Tesla Model S"
(1 real change made)

. replace msrp2019 = (76000 + 79990 + 133000 + 99990 + 75000) / 5 if vehicle == "Tesla Model S"
(1 real change made)

. replace batt_cap2019 = 100 if vehicle == "Tesla Model S"
(1 real change made)

. 
. replace kwh_per_mile2018 = (((33 + 33 + 34 + 35) / 4) / 100) if vehicle == "Tesla Model S"
(1 real change made)

. replace msrp2018 = (94000 + 74500 + 74500 + 135000) / 4 if vehicle == "Tesla Model S"
(1 real change made)

. replace batt_cap2018 = (75 + 100 + 100) / 3 if vehicle == "Tesla Model S"
(1 real change made)

. 
. replace kwh_per_mile2017 = (((34 + 34 + 33 + 32 + 33 + 32 + 35 + 35) / 8) / 100) if vehicle == "Tesla Model S"
(1 real change made)

. replace msrp2017 = (68000 + 69500 + 92500 + 73000 + 74500 + 78200 + 134500 + 87500) / 8 if vehicle == "Tesla Model S"
(1 real change made)

. replace batt_cap2017 = (60 + 60 + 75 + 75 + 90 + 100 + 100) / 7 if vehicle == "Tesla Model S"
(1 real change made)

. 
. replace kwh_per_mile2016 = (((34 + 38 + 34 + 38 + 38 + 32 + 33 + 33 + 34 + 33 + 35 + 36 + 35) / 13) / 100) if vehicle == "Tesla Model S"
(1 real change made)

. replace msrp2016 = (66000 + 70000 + 74500 + 71000 + 79500 + 89500 + 134500 + 112000) / 8 if vehicle == "Tesla Model S"
(1 real change made)

. replace batt_cap2016 = (60 + 75 + 60 + 75 + 90 + 90) / 6 if vehicle == "Tesla Model S"
(1 real change made)

. 
. replace kwh_per_mile2015 = (((35 + 38 + 38 + 33 + 34 + 34 + 36 + 36) / 7) / 100) if vehicle == "Tesla Model S"
(1 real change made)

. replace msrp2015 = (69900 + 80000 + 75000 + 85000 + 105000) / 5 if vehicle == "Tesla Model S"
(1 real change made)

. replace batt_cap2015 = (60 + 85 + 90 + 70 + 85 + 85 + 90 + 90) / 8 if vehicle == "Tesla Model S"
(1 real change made)

. 
. replace kwh_per_mile2014 = (((35 + 38 + 38) / 3) / 100) if vehicle == "Tesla Model S"
(1 real change made)

. replace msrp2014 = (69900 + 79900 + 104500 + 79900) / 4 if vehicle == "Tesla Model S"
(1 real change made)

. replace batt_cap2014 = (60 + 85 + 85 + 85) / 4 if vehicle == "Tesla Model S"
(1 real change made)

. 
. replace kwh_per_mile2013 = (((36 + 35 + 38) / 3) / 100) if vehicle == "Tesla Model S"
(1 real change made)

. replace msrp2013 = (69900 + 94900) / 2 if vehicle == "Tesla Model S"
(1 real change made)

. replace batt_cap2013 = (60 + 85) / 2 if vehicle == "Tesla Model S"
(1 real change made)

. 
. replace kwh_per_mile2012 = (38 / 100) if vehicle == "Tesla Model S"
(1 real change made)

. replace msrp2012 = (59900 + 105400) / 2 if vehicle == "Tesla Model S"
(1 real change made)

. replace batt_cap2012 = (40 + 60 + 85 + 85) / 4 if vehicle == "Tesla Model S"
(1 real change made)

. 
. 
. replace kwh_per_mile2020 = (((35 + 32 + 38 + 43 + 33) / 5) / 100) if vehicle == "Tesla Model X"
(1 real change made)

. replace msrp2020 = (84990 + 79990 + 99990 + 99990) / 4 if vehicle == "Tesla Model X"
(1 real change made)

. 
. replace kwh_per_mile2019 = (((39 + 36 + 35 + 40 + 43) / 5) / 100) if vehicle == "Tesla Model X"
(1 real change made)

. replace msrp2019 = (97000 + 82000 + 84990 + 138000 + 104990) / 5 if vehicle == "Tesla Model X"
(1 real change made)

. 
. replace kwh_per_mile2018 = (((39 + 36 + 40) / 3) / 100) if vehicle == "Tesla Model X"
(1 real change made)

. replace msrp2018 = (96000 + 79500 + 140000) / 3 if vehicle == "Tesla Model X"
(1 real change made)

. replace batt_cap2018 = (75 + 100 + 100) / 3 if vehicle == "Tesla Model X"
(1 real change made)

. 
. replace kwh_per_mile2017 = (((39 + 36 + 36 + 37 + 39 + 38) / 6) / 100) if vehicle == "Tesla Model X"
(1 real change made)

. replace msrp2017 = (100150 + 82500 + 93500 + 135500 + 117150 + 143950) / 6 if vehicle == "Tesla Model X"
(1 real change made)

. replace batt_cap2017 = (75 + 90 + 100 + 100) / 4 if vehicle == "Tesla Model X"
(1 real change made)

. 
. replace kwh_per_mile2016 = (((36 + 36 + 37 + 39 + 38) / 5) / 100) if vehicle == "Tesla Model X"
(1 real change made)

. replace msrp2016 = (83000 + 95500 + 136900 + 159000 + 115500) / 5 if vehicle == "Tesla Model X"
(1 real change made)

. replace batt_cap2016 = (75 + 90 + 90) / 3 if vehicle == "Tesla Model X"
(1 real change made)

. 
. 
. replace kwh_per_mile2020 = (((28 + 28 + 30) / 3) / 100) if vehicle == "Tesla Model Y"
(1 real change made)

. replace msrp2020 = (48000 + 49990 + 59990) / 3 if vehicle == "Tesla Model Y"
(1 real change made)

. 
. 
. replace kwh_per_mile2014 = (44 / 100) if vehicle == "Toyota RAV4 EV"
(1 real change made)

. replace msrp2014 = 49800 if vehicle == "Toyota RAV4 EV"
(1 real change made)

. replace batt_cap2014 = 41.8 if vehicle == "Toyota RAV4 EV"
(1 real change made)

. 
. replace kwh_per_mile2013 = (44 / 100) if vehicle == "Toyota RAV4 EV"
(1 real change made)

. replace msrp2013 = 49800 if vehicle == "Toyota RAV4 EV"
(1 real change made)

. replace batt_cap2013 = 41.8 if vehicle == "Toyota RAV4 EV"
(1 real change made)

. 
. replace kwh_per_mile2012 = (44 / 100) if vehicle == "Toyota RAV4 EV"
(1 real change made)

. replace msrp2012 = 49800 if vehicle == "Toyota RAV4 EV"
(1 real change made)

. replace batt_cap2012 = 41.8 if vehicle == "Toyota RAV4 EV"
(1 real change made)

. 
. 
. replace kwh_per_mile2019 = (28 / 100) if vehicle == "VW e-Golf"
(1 real change made)

. replace msrp2019 = (31895 + 38895) / 2 if vehicle == "VW e-Golf"
(1 real change made)

. replace batt_cap2019 = 35.8 if vehicle == "VW e-Golf"
(1 real change made)

. 
. replace kwh_per_mile2018 = (28 / 100) if vehicle == "VW e-Golf"
(1 real change made)

. replace msrp2018 = (30495 + 37345) / 2 if vehicle == "VW e-Golf"
(1 real change made)

. replace batt_cap2018 = 35.8 if vehicle == "VW e-Golf"
(1 real change made)

. 
. replace kwh_per_mile2017 = (28 / 100) if vehicle == "VW e-Golf"
(1 real change made)

. replace msrp2017 = (30495 + 36995) / 2 if vehicle == "VW e-Golf"
(1 real change made)

. replace batt_cap2017 = 35.8 if vehicle == "VW e-Golf"
(1 real change made)

. 
. replace kwh_per_mile2016 = (29 / 100) if vehicle == "VW e-Golf"
(1 real change made)

. replace msrp2016 = (28995 + 35595) / 2 if vehicle == "VW e-Golf"
(1 real change made)

. replace batt_cap2016 = 24.2 if vehicle == "VW e-Golf"
(1 real change made)

. 
. replace kwh_per_mile2015 = (29 / 100) if vehicle == "VW e-Golf"
(1 real change made)

. replace msrp2015 = (33450 + 35445) / 2 if vehicle == "VW e-Golf"
(1 real change made)

. replace batt_cap2015 = 24.2 if vehicle == "VW e-Golf"
(1 real change made)

. 
. *****************************************
. /* Calculating Sales-Weighted Averages */
. *****************************************
. 
. forvalues y = 2011(1)2020{
  2.     gen num`y' = sales`y' * kwh_per_mile`y'
  3.     egen num2`y' = total(num`y')
  4.     egen den`y' = total(sales`y') if !missing(kwh_per_mile`y') & kwh_per_mile`y' != 0
  5.     gen avg_kwh_per_mile`y' = num2`y' / den`y'
  6.     drop num`y' num2`y' den`y'
  7. }
(25 missing values generated)
(25 missing values generated)
(25 missing values generated)
(23 missing values generated)
(23 missing values generated)
(23 missing values generated)
(20 missing values generated)
(20 missing values generated)
(20 missing values generated)
(17 missing values generated)
(17 missing values generated)
(17 missing values generated)
(18 missing values generated)
(18 missing values generated)
(18 missing values generated)
(16 missing values generated)
(16 missing values generated)
(16 missing values generated)
(13 missing values generated)
(13 missing values generated)
(13 missing values generated)
(15 missing values generated)
(15 missing values generated)
(15 missing values generated)
(12 missing values generated)
(12 missing values generated)
(12 missing values generated)
(14 missing values generated)
(13 missing values generated)
(13 missing values generated)

. 
. forvalues y = 2011(1)2020{
  2.     gen num`y' = sales`y' * msrp`y'
  3.     egen num2`y' = total(num`y')
  4.     egen den`y' = total(sales`y') if !missing(msrp`y') & msrp`y' != 0
  5.     gen avg_msrp`y' = num2`y' / den`y'
  6.     drop num`y' num2`y' den`y'
  7. }
(27 missing values generated)
(27 missing values generated)
(27 missing values generated)
(23 missing values generated)
(23 missing values generated)
(23 missing values generated)
(21 missing values generated)
(21 missing values generated)
(21 missing values generated)
(17 missing values generated)
(17 missing values generated)
(17 missing values generated)
(18 missing values generated)
(18 missing values generated)
(18 missing values generated)
(17 missing values generated)
(17 missing values generated)
(17 missing values generated)
(17 missing values generated)
(17 missing values generated)
(17 missing values generated)
(17 missing values generated)
(17 missing values generated)
(17 missing values generated)
(13 missing values generated)
(13 missing values generated)
(13 missing values generated)
(14 missing values generated)
(14 missing values generated)
(14 missing values generated)

. 
. forvalues y = 2011(1)2020{
  2.     gen num`y' = sales`y' * batt_cap`y'
  3.     egen num2`y' = total(num`y')
  4.     egen den`y' = total(sales`y') if !missing(batt_cap`y') & batt_cap`y' != 0
  5.     gen avg_batt_cap`y' = num2`y' / den`y'
  6.     drop num`y' num2`y' den`y'
  7. }
(27 missing values generated)
(27 missing values generated)
(27 missing values generated)
(24 missing values generated)
(24 missing values generated)
(24 missing values generated)
(23 missing values generated)
(23 missing values generated)
(23 missing values generated)
(21 missing values generated)
(21 missing values generated)
(21 missing values generated)
(20 missing values generated)
(20 missing values generated)
(20 missing values generated)
(17 missing values generated)
(17 missing values generated)
(17 missing values generated)
(16 missing values generated)
(16 missing values generated)
(16 missing values generated)
(18 missing values generated)
(18 missing values generated)
(18 missing values generated)
(16 missing values generated)
(16 missing values generated)
(16 missing values generated)
(18 missing values generated)
(18 missing values generated)
(18 missing values generated)

. 
. keep avg*

. keep if _n == 1
(27 observations deleted)

. gen n = _n

. reshape long avg_kwh_per_mile avg_msrp avg_batt_cap, i(n) j(year)
(j = 2011 2012 2013 2014 2015 2016 2017 2018 2019 2020)

Data                               Wide   ->   Long
-----------------------------------------------------------------------------
Number of observations                1   ->   10          
Number of variables                  31   ->   5           
j variable (10 values)                    ->   year
xij variables:
avg_kwh_per_mile2011 avg_kwh_per_mile2012 ... avg_kwh_per_mile2020->avg_kwh_per_mile
avg_msrp2011 avg_msrp2012 ... avg_msrp2020->   avg_msrp
avg_batt_cap2011 avg_batt_cap2012 ... avg_batt_cap2020->avg_batt_cap
-----------------------------------------------------------------------------

. drop n

. 
. save "${code_files}/1_assumptions/evs/processed/kwh_msrp_batt_cap", replace
file /Users/beatrice/Documents/GitHub/mvpf-climate/data/1_assumptions/evs/processed/kwh_msrp_batt_cap.dta saved

. 
. 
. 
. 
. 
. 
. 
. 
. 
. 
. 
. 
. 
. 
. 
. 
. 
. 
. 
. 
. 
. 
. 
. 
. 
. 
. 
. 
. 
. 
. 
. 
. 
. 
. 
. 
. 
. 
. 
. 
. 
. 
. 
. 
. 
. 
. 
. 
. 
. 
. 
. 
. 
. 
. 
. 
. 
. 
. 
. 
. 
. 
. 
. 
. 
. 
. 
. 
. 
. 
end of do-file

. 
. do "${github}/data_cleaning/build_ice_vmt_by_age_state.do"

. 
. if ("`c(username)'" == "sarahaa") { // Sarah
.     global user = "C:/Users/sarahaa"
.     global dropbox = "${user}/Dropbox (MIT)/Regulation"
.     global github = "${user}/Documents/GitHub/mvpf-enviro"
. }

. 
. if ("`c(username)'" == "sarah") { // Sarah's personal computer
.         global user = "/Users/sarah"
.         global dropbox = "${user}/Dropbox (MIT)/Regulation"
.         global github = "${user}/Documents/GitHub/mvpf-enviro"
. }

. 
. ***************************
. /*    State-level VMT    */
. ***************************
. ** Calculating a sample-weighted average across vehicle types for the state-level VMT
. import excel "${code_files}/1_assumptions/evs/vmt_by_state_2017_survey.xlsx", sheet("AVG_BESTMILE_Gas") first clear
(10 vars, 54 obs)

. 
. ren VEHTYPE vmt

. ren A state

. keep vmt state

. 
. drop if missing(state) | missing(vmt)
(2 observations deleted)

. drop if state == "TOTAL"
(1 observation deleted)

. 
. destring vmt, replace
vmt: all characters numeric; replaced as double

. 
. save "${code_files}/1_assumptions/evs/processed/ice_vmt_by_state", replace
file /Users/beatrice/Documents/GitHub/mvpf-climate/data/1_assumptions/evs/processed/ice_vmt_by_state.dta saved

. 
. ** Calculating a sample-weighted average across vehicle types for the age-level VMT
. import excel "${code_files}/1_assumptions/evs/vmt_by_age_2017_survey", sheet("AVG_BESTMILE_Gas") first clear
(10 vars, 28 obs)

. 
. ren VEHTYPE vmt

. ren A age

. keep vmt age

. 
. drop if missing(age) | missing(vmt)
(2 observations deleted)

. drop if age == "I don't know"
(1 observation deleted)

. drop if age == "I prefer not to answer"
(1 observation deleted)

. drop if age == "TOTAL"
(1 observation deleted)

. 
. destring vmt, replace
vmt: all characters numeric; replaced as double

. 
. tempfile vmt

. sa `vmt'
file /var/folders/ss/lfl5qx6955x8ysd601l8w13r0000gq/T//S_30199.000001 saved as .dta format

. 
. import excel "${code_files}/1_assumptions/evs/vmt_by_age_2017_survey", sheet("Sample Size_Gas") first clear
(10 vars, 28 obs)

. 
. keep A D

. ren A age

. ren D count

. 
. drop if missing(age) | missing(count)
(2 observations deleted)

. drop if age == "I don't know"
(1 observation deleted)

. drop if age == "I prefer not to answer"
(1 observation deleted)

. drop if age == "TOTAL"
(1 observation deleted)

. 
. destring count, replace
count: all characters numeric; replaced as int

. 
. merge 1:1 age using `vmt'

    Result                      Number of obs
    -----------------------------------------
    Not matched                             0
    Matched                                23  (_merge==3)
    -----------------------------------------

. 
. drop _merge

. 
. expand 5 if age == "20-24"
(4 observations created)

. expand 5 if age == "25-29"
(4 observations created)

. expand 3 if age == "30-32"
(2 observations created)

. 
. sort age

. 
. replace count = count/5 if age == "20-24"
variable count was int now float
(5 real changes made)

. replace count = count/5 if age == "25-29"
(5 real changes made)

. replace count = count/3 if age == "30-32"
(3 real changes made)

. 
. replace age = "20" if _n == 13 & age == "20-24"
(1 real change made)

. replace age = "21" if _n == 14 & age == "20-24"
(1 real change made)

. replace age = "22" if _n == 15 & age == "20-24"
(1 real change made)

. replace age = "23" if _n == 16 & age == "20-24"
(1 real change made)

. replace age = "24" if _n == 17 & age == "20-24"
(1 real change made)

. 
. replace age = "25" if _n == 18 & age == "25-29"
(1 real change made)

. replace age = "26" if _n == 19 & age == "25-29"
(1 real change made)

. replace age = "27" if _n == 20 & age == "25-29"
(1 real change made)

. replace age = "28" if _n == 21 & age == "25-29"
(1 real change made)

. replace age = "29" if _n == 22 & age == "25-29"
(1 real change made)

. 
. replace age = "30" if _n == 24 & age == "30-32"
(1 real change made)

. replace age = "31" if _n == 25 & age == "30-32"
(1 real change made)

. replace age = "32" if _n == 26 & age == "30-32"
(1 real change made)

. 
. replace age = "33" if age == "33+"
(1 real change made)

. 
. destring age, replace
age: all characters numeric; replaced as byte

. sort age

. 
. save "${code_files}/1_assumptions/evs/processed/ice_vmt_by_age", replace
file /Users/beatrice/Documents/GitHub/mvpf-climate/data/1_assumptions/evs/processed/ice_vmt_by_age.dta saved

. 
. egen N_fleet = total(count)

. egen weighted_avg_fleet = total(vmt * count)

. replace weighted_avg_fleet = weighted_avg_fleet / N_fleet
(33 real changes made)

. 
. gen age_diff = (weighted_avg_fleet - vmt) / weighted_avg_fleet

. 
. keep age age_diff

. 
. 
. tempfile age_change

. sa `age_change'
file /var/folders/ss/lfl5qx6955x8ysd601l8w13r0000gq/T//S_30199.000002 saved as .dta format

. 
. use "${code_files}/1_assumptions/evs/processed/ice_vmt_by_state", clear

. 
. expand 33
(1,632 observations created)

. gen age = .
(1,683 missing values generated)

. bysort state: replace age = _n
(1,683 real changes made)

. 
. merge m:1 age using `age_change'

    Result                      Number of obs
    -----------------------------------------
    Not matched                             0
    Matched                             1,683  (_merge==3)
    -----------------------------------------

. drop _merge

. 
. gen vmt_by_state_age = vmt - age_diff * vmt

. sort state age

. 
. save "${code_files}/1_assumptions/evs/processed/ice_vmt_by_state_by_age", replace
file /Users/beatrice/Documents/GitHub/mvpf-climate/data/1_assumptions/evs/processed/ice_vmt_by_state_by_age.dta saved

. 
. 
. 
. 
end of do-file

. 
. do "${github}/data_cleaning/clean_state_pop.do"

. 
. 
. 
. if ("`c(username)'" == "sarahaa") { // Sarah
.     global user = "C:/Users/sarahaa"
.     global dropbox = "${user}/Dropbox (MIT)/Regulation"
.     global github = "${user}/Documents/GitHub/mvpf-enviro"
. }

. 
. if ("`c(username)'" == "sarah") { // Sarah's personal computer
.         global user = "/Users/sarah"
.         global dropbox = "${user}/Dropbox (MIT)/Regulation"
.         global github = "${user}/Documents/GitHub/mvpf-enviro"
. }

. 
. import excel "${code_files}/1_assumptions/evs/pop_by_state_2010_2019.xlsx", clear
(13 vars, 67 obs)

. 
. ren D pop2010

. ren E pop2011

. ren F pop2012

. ren G pop2013

. ren H pop2014

. ren I pop2015

. ren J pop2016

. ren K pop2017

. ren L pop2018

. ren M pop2019

. 
. drop if strpos(A,"table")
(1 observation deleted)

. drop if strpos(A,"Annual")
(2 observations deleted)

. drop if strpos(A,"Geographic")
(2 observations deleted)

. drop if strpos(A,"United")
(1 observation deleted)

. drop if strpos(A,"Northeast")
(1 observation deleted)

. drop if strpos(A,"Midwest")
(1 observation deleted)

. drop if A == "South"
(1 observation deleted)

. drop if A == "West"
(1 observation deleted)

. drop if missing(A)
(2 observations deleted)

. 
. ren A state

. drop B C

. 
. replace state = substr(state,2,.)
(55 real changes made)

. 
. drop if strpos(state, "Rico")
(1 observation deleted)

. drop if strpos(state, "Citation")
(1 observation deleted)

. drop if strpos(state, "Census")
(1 observation deleted)

. drop if strpos(state, "Date")
(1 observation deleted)

. 
. destring pop2010, replace
pop2010: all characters numeric; replaced as long

. 
. save "${code_files}/1_assumptions/evs/processed/pop_by_state_2010_2019", replace
file /Users/beatrice/Documents/GitHub/mvpf-climate/data/1_assumptions/evs/processed/pop_by_state_2010_2019.dta saved

. 
. import excel "${code_files}/1_assumptions/evs/pop_by_state_2000_2009.xls", clear
(14 vars, 70 obs)

. drop if _n == 1
(1 observation deleted)

. drop if strpos(A, "Intercensal")
(2 observations deleted)

. drop if strpos(A, "Geographic")
(2 observations deleted)

. drop if A == "Puerto Rico"
(1 observation deleted)

. drop if strpos(A, "Question")
(1 observation deleted)

. drop if strpos(A, "data")
(1 observation deleted)

. drop if strpos(A, "applying")
(1 observation deleted)

. drop if strpos(A, "Suggested")
(1 observation deleted)

. drop if strpos(A, "Population")
(1 observation deleted)

. drop if strpos(A, "Release")
(1 observation deleted)

. drop if missing(A)
(2 observations deleted)

. drop if strpos(A,"United")
(1 observation deleted)

. drop if strpos(A,"Northeast")
(1 observation deleted)

. drop if strpos(A,"Midwest")
(1 observation deleted)

. drop if A == "South"
(1 observation deleted)

. drop if A == "West"
(1 observation deleted)

. 
. ren A state

. drop B

. 
. replace state = substr(state,2,.)
(51 real changes made)

. 
. drop M N

. 
. ren C pop2000

. ren D pop2001

. ren E pop2002

. ren F pop2003

. ren G pop2004

. ren H pop2005

. ren I pop2006

. ren J pop2007

. ren K pop2008

. ren L pop2009

. 
. destring pop2000, replace
pop2000: all characters numeric; replaced as long

. 
. save "${code_files}/1_assumptions/evs/processed/pop_by_state_2000_2009", replace
file /Users/beatrice/Documents/GitHub/mvpf-climate/data/1_assumptions/evs/processed/pop_by_state_2000_2009.dta saved

. 
. merge 1:1 state using "${code_files}/1_assumptions/evs/processed/pop_by_state_2010_2019"
(variable state was str277, now str646 to accommodate using data's values)

    Result                      Number of obs
    -----------------------------------------
    Not matched                             0
    Matched                                51  (_merge==3)
    -----------------------------------------

. drop _merge

. 
. save "${code_files}/1_assumptions/evs/processed/pop_by_state_2000_2019", replace
file /Users/beatrice/Documents/GitHub/mvpf-climate/data/1_assumptions/evs/processed/pop_by_state_2000_2019.dta saved

. 
. 
. 
end of do-file

. 
. do "${github}/data_cleaning/build_hev_data.do"

. 
. if ("`c(username)'" == "sarahaa") { // Sarah
.     global user = "C:/Users/sarahaa"
.     global dropbox = "${user}/Dropbox (MIT)/Regulation"
.     global github = "${user}/Documents/GitHub/mvpf-enviro"
. }

. 
. if ("`c(username)'" == "sarah") { // Sarah's personal computer
.         global user = "/Users/sarah"
.         global dropbox = "${user}/Dropbox (MIT)/Regulation"
.         global github = "${user}/Documents/GitHub/mvpf-enviro"
. }

. 
. import excel using "${code_files}/1_assumptions/evs/10301_hev_sale_2-28-20.xlsx", clear first
(23 vars, 61 obs)

. 
. ren B sales1999

. ren C sales2000

. ren D sales2001

. ren E sales2002

. ren F sales2003

. ren G sales2004

. ren H sales2005

. ren I sales2006

. ren J sales2007

. ren K sales2008

. ren L sales2009

. ren M sales2010

. ren N sales2011

. ren O sales2012

. ren P sales2013

. ren Q sales2014

. ren R sales2015

. ren S sales2016

. ren T sales2017

. ren U sales2018

. ren V sales2019

. 
. forv i = 1999(1)2019{
  2.         gen price`i' = .
  3.         gen batt_cap`i' = .
  4.         gen msrp`i' = .
  5.         gen mpg`i' = .
  6. }
(61 missing values generated)
(61 missing values generated)
(61 missing values generated)
(61 missing values generated)
(61 missing values generated)
(61 missing values generated)
(61 missing values generated)
(61 missing values generated)
(61 missing values generated)
(61 missing values generated)
(61 missing values generated)
(61 missing values generated)
(61 missing values generated)
(61 missing values generated)
(61 missing values generated)
(61 missing values generated)
(61 missing values generated)
(61 missing values generated)
(61 missing values generated)
(61 missing values generated)
(61 missing values generated)
(61 missing values generated)
(61 missing values generated)
(61 missing values generated)
(61 missing values generated)
(61 missing values generated)
(61 missing values generated)
(61 missing values generated)
(61 missing values generated)
(61 missing values generated)
(61 missing values generated)
(61 missing values generated)
(61 missing values generated)
(61 missing values generated)
(61 missing values generated)
(61 missing values generated)
(61 missing values generated)
(61 missing values generated)
(61 missing values generated)
(61 missing values generated)
(61 missing values generated)
(61 missing values generated)
(61 missing values generated)
(61 missing values generated)
(61 missing values generated)
(61 missing values generated)
(61 missing values generated)
(61 missing values generated)
(61 missing values generated)
(61 missing values generated)
(61 missing values generated)
(61 missing values generated)
(61 missing values generated)
(61 missing values generated)
(61 missing values generated)
(61 missing values generated)
(61 missing values generated)
(61 missing values generated)
(61 missing values generated)
(61 missing values generated)
(61 missing values generated)
(61 missing values generated)
(61 missing values generated)
(61 missing values generated)
(61 missing values generated)
(61 missing values generated)
(61 missing values generated)
(61 missing values generated)
(61 missing values generated)
(61 missing values generated)
(61 missing values generated)
(61 missing values generated)
(61 missing values generated)
(61 missing values generated)
(61 missing values generated)
(61 missing values generated)
(61 missing values generated)
(61 missing values generated)
(61 missing values generated)
(61 missing values generated)
(61 missing values generated)
(61 missing values generated)
(61 missing values generated)
(61 missing values generated)

. 
. replace batt_cap2000 = 6.5 * 144 / 1000 if Vehicle == "Honda Insight" // https://electronhybridsolution.com/product/honda-insight-1999-2006-remanufactured-hybrid-battery-rebuild-kit
> /
(1 real change made)

. replace batt_cap2001 = 6.5 * 144 / 1000 if Vehicle == "Honda Insight"
(1 real change made)

. replace batt_cap2002 = 6.5 * 144 / 1000 if Vehicle == "Honda Insight"
(1 real change made)

. replace batt_cap2003 = 6.5 * 144 / 1000 if Vehicle == "Honda Insight"
(1 real change made)

. replace batt_cap2004 = 6.5 * 144 / 1000 if Vehicle == "Honda Insight"
(1 real change made)

. replace batt_cap2005 = 6.5 * 144 / 1000 if Vehicle == "Honda Insight"
(1 real change made)

. replace batt_cap2006 = 6.5 * 144 / 1000 if Vehicle == "Honda Insight"
(1 real change made)

. 
. replace batt_cap2001 = 6.5 * 273.6 / 1000 if Vehicle == "Toyota Prius" // https://ennocar.com/product/ni-mh-273-6v-6-5ah-prismatic-hybrid-car-battery-toyota-prius-gen1-2000-2001-200
> 2-2003/
(1 real change made)

. replace batt_cap2002 = 6.5 * 273.6 / 1000 if Vehicle == "Toyota Prius"
(1 real change made)

. replace batt_cap2003 = 6.5 * 273.6 / 1000 if Vehicle == "Toyota Prius"
(1 real change made)

. replace batt_cap2004 = 6.5 * 201.6 / 1000 if Vehicle == "Toyota Prius" // https://poweringautos.com/what-is-the-capacity-prius-car-battery/
(1 real change made)

. replace batt_cap2005 = 6.5 * 201.6 / 1000 if Vehicle == "Toyota Prius" 
(1 real change made)

. replace batt_cap2006 = 6.5 * 201.6 / 1000 if Vehicle == "Toyota Prius"
(1 real change made)

. 
. replace batt_cap2003 = 6.5 * 144 / 1000 if Vehicle == "Honda Civic" // https://ihybridbattery.com/product/honda-civic-g1-hybrid-battery-2003-2005/
(1 real change made)

. replace batt_cap2004 = 6.5 * 144 / 1000 if Vehicle == "Honda Civic"
(1 real change made)

. replace batt_cap2005 = 6 * 144 / 1000 if Vehicle == "Honda Civic" // https://hondanews.com/en-US/honda-automobiles/releases/release-e23d1cf6dc1ef9a37d3be9004c34c347-2005-honda-civic
> -hybrid-specifications
(1 real change made)

. replace batt_cap2006 = 5.5 * 158 / 1000 if Vehicle == "Honda Civic" // https://hondanews.com/en-US/honda-automobiles/releases/release-591334b5ff2cd7fdfabb17004c34c1b5-2006-honda-civ
> ic-sedan-and-civic-hybrid-specifications
(1 real change made)

. 
. replace batt_cap2005 = 5.5 * 330 / 1000 if Vehicle == "Ford Escape/Mercury Mariner" // https://en.wikipedia.org/wiki/Ford_Escape#2004%E2%80%932006_(ZB)
(1 real change made)

. replace batt_cap2006 = 5.5 * 330 / 1000 if Vehicle == "Ford Escape/Mercury Mariner"
(1 real change made)

. 
. replace batt_cap2005 = 6 * 144 / 1000 if Vehicle == "Honda Accord" // https://avt.inl.gov/sites/default/files/pdf/hev/batteryaccord1096.pdf
(1 real change made)

. replace batt_cap2006 = 6 * 144 / 1000 if Vehicle == "Honda Accord"
(1 real change made)

. 
. replace batt_cap2006 = 6.5 * 288 / 1000 if Vehicle == "Toyota Highlander" // https://www.besthybridbatteries.com/products/toyota-highlander-2006-2007-hybrid-battery
(1 real change made)

. 
. replace batt_cap2006 = 6.5 * 288 / 1000 if Vehicle == "Lexus RX 450h" // http://www.ae.pwr.wroc.pl/filez/20110606092430_HEV_Toyota.pdf
(1 real change made)

. 
. preserve

. 
. * Importing Table 4 from Kelley Blue Book
. 
.         import excel using "${code_files}/1_assumptions/evs/Q4-2021-Kelley-Blue-Book-Sales-Report-Electrified-Light-Vehicles.xlsx", ///
>                 clear sheet("Table 4") cellrange(A3) firstrow
(10 vars, 45 obs)

.         keep A G  // Keep vehicle names and 2020 sales

.         rename A vehicle_raw

.         rename G sales2020

.         destring sales2020, replace force
sales2020: contains nonnumeric characters; replaced as int
(3 missing values generated)

.         drop if missing(vehicle_raw) | vehicle_raw == ""
(0 observations deleted)

.         
.     tempfile table4_data

.     save "`table4_data'", replace       
(file /var/folders/ss/lfl5qx6955x8ysd601l8w13r0000gq/T//S_30199.000002 not found)
file /var/folders/ss/lfl5qx6955x8ysd601l8w13r0000gq/T//S_30199.000002 saved as .dta format

.         
.         * Importing Table 5 from Kelley Blue Book
.         
.         import excel using "${code_files}/1_assumptions/evs/Q4-2021-Kelley-Blue-Book-Sales-Report-Electrified-Light-Vehicles.xlsx", ///
>                 clear sheet("Table 5") cellrange(A3) firstrow
(10 vars, 14 obs)

.         keep A G  // Keep vehicle names and 2020 sales

.         rename A vehicle_raw

.         rename G sales2020

.         destring sales2020, replace force
sales2020 already numeric; no replace

.         drop if missing(vehicle_raw) | vehicle_raw == ""
(0 observations deleted)

.         append using "`table4_data'"

.         
.     // Standardize vehicle names
.     gen Vehicle = vehicle_raw

.     replace Vehicle = "Acura MDX Hybrid" if vehicle_raw == "Acura MDX"
(1 real change made)

.     replace Vehicle = "Acura NSX" if vehicle_raw == "Acura NS-X"  
(1 real change made)

.         replace Vehicle = "Audi Q5 Hybrid" if vehicle_raw == "Audi Q5"  
(1 real change made)

.     replace Vehicle = "Ford Escape/Mercury Mariner" if vehicle_raw == "Ford Escape"
variable Vehicle was str26 now str27
(1 real change made)

.     replace Vehicle = "Ford Fusion & Milan" if vehicle_raw == "Ford Fusion"
(1 real change made)

.     replace Vehicle = "Hyundai Ioniq Hybrid" if vehicle_raw == "Hyundai Ioniq"
(1 real change made)

.     replace Vehicle = "Kia Optima" if vehicle_raw == "Kia Optima/K5"
(1 real change made)

.     replace Vehicle = "Lexus LC500h" if vehicle_raw == "Lexus LC"
(1 real change made)

.     replace Vehicle = "Lexus LS 500h" if vehicle_raw == "Lexus LS"
(1 real change made)

.     replace Vehicle = "Lexus NX Hybrid" if vehicle_raw == "Lexus NX"
(1 real change made)

.     replace Vehicle = "Lexus RX 450h" if vehicle_raw == "Lexus RX"
(1 real change made)

.         replace Vehicle = "Lexus  ES Hybrid" if vehicle_raw == "Lexus ES"
(1 real change made)

.         replace Vehicle = "Toyota Prius" if vehicle_raw == "Toyota Prius / Prius Prime"
(1 real change made)

. 
. 
.         save "${code_files}/1_assumptions/evs/Q4-2021-Kelley-Blue-Book-Sales-Report-Electrified-Light-Vehicles.dta", replace
file /Users/beatrice/Documents/GitHub/mvpf-climate/data/1_assumptions/evs/Q4-2021-Kelley-Blue-Book-Sales-Report-Electrified-Light-Vehicles.dta saved

. 
. restore

.         
. merge 1:1 Vehicle using "${code_files}/1_assumptions/evs/Q4-2021-Kelley-Blue-Book-Sales-Report-Electrified-Light-Vehicles.dta", gen(source) keep(1 2 3)

    Result                      Number of obs
    -----------------------------------------
    Not matched                            68
        from master                        35  (source==1)
        from using                         33  (source==2)

    Matched                                26  (source==3)
    -----------------------------------------

. 
. drop if Vehicle == "Total"
(1 observation deleted)

. 
. gen batt_cap2020 = .
(93 missing values generated)

. gen mpg2020 = .
(93 missing values generated)

. 
. replace batt_cap2020 = 1.3 if Vehicle == "Acura RLX" | Vehicle == "Acura NSX" // https://www.autoweb.com/acura/nsx/2020 and https://en.wikipedia.org/wiki/Acura_RLX
(2 real changes made)

. replace batt_cap2020 = 1.1 if Vehicle == "Ford Escape/Mercury Mariner" // https://www.caranddriver.com/news/a27006951/2020-ford-escape-hybrid-plug-in-photos-info/
(1 real change made)

. replace batt_cap2020 = 1.1 if Vehicle == "Ford Explorer" // https://www.caranddriver.com/news/a27006951/2020-ford-escape-hybrid-plug-in-photos-info/
(1 real change made)

. replace batt_cap2020 = 1.4 if Vehicle == "Ford Fusion & Milan" // https://www.holzhauers.com/blog/2020/september/9/everything-you-need-to-know-about-the-ford-fusion-hybrid-battery.h
> tm
(1 real change made)

. replace batt_cap2020 = 1.3 if Vehicle == "Honda Accord" // https://www.caranddriver.com/honda/accord/specs/2020/honda_accord_honda-accord-hybrid_2020
(1 real change made)

. replace batt_cap2020 = 1.2 if Vehicle == "Honda Insight" // https://www.topspeed.com/real-cost-replacing-honda-insight-hybrid-battery/
(1 real change made)

. replace batt_cap2020 = 6.5 * 244.8 / 1000 if Vehicle == "Toyota RAV4" // https://www.guideautoweb.com/en/articles/53908/2020-toyota-rav4-hybrid-the-best-rav4-you-can-buy/
(1 real change made)

. replace batt_cap2020 = 6.5 * 288 / 1000 if Vehicle == "Toyota Highlander" // https://assets.sia.toyota.com/publications/en/om-s/OM0E037U/pdf/OM0E037U.pdf p. 508
(1 real change made)

. replace batt_cap2020 = ((3.6 * 207.2 + 6.5 * 201.6) / 1000) / 2 if Vehicle == "Toyota Prius" // https://www.velocityjournal.com/journal/2020/toyota/33872/reviews/310.html
(1 real change made)

. replace batt_cap2020 = ((4  * 259 + 6.5 * 244.8) / 1000) / 2 if Vehicle == "Toyota Camry" // avg of AXVH70 and AXVH71 models, https://assets.sia.toyota.com/publications/en/om-s/OM06
> 233U/pdf/OM06233U.pdf p. 524
(1 real change made)

. replace batt_cap2020 = 6.5 * 201.6 / 1000 if Vehicle == "Toyota Corolla" // https://assets.sia.toyota.com/publications/en/om-s/OM12K81U/pdf/OM12K81U.pdf, p. 498
(1 real change made)

. replace batt_cap2020 = 6.5 * 244.8 / 1000 if Vehicle == "Toyota Avalon" // https://assets.sia.toyota.com/publications/en/om-s/OM07017U/pdf/OM07017U.pd, p. 502
(1 real change made)

. replace batt_cap2020 = 6.5 * 240 / 1000 if Vehicle == "Kia Niro" // https://www.kniro.net/description_and_operation-724.html
(1 real change made)

. replace batt_cap2020 = 6.5 * 288 / 1000 if Vehicle == "Lexus RX 450h" // https://assets.sia.toyota.com/publications/en/om-s/OM0E059U/pdf/OM0E059U.pdf, p. 466
(1 real change made)

. replace batt_cap2020 = 6.5 * 270 / 1000 if Vehicle == "Kia Optima" // https://www.kiamedia.com/us/en/models/optima-hybrid/2020/specifications
(1 real change made)

. replace batt_cap2020 = 6.5 * 216 / 1000 if Vehicle == "Lexus UX" // https://www.okacc.com/product/216v-6-5ah-nimh-hybrid-car-battery-replacement-for-lexus-ux-250h-2019/
(1 real change made)

. replace batt_cap2020 = 6.5 * 244.8 / 1000 if Vehicle == "Lexus NX Hybrid" | Vehicle == "Lexus ES Hybrid" // https://assets.sia.toyota.com/publications/en/om-s/OM0E059U/pdf/OM0E059U.
> pdf, p. 402
(1 real change made)

. replace batt_cap2020 = 3.6 * 310.8 / 1000 if Vehicle == "Lexus LS 500h" | Vehicle == "Lexus LC500h" // https://www.caranddriver.com/reviews/a32132012/2020-lexus-ls500h-drive/ and ht
> tps://www.caranddriver.com/lexus/lc
(2 real changes made)

. replace batt_cap2020 = 1.56 if Vehicle == "Hyundai Ioniq Hybrid" // https://www.encycarpedia.com/us/hyundai/16-ioniq-hybrid-hatch
(1 real change made)

. replace batt_cap2020 = 1.62 if Vehicle == "Hyundai Sonata" // https://www.motortrend.com/reviews/2020-hyundai-sonata-hybrid-first-drive
(1 real change made)

. replace batt_cap2020 = 1 if Vehicle == "Lincoln MKZ" // https://www.cars.com/research/compare/?vehicles=lincoln-mkz-2020,lincoln-mkz_hybrid-2020
(1 real change made)

. 
. *** All msrp info is from edmunds unless otherwise noted
. 
. gen msrp2020 = .
(93 missing values generated)

. replace msrp2020 = (36750 + 42500) / 2 if Vehicle == "Lincoln MKZ" //https://www.edmunds.com/lincoln/mkz/2020/features-specs/
(1 real change made)

. replace msrp2020 = (24325 + 25535 + 26935 + 28375 + 29375 + 32500) / 6 if Vehicle == "Toyota Prius" //https://www.edmunds.com/toyota/prius/2020/features-specs/
(1 real change made)

. replace msrp2020 = 52530 if Vehicle == "Ford Explorer" //https://www.edmunds.com/ford/explorer/2020/features-specs/
(1 real change made)

. replace msrp2020 = (28265 + 33550) / 2 if Vehicle == "Ford Escape/Mercury Mariner" //https://www.edmunds.com/ford/escape/2020/features-specs/
(1 real change made)

. replace msrp2020 = 97510 if Vehicle == "Lexus LC500h" //https://www.edmunds.com/lexus/lc500h/2020/features-specs/
(1 real change made)

. replace msrp2020 = 80010 if Vehicle == "Lexus LS 500h" //https://www.edmunds.com/lexus/ls500h/2020/features-specs/
(1 real change made)

. replace msrp2020 = (22930 + 24310 + 28340) / 3 if Vehicle == "Honda Insight" //https://www.edmunds.com/honda/insight/2020/features-specs/
(1 real change made)

. replace msrp2020 = 157500 if Vehicle == "Acura NSX" //https://www.edmunds.com/acura/nsx/2020/features-specs/
(1 real change made)

. replace msrp2020 = 61900 if Vehicle == "Acura RLX" //https://www.edmunds.com/acura/rlx/2020/features-specs/
(1 real change made)

. replace msrp2020 = (24975 + 27785 + 27785 + 28875 + 31375 + 32315 + 32315 + 33375 + 37205) / 9  if Vehicle == "Honda Accord" // https://hondanews.com/en-US/honda-automobiles/release
> s/release-807c080220275f828905387c4f006348-2020-honda-accord-pricing-and-epa-ratings-172020#:~:text=Included%20Divisions,Cookie%20Preferences
(1 real change made)

. replace msrp2020 = 23100 if Vehicle == "Toyota Corolla" // https://www.worldtoyota.com/2020-toyota-corolla-hybrid-research/#:~:text=ft%20@%203%2C600%20rpm-,TRANSMISSION,for%202%20ye
> ars/unlimited%20miles.
(1 real change made)

. replace msrp2020 = (28430 + 30130 + 32730) / 3 if Vehicle == "Toyota Camry" //https://www.seegertoyota.com/research-camry.html
(1 real change made)

. replace msrp2020 = (28000 + 31630 + 34595) / 3 if Vehicle == "Ford Fusion & Milan" //https://www.cars.com/research/ford-fusion_hybrid-2020/
(1 real change made)

. replace msrp2020 = (34500 + 36500 + 39700) / 3 if Vehicle == "Lexus UX" //https://www.cars.com/research/lexus-ux_250h-2020/
(1 real change made)

. replace msrp2020 = (23200 + 25150 + 28400 + 31200) / 4 if Vehicle == "Hyundai Ioniq Hybrid" //https://www.edmunds.com/hyundai/ioniq-hybrid/2020/features-specs/
(1 real change made)

. replace msrp2020 = (24590 + 25990 + 28290 + 30790 + 32790) / 5 if Vehicle == "Kia Niro" //https://www.edmunds.com/kia/niro/2020/features-specs/
(1 real change made)

. replace msrp2020 = (37000 + 39500 + 43300) / 3  if Vehicle == "Toyota Avalon" //https://www.toyotaplace.com/2020-avalon-hybrid/
(1 real change made)

. replace msrp2020 = (41810 + 44665 + 45660) / 3 if Vehicle == "Lexus ES Hybrid" //https://www.cars.com/research/lexus-es_300h-2020/
(0 real changes made)

. replace msrp2020 = (39070 + 46160) / 2 if Vehicle == "Lexus NX Hybrid" //https://www.edmunds.com/lexus/nx-300h/2020/features-specs/
(1 real change made)

. replace msrp2020 = (28350 + 29645 + 34300 + 36880) / 4 if Vehicle == "Toyota RAV4" //https://www.carvertoyota.com/2020-rav4-hybrid/
(1 real change made)

. replace msrp2020 = (27750 + 29900 + 35300) / 3 if Vehicle == "Hyundai Sonata" //https://www.cars.com/research/hyundai-sonata_hybrid-2020/
(1 real change made)

. replace msrp2020 = 29310 if Vehicle == "Kia Optima" //https://www.cars.com/research/kia-optima_hybrid-2020/
(1 real change made)

. replace msrp2020 = (46800 + 50600 + 52920) / 3 if Vehicle == "Lexus RX 450h" //https://www.edmunds.com/lexus/rx-450h/2020/features-specs/
(1 real change made)

. replace msrp2020 = (38200 + 41000 + 45050 + 48250) / 4 if Vehicle == "Toyota Highlander" //https://www.toyotaofsaratogasprings.com/2020-highlander-hybrid/
(1 real change made)

. replace msrp2020 = (69000 + 73600 + 79700) / 3 if Vehicle == "Audi A7" //https://www.edmunds.com/audi/a7/2020/features-specs/
(1 real change made)

. //replace msrp2020 = (43450 + 44465 + 46950 + 49750) / 4 if Vehicle == "Jeep Wrangler" XX no jeep wrangler hybrid in 2020
. replace msrp2020 = 85200 if Vehicle == "Audi A8" //https://media.audiusa.com/releases/383
(1 real change made)

. replace msrp2020 = 52530 if Vehicle == "Ford Explorer" //https://www.edmunds.com/ford/explorer/2020/features-specs/
(0 real changes made)

. replace msrp2020 = (90900 + 96150) / 2 if Vehicle == "Land Rover Range Rover" //https://media.jaguarlandrover.com/en-us/news/2019/04/2020-range-rover-offers-straight-six-performance
> -and-efficient-mild-hybrid-refinement
(1 real change made)

. replace msrp2020 = 53000 if Vehicle == "Acura MDX Hybrid" //https://www.edmunds.com/acura/mdx/2020/st-401818478/features-specs/
(1 real change made)

. 
. replace msrp2000 = 20495 if Vehicle == "Honda Insight" // https://www.kbb.com/honda/insight/2000/
(1 real change made)

. replace msrp2001 = 18980 if Vehicle == "Honda Insight" //https://hondanews.com/en-US/honda-automobiles/releases/release-098c5538bed9019c638afd004c34c826-2001-honda-insight-prices-an
> d-epa-data
(1 real change made)

. replace msrp2001 = 19995 if Vehicle == "Toyota Prius" //https://www.edmunds.com/toyota/prius/2001/review/
(1 real change made)

. replace msrp2002 = 19080 if Vehicle == "Honda Insight" //https://www.cars.com/research/honda-insight-2002/
(1 real change made)

. replace msrp2002 = 19995 if Vehicle == "Toyota Prius" //https://www.edmunds.com/toyota/prius/2002/review/
(1 real change made)

. replace msrp2003 = 19080 if Vehicle == "Honda Insight" //https://www.edmunds.com/honda/insight/2003/review/
(1 real change made)

. replace msrp2003 = 19995 if Vehicle == "Toyota Prius" //https://www.edmunds.com/toyota/prius/2003/review/
(1 real change made)

. replace msrp2004 = 19650 if Vehicle == "Honda Civic" //https://www.edmunds.com/honda/civic/2004/features-specs/
(1 real change made)

. replace msrp2004 = 19180 if Vehicle == "Honda Insight" //https://www.edmunds.com/honda/insight/2004/review/
(1 real change made)

. replace msrp2004 = 20295 if Vehicle == "Toyota Prius" //https://www.edmunds.com/toyota/prius/2004/review/
(1 real change made)

. replace msrp2005 = 26830 if Vehicle == "Ford Escape/Mercury Mariner" //https://www.edmunds.com/ford/escape/2005/features-specs/
(1 real change made)

. replace msrp2005 = 19900 if Vehicle == "Honda Civic" //https://www.edmunds.com/honda/civic/2005/review/
(1 real change made)

. replace msrp2005 = 19330 if Vehicle == "Honda Insight" //https://www.edmunds.com/honda/insight/2005/review/
(1 real change made)

. replace msrp2005 = 21275 if Vehicle == "Toyota Prius" //https://www.edmunds.com/toyota/prius/2005/review/
(1 real change made)

. replace msrp2006 = 44660 if Vehicle == "Lexus RX 450h" //https://www.edmunds.com/lexus/rx-400h/2006/review/
(1 real change made)

. replace msrp2006 = 30990 if Vehicle == "Honda Accord" //https://hondanews.com/en-US/honda-automobiles/releases/release-62d354a9c0790131b8228e004c34c067-honda-announces-pricing-for-r
> edesigned-2006-accord-hybrid
(1 real change made)

. replace msrp2006 = 26900 if Vehicle == "Ford Escape/Mercury Mariner"
(1 real change made)

. replace msrp2006 = 19330 if Vehicle == "Honda Insight" //https://www.edmunds.com/honda/insight/2006/review/
(1 real change made)

. replace msrp2006 = 21725 if Vehicle == "Toyota Prius" //https://www.edmunds.com/toyota/prius/2006/review/
(1 real change made)

. 
. replace mpg2000 = 53 if Vehicle == "Honda Insight" //https://www.edmunds.com/honda/insight/2000/features-specs/
(1 real change made)

. 
. replace mpg2001 = (53 + 47) / 3 if Vehicle == "Honda Insight" // https://www.edmunds.com/honda/insight/2001/features-specs/
(1 real change made)

. replace mpg2001 = 41 if Vehicle == "Toyota Prius" //https://www.edmunds.com/toyota/prius/2001/review/
(1 real change made)

. 
. replace mpg2002 = (53 + 47) / 3 if Vehicle == "Honda Insight" //https://www.edmunds.com/honda/insight/2002/features-specs/
(1 real change made)

. replace mpg2002 = 41 if Vehicle == "Toyota Prius" //https://www.edmunds.com/toyota/prius/2002/review/
(1 real change made)

. 
. replace mpg2003 = (53 + 47) / 3 if Vehicle == "Honda Insight" //https://www.edmunds.com/honda/insight/2003/features-specs/
(1 real change made)

. replace mpg2003 = 41 if Vehicle == "Honda Civic" //https://www.edmunds.com/honda/civic/2003/features-specs/
(1 real change made)

. replace mpg2003 = 41 if Vehicle == "Toyota Prius" //https://www.edmunds.com/toyota/prius/2003/review/
(1 real change made)

. 
. replace mpg2004 = (52 + 47) / 3 if Vehicle == "Honda Insight" //https://www.edmunds.com/honda/insight/2004/features-specs/
(1 real change made)

. replace mpg2004 = 40 if Vehicle == "Honda Civic" //https://www.edmunds.com/honda/civic/2004/features-specs/
(1 real change made)

. replace mpg2004 = 46 if Vehicle == "Toyota Prius" //https://www.edmunds.com/toyota/prius/2004/review/
(1 real change made)

. 
. replace mpg2005 = (52 + 47) / 2 if Vehicle == "Honda Insight" //https://www.edmunds.com/honda/insight/2005/features-specs/
(1 real change made)

. replace mpg2005 = 28 if Vehicle == "Honda Accord" // https://www.fueleconomy.gov/feg/noframes/21539.shtml
(1 real change made)

. replace mpg2005 = (29 + 27) / 2 if Vehicle == "Ford Escape/Mercury Mariner" //https://www.edmunds.com/ford/escape/2005/features-specs/
(1 real change made)

. replace mpg2005 = 40 if Vehicle == "Honda Civic" //https://www.edmunds.com/honda/civic/2005/features-specs/
(1 real change made)

. replace mpg2005 = 46 if Vehicle == "Toyota Prius" //https://www.edmunds.com/toyota/prius/2005/review/
(1 real change made)

. 
. replace mpg2006 = (52 + 47) / 2 if Vehicle == "Honda Insight" //https://www.edmunds.com/honda/insight/2006/features-specs/
(1 real change made)

. replace mpg2006 = 25 if Vehicle == "Honda Accord" //https://www.fueleconomy.gov/feg/noframes/22676.shtml
(1 real change made)

. replace mpg2006 = (27 + 25) / 2 if Vehicle == "Lexus RX 450h" //https://www.kbb.com/lexus/rx/2006/rx-400h-sport-utility-4d/
(1 real change made)

. replace mpg2006 = (29 + 27) / 2 if Vehicle == "Ford Escape/Mercury Mariner" //https://www.edmunds.com/ford/escape-hybrid/2006/mpg/?style=100531499
(1 real change made)

. replace mpg2006 = 42 if Vehicle == "Honda Civic" // https://www.edmunds.com/honda/civic/2006/review/
(1 real change made)

. replace mpg2006 = (27 + 26) / 2 if Vehicle == "Toyota Highlander"
(1 real change made)

. replace mpg2006 = 46 if Vehicle == "Toyota Prius" //https://www.edmunds.com/toyota/prius/2006/review/
(1 real change made)

. 
. sort sales2020

. 
. // All MPG numbers come from fueleconomy.gov
. replace mpg2020 = 24 if Vehicle == "Audi A7" //https://fueleconomy.gov/feg/Find.do?action=sbs&id=42295
(1 real change made)

. replace mpg2020 = 30 if Vehicle == "Lexus LC500h" //https://www.fueleconomy.gov/feg/Find.do?action=sbs&id=41552
(1 real change made)

. replace mpg2020 = (28 + 26) / 2 if Vehicle == "Lexus LS 500h" //https://www.fueleconomy.gov/feg/Find.do?action=sbs&id=42131&id=42132
(1 real change made)

. replace mpg2020 = (21 + 21 + 20) / 3 if Vehicle == "Jeep Wrangler" //https://www.fueleconomy.gov/feg/Find.do?action=sbs&id=42906&id=42908&id=43801
(1 real change made)

. replace mpg2020 = (21 + 18) / 2 if Vehicle == "Audi A8" //https://www.fueleconomy.gov/feg/Find.do?action=sbs&id=42241&id=42306
(1 real change made)

. replace mpg2020 = 21 if Vehicle == "Acura NSX" //https://www.fueleconomy.gov/feg/Find.do?action=sbs&id=42192
(1 real change made)

. replace mpg2020 = 28 if Vehicle == "Acura RLX" //https://www.fueleconomy.gov/feg/Find.do?action=sbs&id=41718
(1 real change made)

. replace mpg2020 = 42 if Vehicle == "Kia Optima" //https://www.fueleconomy.gov/feg/Find.do?action=sbs&id=41437
(1 real change made)

. replace mpg2020 = (18 + 24) / 2 if Vehicle == "Land Rover Range Rover" // https://www.fueleconomy.gov/feg/Find.do?action=sbs&id=41636&id=41634
(1 real change made)

. replace mpg2020 = 27 if Vehicle == "Acura MDX Hybrid" //https://www.fueleconomy.gov/feg/Find.do?action=sbs&id=41665
(1 real change made)

. replace mpg2020 = (28 + 26) / 2 if Vehicle == "Lexus LS 500h" //https://www.fueleconomy.gov/feg/Find.do?action=sbs&id=42131&id=42132
(0 real changes made)

. replace mpg2020 = 41 if Vehicle == "Lincoln MKZ" //https://www.fueleconomy.gov/feg/Find.do?action=sbs&id=41808
(1 real change made)

. replace mpg2020 = (52 + 47) / 2 if Vehicle == "Hyundai Sonata" //https://www.fueleconomy.gov/feg/Find.do?action=sbs&id=42475&id=42476
(1 real change made)

. replace mpg2020 = (44 + 43) / 2 if Vehicle == "Toyota Avalon" //https://www.fueleconomy.gov/feg/Find.do?action=sbs&id=41813&id=41814
(1 real change made)

. replace mpg2020 = 44 if Vehicle == "Lexus ES Hybrid" //https://www.fueleconomy.gov/feg/Find.do?action=sbs&id=41913
(0 real changes made)

. replace mpg2020 = (28 + 25) / 2 if Vehicle == "Ford Explorer" //https://www.fueleconomy.gov/feg/Find.do?action=sbs&id=41939&id=41937
(1 real change made)

. replace mpg2020 = 31 if Vehicle == "Lexus NX Hybrid" //https://www.edmunds.com/lexus/nx-300h/2020/review/
(1 real change made)

. replace mpg2020 = (42 + 39) / 2 if Vehicle == "Lexus UX" //https://www.fueleconomy.gov/feg/Find.do?action=sbs&id=42222&id=42223
(1 real change made)

. replace mpg2020 = (58 + 55) / 2 if Vehicle == "Hyundai Ioniq Hybrid" //https://www.fueleconomy.gov/feg/Find.do?action=sbs&id=42243&id=42242
(1 real change made)

. replace mpg2020 = (30 + 29) / 2 if Vehicle == "Lexus RX 450h" //https://www.fueleconomy.gov/feg/Find.do?action=sbs&id=41974&id=41975
(1 real change made)

. replace mpg2020 = (50 + 49 + 43) / 3 if Vehicle == "Kia Niro" //https://www.fueleconomy.gov/feg/Find.do?action=sbs&id=42307&id=42308&id=42309
(1 real change made)

. replace mpg2020 = (52 + 48) / 2 if Vehicle == "Honda Insight" //https://www.fueleconomy.gov/feg/Find.do?action=sbs&id=41648&id=41649
(1 real change made)

. replace mpg2020 = 52 if Vehicle == "Toyota Corolla" //https://www.fueleconomy.gov/feg/Find.do?action=sbs&id=41214
(1 real change made)

. replace mpg2020 = 48 if Vehicle == "Honda Accord" //https://www.fueleconomy.gov/feg/Find.do?action=sbs&id=42135
(1 real change made)

. replace mpg2020 = (42 + 41) / 2 if Vehicle == "Ford Fusion & Milan" //https://www.fueleconomy.gov/feg/Find.do?action=sbs&id=41802&id=41803
(1 real change made)

. replace mpg2020 = (41 + 40) / 2 if Vehicle == "Ford Escape/Mercury Mariner" //https://www.fueleconomy.gov/feg/Find.do?action=sbs&id=42258&id=42253
(1 real change made)

. replace mpg2020 = (52 + 46) / 2 if Vehicle == "Toyota Camry" //https://www.fueleconomy.gov/feg/Find.do?action=sbs&id=42016&id=42017
(1 real change made)

. replace mpg2020 = (56 + 52 + 50 + 46) / 4 if Vehicle == "Toyota Prius" //https://www.fueleconomy.gov/feg/Find.do?action=sbs&id=41915&id=41917&id=41916&id=41716
(1 real change made)

. replace mpg2020 = (36 + 35 + 35) / 3 if Vehicle == "Toyota Highlander" //https://www.fueleconomy.gov/feg/Find.do?action=sbs&id=42477&id=42478&id=42479
(1 real change made)

. replace mpg2020 = 40 if Vehicle == "Toyota RAV4" //https://www.fueleconomy.gov/feg/Find.do?action=sbs&id=42187
(1 real change made)

. 
. forv i = 1999(1)2020{
  2.         gen sales_msrp`i' = sales`i'
  3.         gen sales_mpg`i' = sales`i'
  4.         ren sales`i' sales_batt_cap`i'
  5.         replace sales_msrp`i' = 0 if missing(msrp`i')
  6.         replace sales_mpg`i' = 0 if missing(mpg`i')
  7.         replace sales_batt_cap`i' = 0 if missing(batt_cap`i')
  8. }
(33 missing values generated)
(33 missing values generated)
(34 real changes made)
(34 real changes made)
(34 real changes made)
(33 missing values generated)
(33 missing values generated)
(34 real changes made)
(34 real changes made)
(34 real changes made)
(33 missing values generated)
(33 missing values generated)
(33 real changes made)
(33 real changes made)
(33 real changes made)
(33 missing values generated)
(33 missing values generated)
(34 real changes made)
(34 real changes made)
(34 real changes made)
(33 missing values generated)
(33 missing values generated)
(34 real changes made)
(33 real changes made)
(33 real changes made)
(33 missing values generated)
(33 missing values generated)
(35 real changes made)
(35 real changes made)
(35 real changes made)
(33 missing values generated)
(33 missing values generated)
(36 real changes made)
(35 real changes made)
(35 real changes made)
(33 missing values generated)
(33 missing values generated)
(37 real changes made)
(35 real changes made)
(35 real changes made)
(33 missing values generated)
(33 missing values generated)
(45 real changes made)
(45 real changes made)
(45 real changes made)
(33 missing values generated)
(33 missing values generated)
(48 real changes made)
(48 real changes made)
(48 real changes made)
(33 missing values generated)
(33 missing values generated)
(52 real changes made)
(52 real changes made)
(52 real changes made)
(33 missing values generated)
(33 missing values generated)
(57 real changes made)
(57 real changes made)
(57 real changes made)
(33 missing values generated)
(33 missing values generated)
(63 real changes made)
(63 real changes made)
(63 real changes made)
(33 missing values generated)
(33 missing values generated)
(69 real changes made)
(69 real changes made)
(69 real changes made)
(33 missing values generated)
(33 missing values generated)
(72 real changes made)
(72 real changes made)
(72 real changes made)
(33 missing values generated)
(33 missing values generated)
(73 real changes made)
(73 real changes made)
(73 real changes made)
(33 missing values generated)
(33 missing values generated)
(73 real changes made)
(73 real changes made)
(73 real changes made)
(33 missing values generated)
(33 missing values generated)
(70 real changes made)
(70 real changes made)
(70 real changes made)
(33 missing values generated)
(33 missing values generated)
(69 real changes made)
(69 real changes made)
(69 real changes made)
(33 missing values generated)
(33 missing values generated)
(67 real changes made)
(67 real changes made)
(67 real changes made)
(33 missing values generated)
(33 missing values generated)
(65 real changes made)
(65 real changes made)
(65 real changes made)
(37 missing values generated)
(37 missing values generated)
(66 real changes made)
(65 real changes made)
(70 real changes made)

. 
. forv i = 1999(1)2020{
  2.         egen msrp_N`i' = total(sales_msrp`i')
  3.         egen batt_cap_N`i' = total(sales_batt_cap`i')
  4.         egen mpg_N`i' = total(sales_mpg`i')
  5.         egen msrp_weighted_avg`i' = total(sales_msrp`i' * msrp`i')
  6.         replace msrp_weighted_avg`i' = msrp_weighted_avg`i' / msrp_N`i'
  7.         egen batt_cap_weighted_avg`i' = total(sales_batt_cap`i' * batt_cap`i')
  8.         replace batt_cap_weighted_avg`i' = batt_cap_weighted_avg`i' / batt_cap_N`i'
  9.         egen mpg_weighted_avg`i' = total(sales_mpg`i' * mpg`i')
 10.         replace mpg_weighted_avg`i' = mpg_weighted_avg`i' / mpg_N`i'
 11. }
(93 real changes made, 93 to missing)
(93 real changes made, 93 to missing)
(93 real changes made, 93 to missing)
(93 real changes made)
(93 real changes made)
(93 real changes made)
(93 real changes made)
(93 real changes made)
(93 real changes made)
(93 real changes made)
(93 real changes made)
(93 real changes made)
(93 real changes made)
(93 real changes made)
(93 real changes made)
(93 real changes made)
(93 real changes made)
(93 real changes made)
(93 real changes made)
(93 real changes made)
(93 real changes made)
(93 real changes made)
(93 real changes made)
(93 real changes made)
(93 real changes made, 93 to missing)
(93 real changes made, 93 to missing)
(93 real changes made, 93 to missing)
(93 real changes made, 93 to missing)
(93 real changes made, 93 to missing)
(93 real changes made, 93 to missing)
(93 real changes made, 93 to missing)
(93 real changes made, 93 to missing)
(93 real changes made, 93 to missing)
(93 real changes made, 93 to missing)
(93 real changes made, 93 to missing)
(93 real changes made, 93 to missing)
(93 real changes made, 93 to missing)
(93 real changes made, 93 to missing)
(93 real changes made, 93 to missing)
(93 real changes made, 93 to missing)
(93 real changes made, 93 to missing)
(93 real changes made, 93 to missing)
(93 real changes made, 93 to missing)
(93 real changes made, 93 to missing)
(93 real changes made, 93 to missing)
(93 real changes made, 93 to missing)
(93 real changes made, 93 to missing)
(93 real changes made, 93 to missing)
(93 real changes made, 93 to missing)
(93 real changes made, 93 to missing)
(93 real changes made, 93 to missing)
(93 real changes made, 93 to missing)
(93 real changes made, 93 to missing)
(93 real changes made, 93 to missing)
(93 real changes made, 93 to missing)
(93 real changes made, 93 to missing)
(93 real changes made, 93 to missing)
(93 real changes made, 93 to missing)
(93 real changes made, 93 to missing)
(93 real changes made, 93 to missing)
(93 real changes made, 93 to missing)
(93 real changes made, 93 to missing)
(93 real changes made, 93 to missing)
(93 real changes made)
(93 real changes made)
(93 real changes made)

. 
. 
. duplicates drop batt_cap_weighted_avg2001 batt_cap_weighted_avg2002, force

Duplicates in terms of batt_cap_weighted_avg2001 batt_cap_weighted_avg2002

(92 observations deleted)

. 
. * reshape long batt_cap_weighted_avg msrp_weighted_avg mpg_weighted_avg, i(Vehicle) j(year)
. reshape long msrp_N batt_cap_N mpg_N batt_cap_weighted_avg msrp_weighted_avg mpg_weighted_avg, i(Vehicle) j(year)
(j = 1999 2000 2001 2002 2003 2004 2005 2006 2007 2008 2009 2010 2011 2012 2013 2014 2015 2016 2017 2018 2019 2020)

Data                               Wide   ->   Long
-----------------------------------------------------------------------------
Number of observations                1   ->   22          
Number of variables                 289   ->   164         
j variable (22 values)                    ->   year
xij variables:
   msrp_N1999 msrp_N2000 ... msrp_N2020   ->   msrp_N
batt_cap_N1999 batt_cap_N2000 ... batt_cap_N2020->batt_cap_N
      mpg_N1999 mpg_N2000 ... mpg_N2020   ->   mpg_N
batt_cap_weighted_avg1999 batt_cap_weighted_avg2000 ... batt_cap_weighted_avg2020->batt_cap_weighted_avg
msrp_weighted_avg1999 msrp_weighted_avg2000 ... msrp_weighted_avg2020->msrp_weighted_avg
mpg_weighted_avg1999 mpg_weighted_avg2000 ... mpg_weighted_avg2020->mpg_weighted_avg
-----------------------------------------------------------------------------

. * keep year batt_cap_weighted* msrp_weighted* mpg_weighted*
. keep year msrp_N batt_cap_N mpg_N batt_cap_weighted_avg msrp_weighted_avg mpg_weighted_avg

. 
. 
. ren msrp_weighted_avg msrp

. ren batt_cap_weighted_avg batt_cap 

. ren mpg_weighted_avg mpg 

. gen mpg_cf = 1 / ((1 / mpg) - -0.000011 * 100) // formula and -0.000011 come from Muehlegger & Rapson (2023), assuming difference between HEV mpg and counterfactual mpg is the same 
> over time
(14 missing values generated)

. 
. save "${code_files}/1_assumptions/evs/processed/hev_data.dta", replace
file /Users/beatrice/Documents/GitHub/mvpf-climate/data/1_assumptions/evs/processed/hev_data.dta saved

. 
. 
. 
. 
. 
. 
. 
. 
. 
. 
. 
. 
. 
. 
. 
. 
. 
. 
. 
end of do-file

. 
. do "${github}/data_cleaning/build_scc_epa_data.do"

. ******************************************************
. /* Creates dataset of EPA SCCs from Table A5
>  https://www.epa.gov/system/files/documents/2023-12/epa_scghg_2023_report_final.pdf
>  */
. ******************************************************
. 
. clear

. input year epa_scc

          year    epa_scc
  1. 2020    193
  2. 2021    197
  3. 2022    200
  4. 2023    204
  5. 2024    208
  6. 2025    212
  7. 2026    215
  8. 2027    219
  9. 2028    223
 10. 2029    226
 11. 2030    230
 12. 2031    234
 13. 2032    237
 14. 2033    241
 15. 2034    245
 16. 2035    248
 17. 2036    252
 18. 2037    256
 19. 2038    259
 20. 2039    263
 21. 2040    267
 22. 2041    271
 23. 2042    275
 24. 2043    279
 25. 2044    283
 26. 2045    287
 27. 2046    291
 28. 2047    296
 29. 2048    300
 30. 2049    304
 31. 2050    308
 32. 2051    312
 33. 2052    315
 34. 2053    319
 35. 2054    323
 36. 2055    326
 37. 2056    330
 38. 2057    334
 39. 2058    338
 40. 2059    341
 41. 2060    345
 42. 2061    348
 43. 2062    351
 44. 2063    354
 45. 2064    357
 46. 2065    360
 47. 2066    363
 48. 2067    366
 49. 2068    369
 50. 2069    372
 51. 2070    375
 52. 2071    378
 53. 2072    382
 54. 2073    385
 55. 2074    388
 56. 2075    391
 57. 2076    394
 58. 2077    398
 59. 2078    401
 60. 2079    404
 61. 2080    407
 62. end

. 
. save "${code_files}/1_assumptions/evs/processed/epa_scc.dta", replace
(file /Users/beatrice/Documents/GitHub/mvpf-climate/data/1_assumptions/evs/processed/epa_scc.dta not found)
file /Users/beatrice/Documents/GitHub/mvpf-climate/data/1_assumptions/evs/processed/epa_scc.dta saved

. 
end of do-file

. 
. 
. 
end of do-file

. 
end of do-file

. do "/var/folders/ss/lfl5qx6955x8ysd601l8w13r0000gq/T//SD30199.000000"

. use "${code_files}/1_assumptions/evs/processed/LDV_out_17ihs_I4.dta", clear

. 
. // Clean data
. 
. keep if !missing(year) & year >= 2021 & year <= 2060
(960 observations deleted)

. keep year emtot_sd_K1

. 
. // Merge with EPA SCC data
. merge 1:1 year using "${code_files}/1_assumptions/evs/processed/epa_scc.dta"

    Result                      Number of obs
    -----------------------------------------
    Not matched                            21
        from master                         0  (_merge==1)
        from using                         21  (_merge==2)

    Matched                                40  (_merge==3)
    -----------------------------------------

. 
. // Calculate discounted benefits for each year
. gen discount_factor = 1 / (1.03)^(year - 2020)

. gen annual_benefits = epa_scc * abs(emtot_sd_K1) * discount_factor
(21 missing values generated)

. egen total_benefits = total(annual_benefits)

. 
. sum total_benefits

    Variable |        Obs        Mean    Std. dev.       Min        Max
-------------+---------------------------------------------------------
total_bene~s |         61    134904.3           0   134904.3   134904.3

. local total_benefits_value = r(mean)

. local fiscal_cost = 10000  // Or calculate from data

. local mvpf = (`total_benefits_value') / `fiscal_cost'

. di "MVPF: " `mvpf'
MVPF: 13.490428

. 
end of do-file

. do "/var/folders/ss/lfl5qx6955x8ysd601l8w13r0000gq/T//SD30199.000000"

. do "${github}/ado/reset_globals.ado"

. *-----------------------------------------------------------------------
. * Check if Timepaths Should Re-run
. *-----------------------------------------------------------------------
. cap prog drop reset_globals

. prog def reset_globals, rclass
  1. 
. syntax [anything], /// yes or no 
>                 [scc_reset(real 193)] ///
>                 
  2. *Temporarily storing paths as locals
. scalar dropbox = "${dropbox}"
  3. scalar github = "${github}"
  4. scalar user_name = "${user_name}"
  5. scalar mac_wolfram_path = "${mac_wolfram_path}"
  6. scalar rerun_data = "${rerun_data}"
  7. scalar bootstraps = "${bootstraps}"
  8. scalar pub_bias = "${pub_bias}"
  9. scalar scc_reset = `scc_reset'
 10. 
. *Dropping all globals
. macro drop _all
 11. 
. *Resaving all paths as globals
. global dropbox = scalar(dropbox)
 12. global github = scalar(github)
 13. global user_name = scalar(user_name)
 14. global mac_wolfram_path = scalar(mac_wolfram_path)
 15. global rerun_data = scalar(rerun_data)
 16. global bootstraps = scalar(bootstraps)
 17. global pub_bias = scalar(pub_bias)
 18. local scc_reset = scalar(scc_reset)
 19. 
. *Preparing inputs
. do "${github}/wrapper/clean_data.do"
 20. 
. *Reset Globals by running one program
. do "${github}/wrapper/metafile.do" ///
>         "current" /// 2020
>         "`scc_reset'" /// SCC
>         "yes" /// learning-by-doing
>         "no" /// savings
>         "yes" /// profits
>         "retrofit_res" /// programs to run
>         0 /// reps
>         "resetting_globals" // nrun
 21. 
.                 
. end

. 
end of do-file

. reset_globals

. /*-----------------------------------------------------------------------
> * Prepare Input Datasets
> *-----------------------------------------------------------------------*/
. 
. // Install reclink if not already installed
. capture which reclink

. if _rc != 0 {
.     ssc install reclink
. }

. 
. global code_files                = "${dropbox}"

. global assumptions               = "${code_files}/1_assumptions"

. 
. global policy_assumptions               = "${assumptions}/policy_category_assumptions_MASTER.xlsx"

. 
.                 import excel "${policy_assumptions}", first clear sheet("cpi_index")
(2 vars, 77 obs)

.                 gen year = year(FREDYear)

.                 qui sum year

.                 local first_year_missing_cpi = r(max) + 1

.                 
.                 levelsof(year), local(year_loop)
1947 1948 1949 1950 1951 1952 1953 1954 1955 1956 1957 1958 1959 1960 1961 1962 1963 1964 1965 1966 1967 1968 1969 1970 1971 1972 1973 1974 1975 1976 1977 1978 1979 1980 1981 1982 198
> 3 1984 1985 1986 1987 1988 1989 1990 1991 1992 1993 1994 1995 1996 1997 1998 1999 2000 2001 2002 2003 2004 2005 2006 2007 2008 2009 2010 2011 2012 2013 2014 2015 2016 2017 2018 2019
>  2020 2021 2022 2023

.                 foreach y of local year_loop {
  2.                         
.                         qui sum index if year == `y'
  3.                         global cpi_`y' = r(mean) 
  4.                         
.                 }

. 
.                 forval y = `first_year_missing_cpi'(1)2050 {
  2.                         
.                         global cpi_`y' = ${cpi_2020}
  3.                         
.                 }

.                 
. 
. do "${github}/data_cleaning/build_batt_data.do"

. 
. ******************************************************
. /* Cleans data from Ziegler and Trancik on the cost of 
> two different types of batteries over time */
. ******************************************************
. 
. 
. if ("`c(username)'" == "sarahaa") { // Sarah
.     global user = "C:/Users/sarahaa"
.     global dropbox = "${user}/Dropbox (MIT)/Regulation"
.     global github = "${user}/Documents/GitHub/mvpf-enviro"
. }

. 
. if ("`c(username)'" == "sarah") { // Sarah's personal computer
.         global user = "/Users/sarah"
.         global dropbox = "${user}/Dropbox (MIT)/Regulation"
.         global github = "${user}/Documents/GitHub/mvpf-enviro"
. }

. 
. import excel using "${code_files}/1_assumptions/evs/battery_costs_zt.xlsx", clear first sheet("RepreSeries_Price_cy")
(16 vars, 26 obs)

. ren IndependentAxisData year

. ren DependentAxisData prod_cost_2018

. label variable prod_cost "2018 dollars, per kWh"

. 
. keep year prod_cost_2018

. 
. save "${code_files}/1_assumptions/evs/processed/cyl_batt_costs_zt", replace
file /Users/beatrice/Documents/GitHub/mvpf-climate/data/1_assumptions/evs/processed/cyl_batt_costs_zt.dta saved

. 
. import excel using "${code_files}/1_assumptions/evs/battery_costs_doe", clear first 
(3 vars, 37 obs)

. 
. ren USDepartmentofEnergyVehic year

. ren B prod_cost_current

. ren C prod_cost_2021

. drop if strpos(year,"Fact")
(1 observation deleted)

. drop if missing(year)
(10 observations deleted)

. drop if strpos(year,"Estimated")
(1 observation deleted)

. drop if strpos(year,"Year")
(1 observation deleted)

. drop if strpos(year,"Note")
(1 observation deleted)

. drop if strpos(year,"Sources")
(1 observation deleted)

. drop if strpos(year,"estimation")
(1 observation deleted)

. drop if strpos(year,"Merit")
(2 observations deleted)

. drop if strpos(year,"merit")
(1 observation deleted)

. drop if strpos(year,"node")
(1 observation deleted)

. drop if strpos(year,"Medicine")
(1 observation deleted)

. drop if strpos(year,"doi")
(1 observation deleted)

. 
. destring year, replace
year: all characters numeric; replaced as int

. destring prod_cost_current, replace
prod_cost_current: all characters numeric; replaced as double

. destring prod_cost_2021, replace
prod_cost_2021: all characters numeric; replaced as double

. 
. gen prod_cost_2018 = prod_cost_2021 * (${cpi_2018} / ${cpi_2021})

. 
. save "${code_files}/1_assumptions/evs/processed/clean_battery_costs_doe", replace
file /Users/beatrice/Documents/GitHub/mvpf-climate/data/1_assumptions/evs/processed/clean_battery_costs_doe.dta saved

. 
. append using "${code_files}/1_assumptions/evs/processed/cyl_batt_costs_zt", gen(source)
(variable prod_cost_2018 was float, now double to accommodate using data's values)

. 
. sort year source

. by year: gen diff = prod_cost_2018[1] - prod_cost_2018[2]
(23 missing values generated)

. 
. drop if year >= 2008 & year <= 2016 & source == 0
(9 observations deleted)

. 
. save "${code_files}/1_assumptions/evs/processed/cyl_batt_costs_combined", replace
file /Users/beatrice/Documents/GitHub/mvpf-climate/data/1_assumptions/evs/processed/cyl_batt_costs_combined.dta saved

. 
. import excel using "${code_files}/1_assumptions/evs/battery_costs_zt.xlsx", clear first sheet("RepreSeries_Price_All_Cells")
(16 vars, 28 obs)

. ren IndependentAxisData year

. ren DependentAxisData prod_cost_2018

. label variable prod_cost "2018 dollars, per kWh"

. 
. keep year prod_cost_2018

. 
. save "${code_files}/1_assumptions/evs/processed/all_cells_batt_costs_zt", replace
file /Users/beatrice/Documents/GitHub/mvpf-climate/data/1_assumptions/evs/processed/all_cells_batt_costs_zt.dta saved

. 
. append using "${code_files}/1_assumptions/evs/processed/clean_battery_costs_doe", gen(source)

. 
. sort year source

. by year: gen diff = prod_cost_2018[1] - prod_cost_2018[2]
(21 missing values generated)

. drop if year >= 2008 & year <= 2018 & source == 0
(11 observations deleted)

. 
. save "${code_files}/1_assumptions/evs/processed/all_cells_batt_costs_combined", replace
file /Users/beatrice/Documents/GitHub/mvpf-climate/data/1_assumptions/evs/processed/all_cells_batt_costs_combined.dta saved

. 
end of do-file

. 
. do "${github}/data_cleaning/build_batt_sales_data.do"

. *****************************************************
. /* Cleans data from Ziegler and Trancik and Statista
> on the sales of batteries over time */
. *****************************************************
. 
. if ("`c(username)'" == "sarahaa") { // Sarah
.     global user = "C:/Users/sarahaa"
.     global dropbox = "${user}/Dropbox (MIT)/Regulation"
.     global github = "${user}/Documents/GitHub/mvpf-enviro"
. }

. 
. if ("`c(username)'" == "sarah") { // Sarah's personal computer
.         global user = "/Users/sarah"
.         global dropbox = "${user}/Dropbox (MIT)/Regulation"
.         global github = "${user}/Documents/GitHub/mvpf-enviro"
. }

. 
. import excel using "${code_files}/1_assumptions/evs/battery_costs_zt.xlsx", clear first sheet("RepreSeries_MarketSize_All_MWh")
(16 vars, 26 obs)

. 
. ren IndependentAxisData year

. ren DependentAxisData marg_sales

. label variable marg_sales "MWh"

. 
. keep year marg_sales

. 
. save "${code_files}/1_assumptions/evs/processed/battery_marg_sales_zt", replace
file /Users/beatrice/Documents/GitHub/mvpf-climate/data/1_assumptions/evs/processed/battery_marg_sales_zt.dta saved

. 
. import excel using "${code_files}/1_assumptions/evs/marg_batt_sales_2016_2022_statista", clear first sheet("Data")
(5 vars, 9 obs)

. 
. ren EVlithiumionbatterydemandwo year

. ren C china

. ren D europe

. ren E us

. ren F other

. 
. drop if strpos(year,"from")
(1 observation deleted)

. drop if missing(year)
(1 observation deleted)

. 
. destring year, replace
year: all characters numeric; replaced as int

. destring china, replace
china: all characters numeric; replaced as double

. destring europe, replace
europe: all characters numeric; replaced as double

. destring us, replace
us: all characters numeric; replaced as double

. destring other, replace
other: all characters numeric; replaced as double

. 
. egen marg_sales = rowtotal(china europe us other)

. keep year marg_sales

. 
. replace marg_sales = marg_sales * 1000 // converting to MWh
(7 real changes made)

. 
. append using "${code_files}/1_assumptions/evs/processed/battery_marg_sales_zt", gen(source)
(variable marg_sales was float, now double to accommodate using data's values)

. 
. sort year source

. by year: gen diff = marg_sales[1] - marg_sales[2]
(31 missing values generated)

. 
. drop if year == 2016 & source == 0
(1 observation deleted)

. 
. sort year

. 
. gen cum_sales = sum(marg_sales)

. 
. save "${code_files}/1_assumptions/evs/processed/battery_sales_combined", replace
file /Users/beatrice/Documents/GitHub/mvpf-climate/data/1_assumptions/evs/processed/battery_sales_combined.dta saved

. 
end of do-file

. 
. do "${github}/data_cleaning/clean_2023_kbb_data.do"

. if ("`c(username)'" == "sarahaa") { // Sarah
.     global user = "C:/Users/sarahaa"
.     global dropbox = "${user}/Dropbox (MIT)/Regulation"
.     global github = "${user}/Documents/GitHub/mvpf-enviro"
. }

. 
. if ("`c(username)'" == "sarah") { // Sarah's personal computer
.         global user = "/Users/sarah"
.         global dropbox = "${user}/Dropbox (MIT)/Regulation"
.         global github = "${user}/Documents/GitHub/mvpf-enviro"
. }

. 
. import excel using "${code_files}/1_assumptions/evs/kbb_ev_sales_q12023.xlsx", clear first sheet("Table 3")
(10 vars, 54 obs)

. ren ELECTRICVEHICLEMODEL vehicle

. 
. ren B sales2023q1

. keep vehicle sales2023q1

. drop if missing(vehicle)
(3 observations deleted)

. 
. drop if vehicle == "Total (Estimates)"
(1 observation deleted)

. drop if vehicle == "Toyota Mirai"
(1 observation deleted)

. drop if vehicle == "Hyundia Nexo"
(1 observation deleted)

. drop if vehicle == "Honda Clarity"
(1 observation deleted)

. drop if vehicle == "Total EV & FCEV (Estimates)"
(1 observation deleted)

. 
. tempfile q1

. sa `q1'
file /var/folders/ss/lfl5qx6955x8ysd601l8w13r0000gq/T//S_30199.000001 saved as .dta format

. 
. import excel using "${code_files}/1_assumptions/evs/kbb_ev_sales_q22023.xlsx", clear first sheet("Table 3")
(10 vars, 57 obs)

. ren ELECTRICVEHICLEMODEL vehicle

. 
. ren B sales2023q2

. keep vehicle sales2023q2

. drop if missing(vehicle)
(3 observations deleted)

. 
. drop if vehicle == "Total (Estimates)"
(1 observation deleted)

. drop if vehicle == "Toyota Mirai"
(1 observation deleted)

. drop if vehicle == "Hyundia Nexo"
(1 observation deleted)

. drop if vehicle == "Honda Clarity"
(1 observation deleted)

. drop if vehicle == "Total EV & FCEV (Estimates)"
(1 observation deleted)

. 
. tempfile q2

. sa `q2'
file /var/folders/ss/lfl5qx6955x8ysd601l8w13r0000gq/T//S_30199.000002 saved as .dta format

. 
. import excel using "${code_files}/1_assumptions/evs/kbb_ev_sales_q32023.xlsx", clear first sheet("Table 3")
(10 vars, 60 obs)

. ren ELECTRICVEHICLEMODEL vehicle

. 
. ren B sales2023q3

. keep vehicle sales2023q3

. drop if missing(vehicle)
(3 observations deleted)

. 
. drop if vehicle == "Total (Estimates)"
(1 observation deleted)

. drop if vehicle == "Toyota Mirai"
(1 observation deleted)

. drop if vehicle == "Hyundia Nexo"
(1 observation deleted)

. drop if vehicle == "Honda Clarity"
(1 observation deleted)

. drop if vehicle == "Total EV & FCEV (Estimates)"
(1 observation deleted)

. 
. tempfile q3

. sa `q3'
file /var/folders/ss/lfl5qx6955x8ysd601l8w13r0000gq/T//S_30199.000003 saved as .dta format

. 
. import excel using "${code_files}/1_assumptions/evs/kbb_ev_sales_q42023.xlsx", clear first sheet("Table 3")
(10 vars, 62 obs)

. ren ELECTRICVEHICLEMODEL vehicle

. 
. ren B sales2023q4

. keep vehicle sales2023q4

. drop if missing(vehicle)
(3 observations deleted)

. 
. drop if vehicle == "Total (Estimates)"
(1 observation deleted)

. drop if vehicle == "Toyota Mirai"
(1 observation deleted)

. drop if vehicle == "Hyundai Nexo"
(1 observation deleted)

. drop if vehicle == "Honda Clarity"
(1 observation deleted)

. drop if vehicle == "Total EV & FCEV (Estimates)"
(1 observation deleted)

. 
. merge 1:1 vehicle using `q1'

    Result                      Number of obs
    -----------------------------------------
    Not matched                            10
        from master                         9  (_merge==1)
        from using                          1  (_merge==2)

    Matched                                45  (_merge==3)
    -----------------------------------------

. drop _merge

. 
. merge 1:1 vehicle using `q2'

    Result                      Number of obs
    -----------------------------------------
    Not matched                             6
        from master                         6  (_merge==1)
        from using                          0  (_merge==2)

    Matched                                49  (_merge==3)
    -----------------------------------------

. drop _merge

. 
. merge 1:1 vehicle using `q3'

    Result                      Number of obs
    -----------------------------------------
    Not matched                             3
        from master                         3  (_merge==1)
        from using                          0  (_merge==2)

    Matched                                52  (_merge==3)
    -----------------------------------------

. 
. replace sales2023q1 = "" if sales2023q1 == "-"
(4 real changes made)

. replace sales2023q2 = "" if sales2023q2 == "-"
(3 real changes made)

. replace sales2023q3 = "" if sales2023q3 == "-"
(3 real changes made)

. replace sales2023q4 = "" if sales2023q4 == "-"
(4 real changes made)

. 
. destring(sales2023q1), replace
sales2023q1: all characters numeric; replaced as long
(13 missing values generated)

. destring(sales2023q2), replace
sales2023q2: all characters numeric; replaced as long
(9 missing values generated)

. destring(sales2023q3), replace
sales2023q3: all characters numeric; replaced as long
(6 missing values generated)

. destring(sales2023q4), replace
sales2023q4: all characters numeric; replaced as long
(5 missing values generated)

. 
. egen sales2023 = rowtotal(sales2023q1 sales2023q2 sales2023q3 sales2023q4)

. sort sales2023

. 
. ren vehicle Vehicle

. drop _merge

. 
. replace Vehicle = "Chevy Bolt" if Vehicle == "Chevy Bolt EV/EUV"
(1 real change made)

. replace Vehicle = "Hyundai Ioniq EV" if Vehicle == "Hyundai Ioniq"
(1 real change made)

. replace Vehicle = "Hyundai Kona Electric" if Vehicle == "Hyundai Kona"
(1 real change made)

. replace Vehicle = "Kia Niro EV" if Vehicle == "Kia Niro"
(1 real change made)

. replace Vehicle = "Rivian EDV500" if Vehicle == "Rivian EDV500/700"
(1 real change made)

. 
. save "${code_files}/1_assumptions/evs/processed/kbb_ev_sales2023", replace
file /Users/beatrice/Documents/GitHub/mvpf-climate/data/1_assumptions/evs/processed/kbb_ev_sales2023.dta saved

. 
end of do-file

. 
. do "${github}/data_cleaning/build_bev_fed_subsidy_data.do"

. *****************************************************
. /* Cleans data from Ziegler and Trancik and Statista
> on the sales of batteries over time */
. *****************************************************
. 
. if ("`c(username)'" == "sarahaa") { // Sarah
.     global user = "C:/Users/sarahaa"
.     global dropbox = "${user}/Dropbox (MIT)/Regulation"
.     global github = "${user}/Documents/GitHub/mvpf-enviro"
. }

. 
. if ("`c(username)'" == "sarah") { // Sarah's personal computer
.         global user = "/Users/sarah"
.         global dropbox = "${user}/Dropbox (MIT)/Regulation"
.         global github = "${user}/Documents/GitHub/mvpf-enviro"
. }

. 
. ** Pull in previously gathered data on the sales, energy consumption, MSRP, and battery capacity of BEV models from 2010 through 2020
. 
. import excel using "${code_files}/1_assumptions/policy_category_assumptions_MASTER.xlsx", clear first sheet("ev_kwh_calcs")
(51 vars, 73 obs)

. keep if Type == "EV"
(43 observations deleted)

. ren C sales2011

. ren kWhpermile eff2011

. ren msrp msrp2011

. ren batterykWh batt_cap2011

. ren G sales2012

. ren H eff2012

. ren I msrp2012

. ren J batt_cap2012

. ren K sales2013

. ren L eff2013

. ren M msrp2013

. ren N batt_cap2013

. ren O sales2014

. ren P eff2014

. ren Q msrp2014

. ren R batt_cap2014

. ren S sales2015

. ren T eff2015

. ren U msrp2015

. ren V batt_cap2015

. ren W sales2016

. ren X eff2016

. ren Y msrp2016

. ren Z batt_cap2016

. ren AA sales2017

. ren AB eff2017

. ren AC msrp2017

. ren AD batt_cap2017

. ren AE sales2018

. ren AF eff2018

. ren AG msrp2018

. ren AH batt_cap2018

. ren AI sales2019

. ren AJ eff2019

. ren AK msrp2019

. ren AL batt_cap2019

. ren AM sales2020

. ren AN eff2020

. ren AO msrp2020

. ren AP batt_cap2020

. ren AQ sales2021

. ren AR eff2021

. ren AS msrp2021

. ren AT batt_cap2021

. ren AU sales2022

. ren AV eff2022

. ren AW msrp2022

. ren AX batt_cap2022

. 
. foreach v of var *{
  2.         di "variable is `v'"
  3.         capture confirm string variable `v'
  4.         if !_rc{
  5.                 replace `v' = "" if `v' == "-"
  6.                 destring `v', replace
  7.         }
  8. }
variable is Vehicle
(0 real changes made)
Vehicle: contains nonnumeric characters; no replace
variable is Type
(0 real changes made)
Type: contains nonnumeric characters; no replace
variable is sales2011
variable is eff2011
variable is msrp2011
variable is batt_cap2011
variable is sales2012
variable is eff2012
variable is msrp2012
variable is batt_cap2012
variable is sales2013
(7 real changes made)
sales2013: all characters numeric; replaced as int
(7 missing values generated)
variable is eff2013
variable is msrp2013
variable is batt_cap2013
variable is sales2014
(7 real changes made)
sales2014: all characters numeric; replaced as int
(7 missing values generated)
variable is eff2014
variable is msrp2014
(3 real changes made)
msrp2014: all characters numeric; replaced as double
(21 missing values generated)
variable is batt_cap2014
variable is sales2015
(7 real changes made)
sales2015: all characters numeric; replaced as int
(7 missing values generated)
variable is eff2015
variable is msrp2015
(8 real changes made)
msrp2015: all characters numeric; replaced as double
(23 missing values generated)
variable is batt_cap2015
variable is sales2016
(7 real changes made)
sales2016: all characters numeric; replaced as int
(7 missing values generated)
variable is eff2016
variable is msrp2016
(7 real changes made)
msrp2016: all characters numeric; replaced as double
(21 missing values generated)
variable is batt_cap2016
variable is sales2017
(7 real changes made)
sales2017: all characters numeric; replaced as int
(7 missing values generated)
variable is eff2017
variable is msrp2017
(18 real changes made)
msrp2017: all characters numeric; replaced as double
(18 missing values generated)
variable is batt_cap2017
(18 real changes made)
batt_cap2017: all characters numeric; replaced as double
(20 missing values generated)
variable is sales2018
(7 real changes made)
sales2018: all characters numeric; replaced as long
(7 missing values generated)
variable is eff2018
variable is msrp2018
(9 real changes made)
msrp2018: all characters numeric; replaced as double
(19 missing values generated)
variable is batt_cap2018
(20 real changes made)
batt_cap2018: all characters numeric; replaced as double
(20 missing values generated)
variable is sales2019
(7 real changes made)
sales2019: all characters numeric; replaced as long
(7 missing values generated)
variable is eff2019
variable is msrp2019
(7 real changes made)
msrp2019: all characters numeric; replaced as double
(14 missing values generated)
variable is batt_cap2019
(15 real changes made)
batt_cap2019: all characters numeric; replaced as double
(15 missing values generated)
variable is sales2020
(5 real changes made)
sales2020: all characters numeric; replaced as long
(24 missing values generated)
variable is eff2020
variable is msrp2020
(1 real change made)
msrp2020: all characters numeric; replaced as double
(25 missing values generated)
variable is batt_cap2020
(25 real changes made)
batt_cap2020: all characters numeric; replaced as double
(25 missing values generated)
variable is sales2021
(1 real change made)
sales2021: all characters numeric; replaced as long
(19 missing values generated)
variable is eff2021
variable is msrp2021
(3 real changes made)
msrp2021: all characters numeric; replaced as double
(23 missing values generated)
variable is batt_cap2021
(19 real changes made)
batt_cap2021: all characters numeric; replaced as double
(22 missing values generated)
variable is sales2022
variable is eff2022
variable is msrp2022
(2 real changes made)
msrp2022: all characters numeric; replaced as double
(21 missing values generated)
variable is batt_cap2022
(18 real changes made)
batt_cap2022: all characters numeric; replaced as double
(19 missing values generated)
variable is Total

. 
. drop Total

. 
. gsort  -sales2011 -sales2012 -sales2013 -sales2014 -sales2015 -sales2016 -sales2017 -sales2018 -sales2019 -sales2020 -sales2021 -sales2022

. 
. ** Fill in subsidy data from fueleconomy.gov, average within model if there are different numbers for trims
. 
. forvalues i = 2011(1)2022{
  2.         gen subsidy`i' = .
  3. }
(30 missing values generated)
(30 missing values generated)
(30 missing values generated)
(30 missing values generated)
(30 missing values generated)
(30 missing values generated)
(30 missing values generated)
(30 missing values generated)
(30 missing values generated)
(30 missing values generated)
(30 missing values generated)
(30 missing values generated)

. 
. forvalues i = 2011(1)2022{
  2.         replace subsidy`i' = 7500 if Vehicle == "Nissan Leaf"
  3. }
(1 real change made)
(1 real change made)
(1 real change made)
(1 real change made)
(1 real change made)
(1 real change made)
(1 real change made)
(1 real change made)
(1 real change made)
(1 real change made)
(1 real change made)
(1 real change made)

. 
. forvalues i = 2012(1)2018{
  2.         replace subsidy`i' = 7500 if Vehicle == "Ford Focus EV"
  3. }
(1 real change made)
(1 real change made)
(1 real change made)
(1 real change made)
(1 real change made)
(1 real change made)
(1 real change made)

. 
. foreach i of numlist 2012 2014 2016 2017{
  2.         replace subsidy`i' = 7500 if Vehicle == "Mitsubishi I EV"
  3. }
(1 real change made)
(1 real change made)
(1 real change made)
(1 real change made)

. 
. forvalues i = 2012(1)2018{
  2.         replace subsidy`i' = 7500 if Vehicle == "Tesla Model S"
  3. }
(1 real change made)
(1 real change made)
(1 real change made)
(1 real change made)
(1 real change made)
(1 real change made)
(1 real change made)

. 
. replace subsidy2019 = (3750 + 1875) / 2 if Vehicle == "Tesla Model S"
(1 real change made)

. replace subsidy2020 = 0 if Vehicle == "Tesla Model S"
(1 real change made)

. 
. forvalues i = 2012(1)2014{
  2.         replace subsidy`i' = 7500 if Vehicle == "Toyota RAV4 EV"
  3. }
(1 real change made)
(1 real change made)
(1 real change made)

. 
. order Vehicle subsidy2011 subsidy2012 subsidy2013 subsidy2014 subsidy2015 subsidy2016 subsidy2017 subsidy2018 subsidy2019 subsidy2020 subsidy2021 subsidy2022

. 
. forvalues i = 2012(1)2019{
  2.         replace subsidy`i' = 7500 if Vehicle == "Fiat 500E"
  3. }
(1 real change made)
(1 real change made)
(1 real change made)
(1 real change made)
(1 real change made)
(1 real change made)
(1 real change made)
(1 real change made)

. 
. forvalues i = 2013(1)2019{
  2.         replace subsidy`i' = 7500 if Vehicle == "Smart ED"
  3. }
(1 real change made)
(1 real change made)
(1 real change made)
(1 real change made)
(1 real change made)
(1 real change made)
(1 real change made)

. 
. forvalues i = 2014(1)2012{
  2.         replace subsidy`i' = 7500 if Vehicle == "BMW i3"
  3. }

. 
. forvalues i = 2014(1)2016{
  2.         replace subsidy`i' = 7500 if Vehicle == "Chevy Spark"
  3. }
(1 real change made)
(1 real change made)
(1 real change made)

. 
. forvalues i = 2014(1)2017{
  2.         replace subsidy`i' = 7500 if Vehicle == "Mercedes B-Class (B250e)"
  3. }
(1 real change made)
(1 real change made)
(1 real change made)
(1 real change made)

. 
. forvalues i = 2015(1)2020{
  2.         replace subsidy`i' = 7500 if Vehicle == "Kia Soul EV"
  3. }
(1 real change made)
(1 real change made)
(1 real change made)
(1 real change made)
(1 real change made)
(1 real change made)

. 
. forvalues i = 2015(1)2019{
  2.         replace subsidy`i' = 7500 if Vehicle == "VW e-Golf"
  3. }
(1 real change made)
(1 real change made)
(1 real change made)
(1 real change made)
(1 real change made)

. 
. forvalues i = 2016(1)2018{
  2.         replace subsidy`i' = 7500 if Vehicle == "Tesla Model X"
  3. }
(1 real change made)
(1 real change made)
(1 real change made)

. replace subsidy2019 = (3750 + 1875) / 2 if Vehicle == "Tesla Model X"
(1 real change made)

. replace subsidy2020 = 0 if Vehicle == "Tesla Model X"
(1 real change made)

. 
. forvalues i = 2017(1)2018{
  2.         replace subsidy`i' = 7500 if Vehicle == "Chevy Bolt"
  3. }
(1 real change made)
(1 real change made)

. 
. replace subsidy2019 = (7500 * 3 + 3750 * 7 + 1875 * 3) / 12 if Vehicle == "Chevy Bolt"
(1 real change made)

. replace subsidy2020 = (1875 * 3) / 12 if Vehicle == "Chevy Bolt"
(1 real change made)

. 
. forvalues i = 2017(1)2022{
  2.         replace subsidy`i' = 7500 if Vehicle == "Hyundai Ioniq EV"
  3. }
(1 real change made)
(1 real change made)
(1 real change made)
(1 real change made)
(1 real change made)
(1 real change made)

. 
. forvalues i = 2017(1)2018{
  2.         replace subsidy`i' = 7500 if Vehicle == "Tesla Model 3"
  3. }
(1 real change made)
(1 real change made)

. replace subsidy2019 = (3750 * 6 + 1875 * 6) / 12 if Vehicle == "Tesla Model X"
(0 real changes made)

. replace subsidy2020 = 0 if Vehicle == "Tesla Model X"
(0 real changes made)

. 
. forvalues i = 2019(1)2022{
  2.         replace subsidy`i' = 7500 if Vehicle == "Audi e-tron"
  3. }
(1 real change made)
(1 real change made)
(1 real change made)
(1 real change made)

. forvalues i = 2019(1)2022{
  2.         replace subsidy`i' = 7500 if Vehicle == "Hundai Kona Electric"
  3.         replace subsidy`i' = 7500 if Vehicle == "Kia Niro EV"
  4. }
(0 real changes made)
(1 real change made)
(0 real changes made)
(1 real change made)
(0 real changes made)
(1 real change made)
(0 real changes made)
(1 real change made)

. forvalues i = 2019(1)2022{
  2.         replace subsidy`i' = 7500 if Vehicle == "Jaguar I-Pace"
  3. }
(1 real change made)
(1 real change made)
(1 real change made)
(1 real change made)

. forvalues i = 2021(1)2022{
  2.         replace subsidy`i' = 7500 if Vehicle == "Ford Mustang Mach-E"
  3. }
(1 real change made)
(1 real change made)

. replace subsidy2021 = 7500 if Vehicle == "VW ID.4"
(1 real change made)

. replace subsidy2022 = 7500 if Vehicle == "BMW i4" | Vehicle == "Ford F-150 Lightning" | Vehicle == "Mercedes EQS1" | Vehicle == "Rivian R1T" | Vehicle == "VW ID.4"
(5 real changes made)

. 
. order Vehicle sales2011 subsidy2011 sales2012 subsidy2012 sales2013 subsidy2013 sales2014 subsidy2014 sales2015 subsidy2015 sales2016 subsidy2016 sales2017 subsidy2017 sales2018 sub
> sidy2018 sales2019 subsidy2019 sales2020 subsidy2020 sales2021 subsidy2021 sales2022 subsidy2022

. 
. forv i = 2011(1)2022{
  2.         gen sales_subsidy`i' = sales`i'
  3.         replace sales_subsidy`i' = 0 if missing(batt_cap`i')
  4. }
(2 real changes made)
(4 real changes made)
(7 missing values generated)
(12 real changes made)
(7 missing values generated)
(11 real changes made)
(7 missing values generated)
(14 real changes made)
(7 missing values generated)
(11 real changes made)
(7 missing values generated)
(13 real changes made)
(7 missing values generated)
(13 real changes made)
(7 missing values generated)
(9 real changes made)
(24 missing values generated)
(25 real changes made)
(19 missing values generated)
(22 real changes made)
(18 missing values generated)
(19 real changes made)

. 
. order Vehicle sales2011 sales_subsidy2011 subsidy2011 sales2012 sales_subsidy2012 subsidy2012 sales2013 sales_subsidy2013 subsidy2013 sales2014 sales_subsidy2014 subsidy2014 sales20
> 15 sales_subsidy2015 subsidy2015 sales2016 subsidy2016 sales2017 subsidy2017 sales2018 subsidy2018 sales2019 subsidy2019 sales2020 subsidy2020 sales2021 subsidy2021 sales2022 subsid
> y2022

. 
. merge 1:1 Vehicle using "${code_files}/1_assumptions/evs/processed/kbb_ev_sales2023"

    Result                      Number of obs
    -----------------------------------------
    Not matched                            51
        from master                        13  (_merge==1)
        from using                         38  (_merge==2)

    Matched                                17  (_merge==3)
    -----------------------------------------

. 
. *** Adding in 2023 IRA subsidies ***
. gen subsidy2023 = .
(68 missing values generated)

. replace subsidy2023 = 7500 if Vehicle == "Cadillac Lyric" | Vehicle == "Chevy Bolt" | Vehicle == "Ford E-Transit" | Vehicle == "Ford F-150 Lightning" | Vehicle == "Ford Mustang Mach
> -E" | Vehicle == "Genesis GV70" | Vehicle == "Mercedes EQE" | Vehicle == "Nissan Leaf" | Vehicle == "Rivian R1S" | Vehicle == "Rivian R1T" | Vehicle == "Tesla Model 3" | Vehicle == 
> "Tesla Model Y" | Vehicle == "VW ID.4"
(13 real changes made)

. 
. *** Adding in 2023 model battery capacities
. gen batt_cap2023 = .
(68 missing values generated)

. replace batt_cap2023 = 82 if Vehicle == "Audi Q4 e-tron" // audiusa.com
(1 real change made)

. replace batt_cap2023 = 95 if Vehicle == "Audi e-tron" // audiusa.com
(1 real change made)

. replace batt_cap2023 = (83.9 + 70.2 + 83.9) / 3  if Vehicle == "BMW i4" // https://www.edmunds.com/bmw/i4/2023/st-401943408/features-specs/
(1 real change made)

. replace batt_cap2023 = 105.7 if Vehicle == "BMW i7" // bmwoftenafly.com
(1 real change made)

. replace batt_cap2023 = 111.5 if Vehicle == "BMW iX" // https://www.edmunds.com/bmw/ix/2023/features-specs/
(1 real change made)

. replace batt_cap2023 = 102 if Vehicle == "Cadillac Lyric" // https://www.edmunds.com/cadillac/lyriq/2023/features-specs/
(1 real change made)

. replace batt_cap2023 = 65 if Vehicle == "Chevrolet Bolt" // https://www.edmunds.com/chevrolet/bolt-ev/2023/features-specs/
(0 real changes made)

. replace batt_cap2023 = (73 + 113 + 113) / 3 if Vehicle == "Fisker Ocean" // https://www.edmunds.com/fisker/ocean/2023/features-specs/
(1 real change made)

. 
. 
. forv i = 2011(1)2022{
  2.         egen subsidy_N`i' = total(sales_subsidy`i')
  3.         egen subsidy_weighted_avg`i' = total(sales_subsidy`i' * subsidy`i')
  4.         replace subsidy_weighted_avg`i' = subsidy_weighted_avg`i' / subsidy_N`i'
  5.         egen total_sales`i' = total(sales`i')
  6. }
(68 real changes made)
(68 real changes made)
(68 real changes made)
(68 real changes made)
(68 real changes made)
(68 real changes made)
(68 real changes made)
(68 real changes made)
(68 real changes made)
(68 real changes made)
(68 real changes made)
(68 real changes made)

. 
. reshape long subsidy_weighted_avg subsidy_N total_sales, i(Vehicle) j(year)
(j = 2011 2012 2013 2014 2015 2016 2017 2018 2019 2020 2021 2022)

Data                               Wide   ->   Long
-----------------------------------------------------------------------------
Number of observations               68   ->   816         
Number of variables                 118   ->   86          
j variable (12 values)                    ->   year
xij variables:
subsidy_weighted_avg2011 subsidy_weighted_avg2012 ... subsidy_weighted_avg2022->subsidy_weighted_avg
subsidy_N2011 subsidy_N2012 ... subsidy_N2022->subsidy_N
total_sales2011 total_sales2012 ... total_sales2022->total_sales
-----------------------------------------------------------------------------

. keep Vehicle year subsidy_weighted_avg subsidy_N total_sales

. sort year

. duplicates drop year subsidy_weighted_avg, force

Duplicates in terms of year subsidy_weighted_avg

(804 observations deleted)

. drop Vehicle

. 
. * Source and calculation in policy_category_assumptions_MASTER, tab: ev_cf_mpg_calcs
. gen cf_mpg = .
(12 missing values generated)

. replace cf_mpg = 34.14553791 if year == 2011
(1 real change made)

. replace cf_mpg = 36.1435982 if year == 2012
(1 real change made)

. replace cf_mpg = 37.18641938 if year == 2013
(1 real change made)

. replace cf_mpg = 37.15545901 if year == 2014
(1 real change made)

. replace cf_mpg = 37.98032025 if year == 2015
(1 real change made)

. replace cf_mpg = 38.36676002 if year == 2016
(1 real change made)

. replace cf_mpg = 39.25534422 if year == 2017
(1 real change made)

. replace cf_mpg = 40.19405409 if year == 2018
(1 real change made)

. replace cf_mpg = 40.22276842 if year == 2019
(1 real change made)

. replace cf_mpg = 41.23347259 if year == 2020
(1 real change made)

. replace cf_mpg = 42.83519439 if year == 2021
(1 real change made)

. replace cf_mpg = 44.74198748 if year == 2022
(1 real change made)

. 
. save "${code_files}/1_assumptions/evs/processed/bev_fed_subsidy_data.dta", replace
file /Users/beatrice/Documents/GitHub/mvpf-climate/data/1_assumptions/evs/processed/bev_fed_subsidy_data.dta saved

. 
. 
end of do-file

. 
. do "${github}/data_cleaning/build_ev_vmt_by_age_state.do"

. 
. if ("`c(username)'" == "sarahaa") { // Sarah
.     global user = "C:/Users/sarahaa"
.     global dropbox = "${user}/Dropbox (MIT)/Regulation"
.     global github = "${user}/Documents/GitHub/mvpf-enviro"
. }

. 
. if ("`c(username)'" == "sarah") { // Sarah's personal computer
.         global user = "/Users/sarah"
.         global dropbox = "${user}/Dropbox (MIT)/Regulation"
.         global github = "${user}/Documents/GitHub/mvpf-enviro"
. }

. 
. ***************************
. /*    State-level VMT    */
. ***************************
. ** Calculating a sample-weighted average across vehicle types for the state-level VMT
. import excel "${code_files}/1_assumptions/evs/vmt_by_state_2017_survey.xlsx", sheet("AVG_BESTMILE_Hybrid, electric ") first clear
(10 vars, 54 obs)

. 
. ren VEHTYPE vmt

. ren A state

. keep vmt state

. 
. drop if missing(state) | missing(vmt)
(2 observations deleted)

. drop if state == "TOTAL"
(1 observation deleted)

. 
. destring vmt, replace
vmt: all characters numeric; replaced as double

. 
. save "${code_files}/1_assumptions/evs/processed/ev_vmt_by_state", replace
file /Users/beatrice/Documents/GitHub/mvpf-climate/data/1_assumptions/evs/processed/ev_vmt_by_state.dta saved

. 
. ** Calculating a sample-weighted average across vehicle types for the age-level VMT
. import excel "${code_files}/1_assumptions/evs/vmt_by_age_2017_survey", sheet("AVG_BESTMILE_Hybrid, electric ") first clear
(10 vars, 28 obs)

. 
. ren VEHTYPE vmt

. ren A age

. keep vmt age

. 
. drop if missing(age) | missing(vmt)
(3 observations deleted)

. drop if age == "I don't know"
(1 observation deleted)

. drop if age == "I prefer not to answer"
(1 observation deleted)

. drop if age == "TOTAL"
(1 observation deleted)

. 
. destring vmt, replace
vmt: all characters numeric; replaced as double

. 
. tempfile vmt

. sa `vmt'
file /var/folders/ss/lfl5qx6955x8ysd601l8w13r0000gq/T//S_30199.000001 saved as .dta format

. 
. import excel "${code_files}/1_assumptions/evs/vmt_by_age_2017_survey", sheet("Sample Size_Hybrid, electric o") first clear
(10 vars, 28 obs)

. 
. keep A D

. ren A age

. ren D count

. 
. drop if missing(age) | missing(count)
(9 observations deleted)

. drop if age == "I don't know"
(0 observations deleted)

. drop if age == "I prefer not to answer"
(1 observation deleted)

. drop if age == "TOTAL"
(1 observation deleted)

. 
. destring count, replace
count: all characters numeric; replaced as int

. 
. merge 1:1 age using `vmt'

    Result                      Number of obs
    -----------------------------------------
    Not matched                             5
        from master                         0  (_merge==1)
        from using                          5  (_merge==2)

    Matched                                17  (_merge==3)
    -----------------------------------------

. 
. drop _merge

. 
. expand 5 if age == "20-24"
(4 observations created)

. expand 5 if age == "25-29"
(4 observations created)

. expand 3 if age == "30-32"
(0 observations created)

. 
. sort age

. 
. replace count = count/5 if age == "20-24"
(0 real changes made)

. replace count = count/5 if age == "25-29"
(0 real changes made)

. replace count = count/3 if age == "30-32"
(0 real changes made)

. 
. replace age = "20" if _n == 13 & age == "20-24"
(1 real change made)

. replace age = "21" if _n == 14 & age == "20-24"
(1 real change made)

. replace age = "22" if _n == 15 & age == "20-24"
(1 real change made)

. replace age = "23" if _n == 16 & age == "20-24"
(1 real change made)

. replace age = "24" if _n == 17 & age == "20-24"
(1 real change made)

. 
. replace age = "25" if _n == 18 & age == "25-29"
(1 real change made)

. replace age = "26" if _n == 19 & age == "25-29"
(1 real change made)

. replace age = "27" if _n == 20 & age == "25-29"
(1 real change made)

. replace age = "28" if _n == 21 & age == "25-29"
(1 real change made)

. replace age = "29" if _n == 22 & age == "25-29"
(1 real change made)

. 
. replace age = "30" if _n == 24 & age == "30-32"
(0 real changes made)

. replace age = "31" if _n == 25 & age == "30-32"
(0 real changes made)

. replace age = "32" if _n == 26 & age == "30-32"
(0 real changes made)

. 
. replace age = "33" if age == "33+"
(1 real change made)

. 
. destring age, replace
age: all characters numeric; replaced as byte

. sort age

. 
. save "${code_files}/1_assumptions/evs/processed/ev_vmt_by_age", replace
file /Users/beatrice/Documents/GitHub/mvpf-climate/data/1_assumptions/evs/processed/ev_vmt_by_age.dta saved

. 
. egen N_fleet = total(count)

. egen weighted_avg_fleet = total(vmt * count)

. replace weighted_avg_fleet = weighted_avg_fleet / N_fleet
(30 real changes made)

. 
. gen age_diff = (weighted_avg_fleet - vmt) / weighted_avg_fleet

. 
. keep age age_diff

. 
. 
. tempfile age_change

. sa `age_change'
file /var/folders/ss/lfl5qx6955x8ysd601l8w13r0000gq/T//S_30199.000002 saved as .dta format

. 
. use "${code_files}/1_assumptions/evs/processed/ev_vmt_by_state", clear

. 
. expand 33
(1,632 observations created)

. gen age = .
(1,683 missing values generated)

. bysort state: replace age = _n
(1,683 real changes made)

. 
. merge m:1 age using `age_change'

    Result                      Number of obs
    -----------------------------------------
    Not matched                           153
        from master                       153  (_merge==1)
        from using                          0  (_merge==2)

    Matched                             1,530  (_merge==3)
    -----------------------------------------

. drop _merge

. 
. gen vmt_by_state_age = vmt - age_diff * vmt
(153 missing values generated)

. sort state age

. 
. save "${code_files}/1_assumptions/evs/processed/ev_vmt_by_state_by_age", replace
file /Users/beatrice/Documents/GitHub/mvpf-climate/data/1_assumptions/evs/processed/ev_vmt_by_state_by_age.dta saved

. 
. 
. 
. 
end of do-file

. 
. do "${github}/data_cleaning/build_ev_kwh_msrp_batt_cap.do"

. if ("`c(username)'" == "sarahaa") { // Sarah
.     global user = "C:/Users/sarahaa"
.     global dropbox = "${user}/Dropbox (MIT)/Regulation"
.     global github = "${user}/Documents/GitHub/mvpf-enviro"
. }

. 
. if ("`c(username)'" == "sarah") { // Sarah's personal computer
.         global user = "/Users/sarah"
.         global dropbox = "${user}/Dropbox (MIT)/Regulation"
.         global github = "${user}/Documents/GitHub/mvpf-enviro"
. }

. 
. *** First using the 2011-2019 data from the DoE
. 
. import excel using "${code_files}/1_assumptions/evs/ev_sales_by_model.xlsx", clear first
(18 vars, 68 obs)

. 
. drop if _n == 1
(1 observation deleted)

. ren B vehicle

. ren C type

. ren D sales2011

. ren E sales2012

. ren F sales2013

. ren G sales2014

. ren H sales2015

. ren I sales2016

. ren J sales2017

. ren K sales2018

. ren L sales2019

. ren M total_sales

. drop if _n == 1
(1 observation deleted)

. 
. missings dropvars, force

Checking missings in vehicle type sales2011 sales2012 sales2013 sales2014 sales2015 sales2016 sales2017 sales2018 sales2019 total_sales N O P Q R S:
66 observations with missing values

note: N O P Q R S dropped

. drop if _n > 56
(10 observations deleted)

. 
. drop if type == "PHEV"
(32 observations deleted)

. destring total_sales, replace
total_sales: all characters numeric; replaced as long

. gen old_id = _n

. 
. tempfile evs201119

. sa `evs201119'
file /var/folders/ss/lfl5qx6955x8ysd601l8w13r0000gq/T//S_30199.000001 saved as .dta format

. 
. *** Now pulling in the Q4 2021 KBB report that has 2020 sales by EV model
. 
. import excel using "${code_files}/1_assumptions/evs/Q4-2021-Kelley-Blue-Book-Sales-Report-Electrified-Light-Vehicles.xlsx", sheet("Table 2") cellrange(A3:G29) first clear
(7 vars, 26 obs)

. ren A vehicle

. ren B sales_q4_2021

. ren C sales_q4_2020

. ren YOY q4_diff_20_21

. drop E 

. ren F sales2021

. ren G sales2020

. 
. replace sales2020 = "" if sales2020 == "-"
(9 real changes made)

. replace sales_q4_2020 = "" if sales_q4_2020 == "-"
(9 real changes made)

. replace q4_diff_20_21 = "" if q4_diff_20_21 == "-"
(12 real changes made)

. destring sales2020, replace
sales2020: all characters numeric; replaced as long
(9 missing values generated)

. destring sales_q4_2020, replace
sales_q4_2020: all characters numeric; replaced as long
(9 missing values generated)

. destring q4_diff_20_21, replace
q4_diff_20_21: all characters numeric; replaced as double
(12 missing values generated)

. drop if missing(sales_q4_2020)
(9 observations deleted)

. 
. gen new_id = _n

. 
. reclink vehicle using `evs201119', idmaster(new_id) idusing(old_id) gen(match)

7 perfect matches found


Added: old_id= identifier from /var/folders/ss/lfl5qx6955x8ysd601l8w13r0000gq/T//S_30199.000001   match = matching score
Observations:  Master N = 17    /var/folders/ss/lfl5qx6955x8ysd601l8w13r0000gq/T//S_30199.000001 N= 24 
  Unique Master Cases: matched = 12 (exact = 7), unmatched = 5

. order vehicle Uvehicle match _merge sales2011 sales2012 sales2013 sales2014 sales2015 sales2016 sales2017 sales2018 sales2019 sales2020 sales2021

. replace Uvehicle = "" if match == 1
(7 real changes made)

. 
. append using `evs201119', gen(source)
(variable vehicle was str19, now str229 to accommodate using data's values)

. replace vehicle = Uvehicle if !missing(Uvehicle)
(5 real changes made)

. duplicates tag vehicle sales2019, gen(dup)

Duplicates in terms of vehicle sales2019

. drop if dup == 1 & source == 1
(12 observations deleted)

. 
. drop Uvehicle

. drop if vehicle == "Total"
(1 observation deleted)

. drop match _merge new_id old_id type source dup

. 
. *** Manually entering energy consumption and MSRP data from fueleconomy.gov
. * If there are multiple trims for a given model, I calculate a simple average of the energy consumption.
. * For MSRP, fueleconomy.gov reports a range, so I take the mean of that range and if there are multiple trims, I calculate a simple average of those means.
. * Assuming that the MSRPs on fueleconomy.gov are in nominal dollars (i.e. that the MSRP for a 2018 vehicle is in 2018$)
. 
. 
. *** Also manually entering battery consumption from Edmunds
. 
. forvalues y = 2011(1)2020{
  2.     gen kwh_per_mile`y' = .
  3.     gen msrp`y' = .
  4.     gen batt_cap`y' = .
  5. }
(28 missing values generated)
(28 missing values generated)
(28 missing values generated)
(28 missing values generated)
(28 missing values generated)
(28 missing values generated)
(28 missing values generated)
(28 missing values generated)
(28 missing values generated)
(28 missing values generated)
(28 missing values generated)
(28 missing values generated)
(28 missing values generated)
(28 missing values generated)
(28 missing values generated)
(28 missing values generated)
(28 missing values generated)
(28 missing values generated)
(28 missing values generated)
(28 missing values generated)
(28 missing values generated)
(28 missing values generated)
(28 missing values generated)
(28 missing values generated)
(28 missing values generated)
(28 missing values generated)
(28 missing values generated)
(28 missing values generated)
(28 missing values generated)
(28 missing values generated)

. 
. order vehicle sales2011 kwh_per_mile2011 msrp2011 batt_cap2011

. local i = 2011

. forvalues y = 2012(1)2020{
  2.     order sales`y' kwh_per_mile`y' msrp`y' batt_cap`y', after(batt_cap`i')
  3.     local ++i
  4. }

. 
. gsort -sales2011 -sales2012 -sales2013 -sales2014 -sales2015 -sales2016 -sales2017 -sales2018 -sales2019 -sales2020

. 
. 
. replace kwh_per_mile2019 = (46 / 100) if vehicle == "Audi e-tron"
(1 real change made)

. replace msrp2019 = ((74800 + 81800) / 2) if vehicle == "Audi e-tron"
(1 real change made)

. replace batt_cap2019 = 95 if vehicle == "Audi e-tron"
(1 real change made)

. 
. replace kwh_per_mile2020 = (44 / 100) if vehicle == "Audi e-tron"
(1 real change made)

. replace msrp2020 = ((77400 + 83400) / 2) if vehicle == "Audi e-tron"
(1 real change made)

. replace batt_cap2020 = 95 if vehicle == "Audi e-tron"
(1 real change made)

. 
. 
. replace kwh_per_mile2011 = (33 / 100) if vehicle == "BMW Active E"
(1 real change made)

. 
. 
. replace kwh_per_mile2020 = (((30 + 30) / 2) / 100) if vehicle == "BMW i3"
(1 real change made)

. replace msrp2020 = ((44450 + 48300 + 47650 + 51500) / 4) if vehicle == "BMW i3"
(1 real change made)

. replace batt_cap2020 = 42 if vehicle == "BMW i3"
(1 real change made)

. 
. replace kwh_per_mile2019 = (((30 + 30) / 2) / 100) if vehicle == "BMW i3"
(1 real change made)

. replace batt_cap2019 = 42 if vehicle == "BMW i3"
(1 real change made)

. 
. replace kwh_per_mile2018 = (((29 + 30) / 2) / 100) if vehicle == "BMW i3"
(1 real change made)

. replace msrp2018 = (44450 + 47650) / 2 if vehicle == "BMW i3"
(1 real change made)

. replace batt_cap2018 = 33 if vehicle == "BMW i3"
(1 real change made)

. 
. replace kwh_per_mile2017 = (((27 + 29) / 2) / 100) if vehicle == "BMW i3"
(1 real change made)

. replace msrp2017 = (42400 + 44450) / 2 if vehicle == "BMW i3"
(1 real change made)

. 
. replace kwh_per_mile2016 = (27 / 100) if vehicle == "BMW i3"
(1 real change made)

. replace msrp2016 = 42400 if vehicle == "BMW i3"
(1 real change made)

. replace batt_cap2016 = 22 if vehicle == "BMW i3"
(1 real change made)

. 
. replace kwh_per_mile2015 = (27 / 100) if vehicle == "BMW i3"
(1 real change made)

. replace msrp2015 = 42400 if vehicle == "BMW i3"
(1 real change made)

. replace batt_cap2015 = 22 if vehicle == "BMW i3"
(1 real change made)

. 
. replace kwh_per_mile2014 = (27 / 100) if vehicle == "BMW i3"
(1 real change made)

. replace msrp2014 = 41350 if vehicle == "BMW i3"
(1 real change made)

. replace batt_cap2014 = 22 if vehicle == "BMW i3"
(1 real change made)

. 
. 
. replace kwh_per_mile2020 = (29 / 100) if vehicle == "Chevy Bolt"
(1 real change made)

. replace msrp2020 = (36620 + 41020) / 2 if vehicle == "Chevy Bolt"
(1 real change made)

. replace batt_cap2020 = 66 if vehicle == "Chevy Bolt"
(1 real change made)

. 
. replace kwh_per_mile2019 = (28 / 100) if vehicle == "Chevy Bolt"
(1 real change made)

. replace msrp2019 = (36620 + 41020) / 2 if vehicle == "Chevy Bolt"
(1 real change made)

. replace batt_cap2019 = 60 if vehicle == "Chevy Bolt"
(1 real change made)

. 
. replace kwh_per_mile2018 = (28 / 100) if vehicle == "Chevy Bolt"
(1 real change made)

. replace batt_cap2018 = 60 if vehicle == "Chevy Bolt"
(1 real change made)

. 
. replace kwh_per_mile2017 = (28 / 100) if vehicle == "Chevy Bolt"
(1 real change made)

. replace msrp2017 = (36620 + 40905) / 2 if vehicle == "Chevy Bolt"
(1 real change made)

. replace batt_cap2017 = 60 if vehicle == "Chevy Bolt"
(1 real change made)

. 
. 
. replace kwh_per_mile2016 = (28 / 100) if vehicle == "Chevy Spark"
(1 real change made)

. replace msrp2016 = (25120 + 25510) / 2 if vehicle == "Chevy Spark"
(1 real change made)

. replace batt_cap2016 = 18.4 if vehicle == "Chevy Spark"
(1 real change made)

. 
. replace kwh_per_mile2015 = (28 / 100) if vehicle == "Chevy Spark"
(1 real change made)

. replace msrp2015 = (25170 + 25560) / 2 if vehicle == "Chevy Spark"
(1 real change made)

. replace batt_cap2015 = 18.4 if vehicle == "Chevy Spark"
(1 real change made)

. 
. replace kwh_per_mile2014 = (28 / 100) if vehicle == "Chevy Spark"
(1 real change made)

. replace msrp2014 = (26685 + 27010) / 2 if vehicle == "Chevy Spark"
(1 real change made)

. 
. 
. replace kwh_per_mile2019 = (30 / 100) if vehicle == "Fiat 500E"
(1 real change made)

. replace msrp2019 = 33210 if vehicle == "Fiat 500E"
(1 real change made)

. replace batt_cap2019 = 24 if vehicle == "Fiat 500E"
(1 real change made)

. 
. replace kwh_per_mile2018 = (30 / 100) if vehicle == "Fiat 500E"
(1 real change made)

. replace msrp2018 = 32995 if vehicle == "Fiat 500E"
(1 real change made)

. replace batt_cap2018 = 24 if vehicle == "Fiat 500E"
(1 real change made)

. 
. replace kwh_per_mile2017 = (30 / 100) if vehicle == "Fiat 500E"
(1 real change made)

. replace msrp2017 = 31800 if vehicle == "Fiat 500E"
(1 real change made)

. replace batt_cap2017 = 24 if vehicle == "Fiat 500E"
(1 real change made)

. 
. replace kwh_per_mile2016 = (30 / 100) if vehicle == "Fiat 500E"
(1 real change made)

. replace msrp2016 = 31800 if vehicle == "Fiat 500E"
(1 real change made)

. replace batt_cap2016 = 24 if vehicle == "Fiat 500E"
(1 real change made)

. 
. replace kwh_per_mile2015 = (29 / 100) if vehicle == "Fiat 500E"
(1 real change made)

. replace msrp2015 = 31800 if vehicle == "Fiat 500E"
(1 real change made)

. 
. replace kwh_per_mile2014 = (29 / 100) if vehicle == "Fiat 500E"
(1 real change made)

. replace msrp2014 = 31800 if vehicle == "Fiat 500E"
(1 real change made)

. replace batt_cap2014 = 24 if vehicle == "Fiat 500E"
(1 real change made)

. 
. replace kwh_per_mile2013 = (29 / 100) if vehicle == "Fiat 500E"
(1 real change made)

. replace msrp2013 = 31800 if vehicle == "Fiat 500E"
(1 real change made)

. replace batt_cap2013 = 24 if vehicle == "Fiat 500E"
(1 real change made)

. 
. 
. replace kwh_per_mile2018 = (31 / 100) if vehicle == "Ford Focus EV"
(1 real change made)

. replace msrp2018 = 29120 if vehicle == "Ford Focus EV"
(1 real change made)

. 
. replace kwh_per_mile2017 = (31 / 100) if vehicle == "Ford Focus EV"
(1 real change made)

. replace msrp2017 = 29120 if vehicle == "Ford Focus EV"
(1 real change made)

. 
. replace kwh_per_mile2016 = (32 / 100) if vehicle == "Ford Focus EV"
(1 real change made)

. replace msrp2016 = 29170 if vehicle == "Ford Focus EV"
(1 real change made)

. 
. replace kwh_per_mile2015 = (32 / 100) if vehicle == "Ford Focus EV"
(1 real change made)

. replace msrp2015 = 29170 if vehicle == "Ford Focus EV"
(1 real change made)

. 
. replace kwh_per_mile2014 = (32 / 100) if vehicle == "Ford Focus EV"
(1 real change made)

. replace msrp2014 = 29170 if vehicle == "Ford Focus EV"
(1 real change made)

. 
. replace kwh_per_mile2013 = (32 / 100) if vehicle == "Ford Focus EV"
(1 real change made)

. replace msrp2013 = 39200 if vehicle == "Ford Focus EV"
(1 real change made)

. 
. replace kwh_per_mile2012 = (32 / 100) if vehicle == "Ford Focus EV"
(1 real change made)

. replace msrp2012 = 39200 if vehicle == "Ford Focus EV"
(1 real change made)

. 
. 
. replace kwh_per_mile2019 = (30 / 100) if vehicle == "Honda Clarity BEV"
(1 real change made)

. replace msrp2019 = 36620 if vehicle == "Honda Clarity BEV"
(1 real change made)

. 
. replace kwh_per_mile2018 = (30 / 100) if vehicle == "Honda Clarity BEV"
(1 real change made)

. replace msrp2018 = 36620 if vehicle == "Honda Clarity BEV"
(1 real change made)

. 
. replace kwh_per_mile2017 = (30 / 100) if vehicle == "Honda Clarity BEV"
(1 real change made)

. 
. 
. replace kwh_per_mile2014 = (29 / 100) if vehicle == "Honda Fit EV"
(1 real change made)

. replace msrp2014 = 36625 if vehicle == "Honda Fit EV"
(1 real change made)

. 
. replace kwh_per_mile2013 = (29 / 100) if vehicle == "Honda Fit EV"
(1 real change made)

. replace msrp2013 = 36625 if vehicle == "Honda Fit EV"
(1 real change made)

. replace batt_cap2013 = 20 if vehicle == "Honda Fit EV"
(1 real change made)

. 
. replace kwh_per_mile2020 = (25 / 100) if vehicle == "Hyundai Ioniq EV"
(1 real change made)

. replace msrp2020 = (33045 + 38615) / 2 if vehicle == "Hyundai Ioniq EV"
(1 real change made)

. replace batt_cap2020 = 38.3 if vehicle == "Hyundai Ioniq EV"
(1 real change made)

. 
. replace kwh_per_mile2019 = (25 / 100) if vehicle == "Hyundai Ioniq EV"
(1 real change made)

. replace msrp2019 = (30315 + 36815) / 2 if vehicle == "Hyundai Ioniq EV"
(1 real change made)

. replace batt_cap2019 = 28 if vehicle == "Hyundai Ioniq EV"
(1 real change made)

. 
. replace kwh_per_mile2018 = (25 / 100) if vehicle == "Hyundai Ioniq EV"
(1 real change made)

. replace msrp2018 = (29500 + 36000) / 2 if vehicle == "Hyundai Ioniq EV"
(1 real change made)

. replace batt_cap2018 = 28 if vehicle == "Hyundai Ioniq EV"
(1 real change made)

. 
. replace kwh_per_mile2017 = (25 / 100) if vehicle == "Hyundai Ioniq EV"
(1 real change made)

. replace msrp2017 = (29500 + 32500) / 2 if vehicle == "Hyundai Ioniq EV"
(1 real change made)

. replace batt_cap2017 = 28 if vehicle == "Hyundai Ioniq EV"
(1 real change made)

. 
. 
. replace kwh_per_mile2020 = (27 / 100) if vehicle == "Hyundai Kona Electric"
(1 real change made)

. replace msrp2020 = (37190 + 45400) / 2 if vehicle == "Hyundai Kona Electric"
(1 real change made)

. replace batt_cap2020 = 64 if vehicle == "Hyundai Kona Electric"
(1 real change made)

. 
. replace kwh_per_mile2019 = (28 / 100) if vehicle == "Hyundai Kona Electric"
(1 real change made)

. replace msrp2019 = (36950 + 44900) / 2 if vehicle == "Hyundai Kona Electric"
(1 real change made)

. replace batt_cap2019 = 64 if vehicle == "Hyundai Kona Electric"
(1 real change made)

. 
. 
. replace kwh_per_mile2020 = (44 / 100) if vehicle == "Jaguar I-Pace"
(1 real change made)

. replace msrp2020 = (69850 + 80900) / 2 if vehicle == "Jaguar I-Pace"
(1 real change made)

. replace batt_cap2020 = 90 if vehicle == "Jaguar I-Pace"
(1 real change made)

. 
. replace kwh_per_mile2019 = (44 / 100) if vehicle == "Jaguar I-Pace"
(1 real change made)

. replace msrp2019 = (69500 + 85900) / 2 if vehicle == "Jaguar I-Pace"
(1 real change made)

. replace batt_cap2020 = 90 if vehicle == "Jaguar I-Pace"
(0 real changes made)

. 
. 
. replace kwh_per_mile2020 = (30 / 100) if vehicle == "Kia Niro EV"
(1 real change made)

. replace msrp2020 = (39090 + 44590) / 2 if vehicle == "Kia Niro EV"
(1 real change made)

. replace batt_cap2020 = 64 if vehicle == "Kia Niro EV"
(1 real change made)

. 
. replace kwh_per_mile2019 = (30 / 100) if vehicle == "Kia Niro EV"
(1 real change made)

. replace msrp2019 = (38500 + 44000) / 2 if vehicle == "Kia Niro EV"
(1 real change made)

. replace batt_cap2019 = 64 if vehicle == "Kia Niro EV"
(1 real change made)

. 
. 
. replace kwh_per_mile2020 = (29 / 100) if vehicle == "Kia Soul EV"
(1 real change made)

. 
. replace kwh_per_mile2019 = (31 / 100) if vehicle == "Kia Soul EV"
(1 real change made)

. replace msrp2019 = (33950 + 35950) / 2 if vehicle == "Kia Soul EV"
(1 real change made)

. replace batt_cap2019 = 30 if vehicle == "Kia Soul EV"
(1 real change made)

. 
. replace kwh_per_mile2018 = (31 / 100) if vehicle == "Kia Soul EV"
(1 real change made)

. replace batt_cap2018 = 30 if vehicle == "Kia Soul EV"
(1 real change made)

. 
. replace kwh_per_mile2017 = (32 / 100) if vehicle == "Kia Soul EV"
(1 real change made)

. replace msrp2017 = (32250 + 35950) / 2 if vehicle == "Kia Soul EV"
(1 real change made)

. replace batt_cap2017 = 27 if vehicle == "Kia Soul EV"
(1 real change made)

. 
. replace kwh_per_mile2016 = (32 / 100) if vehicle == "Kia Soul EV"
(1 real change made)

. replace msrp2016 = (31950 + 35950) / 2 if vehicle == "Kia Soul EV"
(1 real change made)

. replace batt_cap2016 = 27 if vehicle == "Kia Soul EV"
(1 real change made)

. 
. replace kwh_per_mile2015 = (32 / 100) if vehicle == "Kia Soul EV"
(1 real change made)

. replace msrp2015 = (33700 + 35700) / 2 if vehicle == "Kia Soul EV"
(1 real change made)

. replace batt_cap2015 = 27 if vehicle == "Kia Soul EV"
(1 real change made)

. 
. 
. replace kwh_per_mile2017 = (40 / 100) if vehicle == "Mercedes B-Class (B250e)"
(1 real change made)

. replace batt_cap2017 = 28 if vehicle == "Mercedes B-Class (B250e)"
(1 real change made)

. 
. replace kwh_per_mile2016 = (40 / 100) if vehicle == "Mercedes B-Class (B250e)"
(1 real change made)

. replace msrp2016 = 41450 if vehicle == "Mercedes B-Class (B250e)"
(1 real change made)

. replace batt_cap2016 = 28 if vehicle == "Mercedes B-Class (B250e)"
(1 real change made)

. 
. replace kwh_per_mile2015 = (40 / 100) if vehicle == "Mercedes B-Class (B250e)"
(1 real change made)

. replace msrp2015 = 41450 if vehicle == "Mercedes B-Class (B250e)"
(1 real change made)

. replace batt_cap2015 = 28 if vehicle == "Mercedes B-Class (B250e)"
(1 real change made)

. 
. replace kwh_per_mile2014 = (40 / 100) if vehicle == "Mercedes B-Class (B250e)"
(1 real change made)

. replace msrp2014 = 41450 if vehicle == "Mercedes B-Class (B250e)"
(1 real change made)

. replace batt_cap2017 = 28 if vehicle == "Mercedes B-Class (B250e)"
(0 real changes made)

. 
. 
. replace kwh_per_mile2020 = (31 / 100) if vehicle == "Mini Cooper"
(1 real change made)

. replace msrp2020 = 29900 if vehicle == "Mini Cooper"
(1 real change made)

. 
. 
. replace kwh_per_mile2017 = (30 / 100) if vehicle == "Mitsubishi I EV"
(1 real change made)

. replace batt_cap2017 = 16 if vehicle == "Mitsubishi I EV"
(1 real change made)

. 
. replace kwh_per_mile2016 = (30 / 100) if vehicle == "Mitsubishi I EV"
(1 real change made)

. replace msrp2016 = 22995 if vehicle == "Mitsubishi I EV"
(1 real change made)

. replace batt_cap2016 = 16 if vehicle == "Mitsubishi I EV"
(1 real change made)

. 
. replace kwh_per_mile2014 = (30 / 100) if vehicle == "Mitsubishi I EV"
(1 real change made)

. replace msrp2014 = 22995 if vehicle == "Mitsubishi I EV"
(1 real change made)

. replace batt_cap2014 = 16 if vehicle == "Mitsubishi I EV"
(1 real change made)

. 
. replace kwh_per_mile2013 = (30 / 100) if vehicle == "Mitsubishi I EV"
(1 real change made)

. 
. replace kwh_per_mile2012 = (30 / 100) if vehicle == "Mitsubishi I EV"
(1 real change made)

. replace msrp2012 = (29125 + 31125) / 2 if vehicle == "Mitsubishi I EV"
(1 real change made)

. replace batt_cap2012 = 16 if vehicle == "Mitsubishi I EV"
(1 real change made)

. 
. 
. replace kwh_per_mile2020 = (((30 + 31 + 32) / 3) / 100) if vehicle == "Nissan Leaf"
(1 real change made)

. replace msrp2020 = (31600 + 38200 + 34190 + 43900) / 4 if vehicle == "Nissan Leaf"
(1 real change made)

. replace batt_cap2020 = (40 + 60) / 2 if vehicle == "Nissan Leaf"
(1 real change made)

. 
. replace kwh_per_mile2019 = (((30 + 31 + 32) / 3) / 100) if vehicle == "Nissan Leaf"
(1 real change made)

. replace msrp2019 = (29990 + 36200 + 36550 + 38510 + 42550) / 5 if vehicle == "Nissan Leaf"
(1 real change made)

. replace batt_cap2019 = (40 + 60) / 2 if vehicle == "Nissan Leaf"
(1 real change made)

. 
. replace kwh_per_mile2018 = (30 / 100) if vehicle == "Nissan Leaf"
(1 real change made)

. replace msrp2018 = (29990 + 36200) / 2 if vehicle == "Nissan Leaf"
(1 real change made)

. replace batt_cap2018 = 40 if vehicle == "Nissan Leaf"
(1 real change made)

. 
. replace kwh_per_mile2017 = (30 / 100) if vehicle == "Nissan Leaf"
(1 real change made)

. replace msrp2017 = (30680 + 36790) / 2 if vehicle == "Nissan Leaf"
(1 real change made)

. replace batt_cap2017 = 30 if vehicle == "Nissan Leaf"
(1 real change made)

. 
. replace kwh_per_mile2016 = (((30 + 30) / 2) / 100) if vehicle == "Nissan Leaf"
(1 real change made)

. replace msrp2016 = (29010 + 36790 + 29010 + 36790) / 4 if vehicle == "Nissan Leaf"
(1 real change made)

. replace batt_cap2016 = (24 + 30 + 30) / 3 if vehicle == "Nissan Leaf"
(1 real change made)

. 
. replace kwh_per_mile2015 = (30 / 100) if vehicle == "Nissan Leaf"
(1 real change made)

. replace msrp2015 = (29010 + 35120) / 2 if vehicle == "Nissan Leaf"
(1 real change made)

. replace batt_cap2015 = 24 if vehicle == "Nissan Leaf"
(1 real change made)

. 
. replace kwh_per_mile2014 = (30 / 100) if vehicle == "Nissan Leaf"
(1 real change made)

. replace msrp2014 = (28980 + 35020) / 2 if vehicle == "Nissan Leaf"
(1 real change made)

. replace batt_cap2014 = 24 if vehicle == "Nissan Leaf"
(1 real change made)

. 
. replace kwh_per_mile2013 = (29 / 100) if vehicle == "Nissan Leaf"
(1 real change made)

. replace msrp2013 = (28800 + 34840) / 2 if vehicle == "Nissan Leaf"
(1 real change made)

. replace batt_cap2013 = 24 if vehicle == "Nissan Leaf"
(1 real change made)

. 
. replace kwh_per_mile2012 = (34 / 100) if vehicle == "Nissan Leaf"
(1 real change made)

. replace msrp2012 = (35200 + 37250) / 2 if vehicle == "Nissan Leaf"
(1 real change made)

. replace batt_cap2012 = 24 if vehicle == "Nissan Leaf"
(1 real change made)

. 
. replace kwh_per_mile2011 = (34 / 100) if vehicle == "Nissan Leaf"
(1 real change made)

. replace msrp2011 = 32780 if vehicle == "Nissan Leaf"
(1 real change made)

. replace batt_cap2011 = 24 if vehicle == "Nissan Leaf"
(1 real change made)

. 
. 
. replace kwh_per_mile2020 = (((49 + 49 + 50) / 3) / 100) if vehicle == "Porsche Taycan"
(1 real change made)

. replace msrp2020 = (103800 + 150900 + 185000) / 3 if vehicle == "Porsche Taycan"
(1 real change made)

. replace batt_cap2020 = (79 + 93 + 93) / 3 if vehicle == "Porsche Taycan"
(1 real change made)

. 
. 
. replace kwh_per_mile2019 = (((33 + 31) / 2) / 100) if vehicle == "Smart ED"
(1 real change made)

. replace msrp2019 = (23900 + 26740) / 2 if vehicle == "Smart ED"
(1 real change made)

. replace batt_cap2019 = 17.6 if vehicle == "Smart ED"
(1 real change made)

. 
. replace kwh_per_mile2018 = (((33 + 31) / 2) / 100) if vehicle == "Smart ED"
(1 real change made)

. replace msrp2018 = (28100 + 29100 + 23800 + 26640) / 4 if vehicle == "Smart ED"
(1 real change made)

. replace batt_cap2018 = 17.6 if vehicle == "Smart ED"
(1 real change made)

. 
. replace kwh_per_mile2017 = (((33 + 31) / 2) / 100) if vehicle == "Smart ED"
(1 real change made)

. replace batt_cap2017 = 17.6 if vehicle == "Smart ED"
(1 real change made)

. 
. replace kwh_per_mile2016 = (((32 + 32) / 2) / 100) if vehicle == "Smart ED"
(1 real change made)

. replace batt_cap2016 = 17.6 if vehicle == "Smart ED"
(1 real change made)

. 
. replace kwh_per_mile2015 = (((32 + 32) / 2) / 100) if vehicle == "Smart ED"
(1 real change made)

. replace msrp2015 = (28000 + 25000) / 2 if vehicle == "Smart ED"
(1 real change made)

. replace batt_cap2015 = 17.6 if vehicle == "Smart ED"
(1 real change made)

. 
. replace kwh_per_mile2014 = (((32 + 32) / 2) / 100) if vehicle == "Smart ED"
(1 real change made)

. replace msrp2014 = (28000 + 25000) / 2 if vehicle == "Smart ED"
(1 real change made)

. replace batt_cap2014 = 17.6 if vehicle == "Smart ED"
(1 real change made)

. 
. replace kwh_per_mile2013 = (((32 + 32) / 2) / 100) if vehicle == "Smart ED"
(1 real change made)

. replace msrp2013 = (28000 + 25000) / 2 if vehicle == "Smart ED"
(1 real change made)

. replace batt_cap2015 = 17.6 if vehicle == "Smart ED"
(0 real changes made)

. 
. replace kwh_per_mile2011 = (((39 + 39) / 2) / 100) if vehicle == "Smart ED"
(1 real change made)

. 
. 
. replace kwh_per_mile2020 = (((26 + 28 + 28 + 29 + 30 + 27 + 26 + 24) / 8) / 100) if vehicle == "Tesla Model 3"
(1 real change made)

. replace msrp2020 = (46990 + 54990 + 54990 + 54990 + 37990) / 5 if vehicle == "Tesla Model 3"
(1 real change made)

. 
. replace kwh_per_mile2019 = (((26 + 29 + 29 + 27 + 26 + 25) / 6) / 100) if vehicle == "Tesla Model 3"
(1 real change made)

. replace msrp2019 = (43000 + 47990 + 56990 + 44000 + 35000 + 39490) / 6 if vehicle == "Tesla Model 3"
(1 real change made)

. 
. replace kwh_per_mile2018 = (((26 + 29 + 29 + 27) / 4) / 100) if vehicle == "Tesla Model 3"
(1 real change made)

. replace msrp2018 = (49000 + 55000 + 64000) / 3 if vehicle == "Tesla Model 3"
(1 real change made)

. 
. replace kwh_per_mile2017 = (27 / 100) if vehicle == "Tesla Model 3"
(1 real change made)

. replace msrp2017 = 44000 if vehicle == "Tesla Model 3"
(1 real change made)

. replace batt_cap2017 = 80.5 if vehicle == "Tesla Model 3"
(1 real change made)

. 
. 
. replace kwh_per_mile2020 = (((30 + 29 + 32 + 35 + 31) / 5) / 100) if vehicle == "Tesla Model S"
(1 real change made)

. replace msrp2020 = (79990 + 69420 + 91990 + 91990) / 4 if vehicle == "Tesla Model S"
(1 real change made)

. replace batt_cap2020 = 100 if vehicle == "Tesla Model S"
(1 real change made)

. 
. replace kwh_per_mile2019 = (((33 + 33 + 30 + 35 + 32 + 35 + 31) / 7) / 100) if vehicle == "Tesla Model S"
(1 real change made)

. replace msrp2019 = (76000 + 79990 + 133000 + 99990 + 75000) / 5 if vehicle == "Tesla Model S"
(1 real change made)

. replace batt_cap2019 = 100 if vehicle == "Tesla Model S"
(1 real change made)

. 
. replace kwh_per_mile2018 = (((33 + 33 + 34 + 35) / 4) / 100) if vehicle == "Tesla Model S"
(1 real change made)

. replace msrp2018 = (94000 + 74500 + 74500 + 135000) / 4 if vehicle == "Tesla Model S"
(1 real change made)

. replace batt_cap2018 = (75 + 100 + 100) / 3 if vehicle == "Tesla Model S"
(1 real change made)

. 
. replace kwh_per_mile2017 = (((34 + 34 + 33 + 32 + 33 + 32 + 35 + 35) / 8) / 100) if vehicle == "Tesla Model S"
(1 real change made)

. replace msrp2017 = (68000 + 69500 + 92500 + 73000 + 74500 + 78200 + 134500 + 87500) / 8 if vehicle == "Tesla Model S"
(1 real change made)

. replace batt_cap2017 = (60 + 60 + 75 + 75 + 90 + 100 + 100) / 7 if vehicle == "Tesla Model S"
(1 real change made)

. 
. replace kwh_per_mile2016 = (((34 + 38 + 34 + 38 + 38 + 32 + 33 + 33 + 34 + 33 + 35 + 36 + 35) / 13) / 100) if vehicle == "Tesla Model S"
(1 real change made)

. replace msrp2016 = (66000 + 70000 + 74500 + 71000 + 79500 + 89500 + 134500 + 112000) / 8 if vehicle == "Tesla Model S"
(1 real change made)

. replace batt_cap2016 = (60 + 75 + 60 + 75 + 90 + 90) / 6 if vehicle == "Tesla Model S"
(1 real change made)

. 
. replace kwh_per_mile2015 = (((35 + 38 + 38 + 33 + 34 + 34 + 36 + 36) / 7) / 100) if vehicle == "Tesla Model S"
(1 real change made)

. replace msrp2015 = (69900 + 80000 + 75000 + 85000 + 105000) / 5 if vehicle == "Tesla Model S"
(1 real change made)

. replace batt_cap2015 = (60 + 85 + 90 + 70 + 85 + 85 + 90 + 90) / 8 if vehicle == "Tesla Model S"
(1 real change made)

. 
. replace kwh_per_mile2014 = (((35 + 38 + 38) / 3) / 100) if vehicle == "Tesla Model S"
(1 real change made)

. replace msrp2014 = (69900 + 79900 + 104500 + 79900) / 4 if vehicle == "Tesla Model S"
(1 real change made)

. replace batt_cap2014 = (60 + 85 + 85 + 85) / 4 if vehicle == "Tesla Model S"
(1 real change made)

. 
. replace kwh_per_mile2013 = (((36 + 35 + 38) / 3) / 100) if vehicle == "Tesla Model S"
(1 real change made)

. replace msrp2013 = (69900 + 94900) / 2 if vehicle == "Tesla Model S"
(1 real change made)

. replace batt_cap2013 = (60 + 85) / 2 if vehicle == "Tesla Model S"
(1 real change made)

. 
. replace kwh_per_mile2012 = (38 / 100) if vehicle == "Tesla Model S"
(1 real change made)

. replace msrp2012 = (59900 + 105400) / 2 if vehicle == "Tesla Model S"
(1 real change made)

. replace batt_cap2012 = (40 + 60 + 85 + 85) / 4 if vehicle == "Tesla Model S"
(1 real change made)

. 
. 
. replace kwh_per_mile2020 = (((35 + 32 + 38 + 43 + 33) / 5) / 100) if vehicle == "Tesla Model X"
(1 real change made)

. replace msrp2020 = (84990 + 79990 + 99990 + 99990) / 4 if vehicle == "Tesla Model X"
(1 real change made)

. 
. replace kwh_per_mile2019 = (((39 + 36 + 35 + 40 + 43) / 5) / 100) if vehicle == "Tesla Model X"
(1 real change made)

. replace msrp2019 = (97000 + 82000 + 84990 + 138000 + 104990) / 5 if vehicle == "Tesla Model X"
(1 real change made)

. 
. replace kwh_per_mile2018 = (((39 + 36 + 40) / 3) / 100) if vehicle == "Tesla Model X"
(1 real change made)

. replace msrp2018 = (96000 + 79500 + 140000) / 3 if vehicle == "Tesla Model X"
(1 real change made)

. replace batt_cap2018 = (75 + 100 + 100) / 3 if vehicle == "Tesla Model X"
(1 real change made)

. 
. replace kwh_per_mile2017 = (((39 + 36 + 36 + 37 + 39 + 38) / 6) / 100) if vehicle == "Tesla Model X"
(1 real change made)

. replace msrp2017 = (100150 + 82500 + 93500 + 135500 + 117150 + 143950) / 6 if vehicle == "Tesla Model X"
(1 real change made)

. replace batt_cap2017 = (75 + 90 + 100 + 100) / 4 if vehicle == "Tesla Model X"
(1 real change made)

. 
. replace kwh_per_mile2016 = (((36 + 36 + 37 + 39 + 38) / 5) / 100) if vehicle == "Tesla Model X"
(1 real change made)

. replace msrp2016 = (83000 + 95500 + 136900 + 159000 + 115500) / 5 if vehicle == "Tesla Model X"
(1 real change made)

. replace batt_cap2016 = (75 + 90 + 90) / 3 if vehicle == "Tesla Model X"
(1 real change made)

. 
. 
. replace kwh_per_mile2020 = (((28 + 28 + 30) / 3) / 100) if vehicle == "Tesla Model Y"
(1 real change made)

. replace msrp2020 = (48000 + 49990 + 59990) / 3 if vehicle == "Tesla Model Y"
(1 real change made)

. 
. 
. replace kwh_per_mile2014 = (44 / 100) if vehicle == "Toyota RAV4 EV"
(1 real change made)

. replace msrp2014 = 49800 if vehicle == "Toyota RAV4 EV"
(1 real change made)

. replace batt_cap2014 = 41.8 if vehicle == "Toyota RAV4 EV"
(1 real change made)

. 
. replace kwh_per_mile2013 = (44 / 100) if vehicle == "Toyota RAV4 EV"
(1 real change made)

. replace msrp2013 = 49800 if vehicle == "Toyota RAV4 EV"
(1 real change made)

. replace batt_cap2013 = 41.8 if vehicle == "Toyota RAV4 EV"
(1 real change made)

. 
. replace kwh_per_mile2012 = (44 / 100) if vehicle == "Toyota RAV4 EV"
(1 real change made)

. replace msrp2012 = 49800 if vehicle == "Toyota RAV4 EV"
(1 real change made)

. replace batt_cap2012 = 41.8 if vehicle == "Toyota RAV4 EV"
(1 real change made)

. 
. 
. replace kwh_per_mile2019 = (28 / 100) if vehicle == "VW e-Golf"
(1 real change made)

. replace msrp2019 = (31895 + 38895) / 2 if vehicle == "VW e-Golf"
(1 real change made)

. replace batt_cap2019 = 35.8 if vehicle == "VW e-Golf"
(1 real change made)

. 
. replace kwh_per_mile2018 = (28 / 100) if vehicle == "VW e-Golf"
(1 real change made)

. replace msrp2018 = (30495 + 37345) / 2 if vehicle == "VW e-Golf"
(1 real change made)

. replace batt_cap2018 = 35.8 if vehicle == "VW e-Golf"
(1 real change made)

. 
. replace kwh_per_mile2017 = (28 / 100) if vehicle == "VW e-Golf"
(1 real change made)

. replace msrp2017 = (30495 + 36995) / 2 if vehicle == "VW e-Golf"
(1 real change made)

. replace batt_cap2017 = 35.8 if vehicle == "VW e-Golf"
(1 real change made)

. 
. replace kwh_per_mile2016 = (29 / 100) if vehicle == "VW e-Golf"
(1 real change made)

. replace msrp2016 = (28995 + 35595) / 2 if vehicle == "VW e-Golf"
(1 real change made)

. replace batt_cap2016 = 24.2 if vehicle == "VW e-Golf"
(1 real change made)

. 
. replace kwh_per_mile2015 = (29 / 100) if vehicle == "VW e-Golf"
(1 real change made)

. replace msrp2015 = (33450 + 35445) / 2 if vehicle == "VW e-Golf"
(1 real change made)

. replace batt_cap2015 = 24.2 if vehicle == "VW e-Golf"
(1 real change made)

. 
. *****************************************
. /* Calculating Sales-Weighted Averages */
. *****************************************
. 
. forvalues y = 2011(1)2020{
  2.     gen num`y' = sales`y' * kwh_per_mile`y'
  3.     egen num2`y' = total(num`y')
  4.     egen den`y' = total(sales`y') if !missing(kwh_per_mile`y') & kwh_per_mile`y' != 0
  5.     gen avg_kwh_per_mile`y' = num2`y' / den`y'
  6.     drop num`y' num2`y' den`y'
  7. }
(25 missing values generated)
(25 missing values generated)
(25 missing values generated)
(23 missing values generated)
(23 missing values generated)
(23 missing values generated)
(20 missing values generated)
(20 missing values generated)
(20 missing values generated)
(17 missing values generated)
(17 missing values generated)
(17 missing values generated)
(18 missing values generated)
(18 missing values generated)
(18 missing values generated)
(16 missing values generated)
(16 missing values generated)
(16 missing values generated)
(13 missing values generated)
(13 missing values generated)
(13 missing values generated)
(15 missing values generated)
(15 missing values generated)
(15 missing values generated)
(12 missing values generated)
(12 missing values generated)
(12 missing values generated)
(14 missing values generated)
(13 missing values generated)
(13 missing values generated)

. 
. forvalues y = 2011(1)2020{
  2.     gen num`y' = sales`y' * msrp`y'
  3.     egen num2`y' = total(num`y')
  4.     egen den`y' = total(sales`y') if !missing(msrp`y') & msrp`y' != 0
  5.     gen avg_msrp`y' = num2`y' / den`y'
  6.     drop num`y' num2`y' den`y'
  7. }
(27 missing values generated)
(27 missing values generated)
(27 missing values generated)
(23 missing values generated)
(23 missing values generated)
(23 missing values generated)
(21 missing values generated)
(21 missing values generated)
(21 missing values generated)
(17 missing values generated)
(17 missing values generated)
(17 missing values generated)
(18 missing values generated)
(18 missing values generated)
(18 missing values generated)
(17 missing values generated)
(17 missing values generated)
(17 missing values generated)
(17 missing values generated)
(17 missing values generated)
(17 missing values generated)
(17 missing values generated)
(17 missing values generated)
(17 missing values generated)
(13 missing values generated)
(13 missing values generated)
(13 missing values generated)
(14 missing values generated)
(14 missing values generated)
(14 missing values generated)

. 
. forvalues y = 2011(1)2020{
  2.     gen num`y' = sales`y' * batt_cap`y'
  3.     egen num2`y' = total(num`y')
  4.     egen den`y' = total(sales`y') if !missing(batt_cap`y') & batt_cap`y' != 0
  5.     gen avg_batt_cap`y' = num2`y' / den`y'
  6.     drop num`y' num2`y' den`y'
  7. }
(27 missing values generated)
(27 missing values generated)
(27 missing values generated)
(24 missing values generated)
(24 missing values generated)
(24 missing values generated)
(23 missing values generated)
(23 missing values generated)
(23 missing values generated)
(21 missing values generated)
(21 missing values generated)
(21 missing values generated)
(20 missing values generated)
(20 missing values generated)
(20 missing values generated)
(17 missing values generated)
(17 missing values generated)
(17 missing values generated)
(16 missing values generated)
(16 missing values generated)
(16 missing values generated)
(18 missing values generated)
(18 missing values generated)
(18 missing values generated)
(16 missing values generated)
(16 missing values generated)
(16 missing values generated)
(18 missing values generated)
(18 missing values generated)
(18 missing values generated)

. 
. keep avg*

. keep if _n == 1
(27 observations deleted)

. gen n = _n

. reshape long avg_kwh_per_mile avg_msrp avg_batt_cap, i(n) j(year)
(j = 2011 2012 2013 2014 2015 2016 2017 2018 2019 2020)

Data                               Wide   ->   Long
-----------------------------------------------------------------------------
Number of observations                1   ->   10          
Number of variables                  31   ->   5           
j variable (10 values)                    ->   year
xij variables:
avg_kwh_per_mile2011 avg_kwh_per_mile2012 ... avg_kwh_per_mile2020->avg_kwh_per_mile
avg_msrp2011 avg_msrp2012 ... avg_msrp2020->   avg_msrp
avg_batt_cap2011 avg_batt_cap2012 ... avg_batt_cap2020->avg_batt_cap
-----------------------------------------------------------------------------

. drop n

. 
. save "${code_files}/1_assumptions/evs/processed/kwh_msrp_batt_cap", replace
file /Users/beatrice/Documents/GitHub/mvpf-climate/data/1_assumptions/evs/processed/kwh_msrp_batt_cap.dta saved

. 
. 
. 
. 
. 
. 
. 
. 
. 
. 
. 
. 
. 
. 
. 
. 
. 
. 
. 
. 
. 
. 
. 
. 
. 
. 
. 
. 
. 
. 
. 
. 
. 
. 
. 
. 
. 
. 
. 
. 
. 
. 
. 
. 
. 
. 
. 
. 
. 
. 
. 
. 
. 
. 
. 
. 
. 
. 
. 
. 
. 
. 
. 
. 
. 
. 
. 
. 
. 
. 
end of do-file

. 
. do "${github}/data_cleaning/build_ice_vmt_by_age_state.do"

. 
. if ("`c(username)'" == "sarahaa") { // Sarah
.     global user = "C:/Users/sarahaa"
.     global dropbox = "${user}/Dropbox (MIT)/Regulation"
.     global github = "${user}/Documents/GitHub/mvpf-enviro"
. }

. 
. if ("`c(username)'" == "sarah") { // Sarah's personal computer
.         global user = "/Users/sarah"
.         global dropbox = "${user}/Dropbox (MIT)/Regulation"
.         global github = "${user}/Documents/GitHub/mvpf-enviro"
. }

. 
. ***************************
. /*    State-level VMT    */
. ***************************
. ** Calculating a sample-weighted average across vehicle types for the state-level VMT
. import excel "${code_files}/1_assumptions/evs/vmt_by_state_2017_survey.xlsx", sheet("AVG_BESTMILE_Gas") first clear
(10 vars, 54 obs)

. 
. ren VEHTYPE vmt

. ren A state

. keep vmt state

. 
. drop if missing(state) | missing(vmt)
(2 observations deleted)

. drop if state == "TOTAL"
(1 observation deleted)

. 
. destring vmt, replace
vmt: all characters numeric; replaced as double

. 
. save "${code_files}/1_assumptions/evs/processed/ice_vmt_by_state", replace
file /Users/beatrice/Documents/GitHub/mvpf-climate/data/1_assumptions/evs/processed/ice_vmt_by_state.dta saved

. 
. ** Calculating a sample-weighted average across vehicle types for the age-level VMT
. import excel "${code_files}/1_assumptions/evs/vmt_by_age_2017_survey", sheet("AVG_BESTMILE_Gas") first clear
(10 vars, 28 obs)

. 
. ren VEHTYPE vmt

. ren A age

. keep vmt age

. 
. drop if missing(age) | missing(vmt)
(2 observations deleted)

. drop if age == "I don't know"
(1 observation deleted)

. drop if age == "I prefer not to answer"
(1 observation deleted)

. drop if age == "TOTAL"
(1 observation deleted)

. 
. destring vmt, replace
vmt: all characters numeric; replaced as double

. 
. tempfile vmt

. sa `vmt'
file /var/folders/ss/lfl5qx6955x8ysd601l8w13r0000gq/T//S_30199.000001 saved as .dta format

. 
. import excel "${code_files}/1_assumptions/evs/vmt_by_age_2017_survey", sheet("Sample Size_Gas") first clear
(10 vars, 28 obs)

. 
. keep A D

. ren A age

. ren D count

. 
. drop if missing(age) | missing(count)
(2 observations deleted)

. drop if age == "I don't know"
(1 observation deleted)

. drop if age == "I prefer not to answer"
(1 observation deleted)

. drop if age == "TOTAL"
(1 observation deleted)

. 
. destring count, replace
count: all characters numeric; replaced as int

. 
. merge 1:1 age using `vmt'

    Result                      Number of obs
    -----------------------------------------
    Not matched                             0
    Matched                                23  (_merge==3)
    -----------------------------------------

. 
. drop _merge

. 
. expand 5 if age == "20-24"
(4 observations created)

. expand 5 if age == "25-29"
(4 observations created)

. expand 3 if age == "30-32"
(2 observations created)

. 
. sort age

. 
. replace count = count/5 if age == "20-24"
variable count was int now float
(5 real changes made)

. replace count = count/5 if age == "25-29"
(5 real changes made)

. replace count = count/3 if age == "30-32"
(3 real changes made)

. 
. replace age = "20" if _n == 13 & age == "20-24"
(1 real change made)

. replace age = "21" if _n == 14 & age == "20-24"
(1 real change made)

. replace age = "22" if _n == 15 & age == "20-24"
(1 real change made)

. replace age = "23" if _n == 16 & age == "20-24"
(1 real change made)

. replace age = "24" if _n == 17 & age == "20-24"
(1 real change made)

. 
. replace age = "25" if _n == 18 & age == "25-29"
(1 real change made)

. replace age = "26" if _n == 19 & age == "25-29"
(1 real change made)

. replace age = "27" if _n == 20 & age == "25-29"
(1 real change made)

. replace age = "28" if _n == 21 & age == "25-29"
(1 real change made)

. replace age = "29" if _n == 22 & age == "25-29"
(1 real change made)

. 
. replace age = "30" if _n == 24 & age == "30-32"
(1 real change made)

. replace age = "31" if _n == 25 & age == "30-32"
(1 real change made)

. replace age = "32" if _n == 26 & age == "30-32"
(1 real change made)

. 
. replace age = "33" if age == "33+"
(1 real change made)

. 
. destring age, replace
age: all characters numeric; replaced as byte

. sort age

. 
. save "${code_files}/1_assumptions/evs/processed/ice_vmt_by_age", replace
file /Users/beatrice/Documents/GitHub/mvpf-climate/data/1_assumptions/evs/processed/ice_vmt_by_age.dta saved

. 
. egen N_fleet = total(count)

. egen weighted_avg_fleet = total(vmt * count)

. replace weighted_avg_fleet = weighted_avg_fleet / N_fleet
(33 real changes made)

. 
. gen age_diff = (weighted_avg_fleet - vmt) / weighted_avg_fleet

. 
. keep age age_diff

. 
. 
. tempfile age_change

. sa `age_change'
file /var/folders/ss/lfl5qx6955x8ysd601l8w13r0000gq/T//S_30199.000002 saved as .dta format

. 
. use "${code_files}/1_assumptions/evs/processed/ice_vmt_by_state", clear

. 
. expand 33
(1,632 observations created)

. gen age = .
(1,683 missing values generated)

. bysort state: replace age = _n
(1,683 real changes made)

. 
. merge m:1 age using `age_change'

    Result                      Number of obs
    -----------------------------------------
    Not matched                             0
    Matched                             1,683  (_merge==3)
    -----------------------------------------

. drop _merge

. 
. gen vmt_by_state_age = vmt - age_diff * vmt

. sort state age

. 
. save "${code_files}/1_assumptions/evs/processed/ice_vmt_by_state_by_age", replace
file /Users/beatrice/Documents/GitHub/mvpf-climate/data/1_assumptions/evs/processed/ice_vmt_by_state_by_age.dta saved

. 
. 
. 
. 
end of do-file

. 
. do "${github}/data_cleaning/clean_state_pop.do"

. 
. 
. 
. if ("`c(username)'" == "sarahaa") { // Sarah
.     global user = "C:/Users/sarahaa"
.     global dropbox = "${user}/Dropbox (MIT)/Regulation"
.     global github = "${user}/Documents/GitHub/mvpf-enviro"
. }

. 
. if ("`c(username)'" == "sarah") { // Sarah's personal computer
.         global user = "/Users/sarah"
.         global dropbox = "${user}/Dropbox (MIT)/Regulation"
.         global github = "${user}/Documents/GitHub/mvpf-enviro"
. }

. 
. import excel "${code_files}/1_assumptions/evs/pop_by_state_2010_2019.xlsx", clear
(13 vars, 67 obs)

. 
. ren D pop2010

. ren E pop2011

. ren F pop2012

. ren G pop2013

. ren H pop2014

. ren I pop2015

. ren J pop2016

. ren K pop2017

. ren L pop2018

. ren M pop2019

. 
. drop if strpos(A,"table")
(1 observation deleted)

. drop if strpos(A,"Annual")
(2 observations deleted)

. drop if strpos(A,"Geographic")
(2 observations deleted)

. drop if strpos(A,"United")
(1 observation deleted)

. drop if strpos(A,"Northeast")
(1 observation deleted)

. drop if strpos(A,"Midwest")
(1 observation deleted)

. drop if A == "South"
(1 observation deleted)

. drop if A == "West"
(1 observation deleted)

. drop if missing(A)
(2 observations deleted)

. 
. ren A state

. drop B C

. 
. replace state = substr(state,2,.)
(55 real changes made)

. 
. drop if strpos(state, "Rico")
(1 observation deleted)

. drop if strpos(state, "Citation")
(1 observation deleted)

. drop if strpos(state, "Census")
(1 observation deleted)

. drop if strpos(state, "Date")
(1 observation deleted)

. 
. destring pop2010, replace
pop2010: all characters numeric; replaced as long

. 
. save "${code_files}/1_assumptions/evs/processed/pop_by_state_2010_2019", replace
file /Users/beatrice/Documents/GitHub/mvpf-climate/data/1_assumptions/evs/processed/pop_by_state_2010_2019.dta saved

. 
. import excel "${code_files}/1_assumptions/evs/pop_by_state_2000_2009.xls", clear
(14 vars, 70 obs)

. drop if _n == 1
(1 observation deleted)

. drop if strpos(A, "Intercensal")
(2 observations deleted)

. drop if strpos(A, "Geographic")
(2 observations deleted)

. drop if A == "Puerto Rico"
(1 observation deleted)

. drop if strpos(A, "Question")
(1 observation deleted)

. drop if strpos(A, "data")
(1 observation deleted)

. drop if strpos(A, "applying")
(1 observation deleted)

. drop if strpos(A, "Suggested")
(1 observation deleted)

. drop if strpos(A, "Population")
(1 observation deleted)

. drop if strpos(A, "Release")
(1 observation deleted)

. drop if missing(A)
(2 observations deleted)

. drop if strpos(A,"United")
(1 observation deleted)

. drop if strpos(A,"Northeast")
(1 observation deleted)

. drop if strpos(A,"Midwest")
(1 observation deleted)

. drop if A == "South"
(1 observation deleted)

. drop if A == "West"
(1 observation deleted)

. 
. ren A state

. drop B

. 
. replace state = substr(state,2,.)
(51 real changes made)

. 
. drop M N

. 
. ren C pop2000

. ren D pop2001

. ren E pop2002

. ren F pop2003

. ren G pop2004

. ren H pop2005

. ren I pop2006

. ren J pop2007

. ren K pop2008

. ren L pop2009

. 
. destring pop2000, replace
pop2000: all characters numeric; replaced as long

. 
. save "${code_files}/1_assumptions/evs/processed/pop_by_state_2000_2009", replace
file /Users/beatrice/Documents/GitHub/mvpf-climate/data/1_assumptions/evs/processed/pop_by_state_2000_2009.dta saved

. 
. merge 1:1 state using "${code_files}/1_assumptions/evs/processed/pop_by_state_2010_2019"
(variable state was str277, now str646 to accommodate using data's values)

    Result                      Number of obs
    -----------------------------------------
    Not matched                             0
    Matched                                51  (_merge==3)
    -----------------------------------------

. drop _merge

. 
. save "${code_files}/1_assumptions/evs/processed/pop_by_state_2000_2019", replace
file /Users/beatrice/Documents/GitHub/mvpf-climate/data/1_assumptions/evs/processed/pop_by_state_2000_2019.dta saved

. 
. 
. 
end of do-file

. 
. do "${github}/data_cleaning/build_hev_data.do"

. 
. if ("`c(username)'" == "sarahaa") { // Sarah
.     global user = "C:/Users/sarahaa"
.     global dropbox = "${user}/Dropbox (MIT)/Regulation"
.     global github = "${user}/Documents/GitHub/mvpf-enviro"
. }

. 
. if ("`c(username)'" == "sarah") { // Sarah's personal computer
.         global user = "/Users/sarah"
.         global dropbox = "${user}/Dropbox (MIT)/Regulation"
.         global github = "${user}/Documents/GitHub/mvpf-enviro"
. }

. 
. import excel using "${code_files}/1_assumptions/evs/10301_hev_sale_2-28-20.xlsx", clear first
(23 vars, 61 obs)

. 
. ren B sales1999

. ren C sales2000

. ren D sales2001

. ren E sales2002

. ren F sales2003

. ren G sales2004

. ren H sales2005

. ren I sales2006

. ren J sales2007

. ren K sales2008

. ren L sales2009

. ren M sales2010

. ren N sales2011

. ren O sales2012

. ren P sales2013

. ren Q sales2014

. ren R sales2015

. ren S sales2016

. ren T sales2017

. ren U sales2018

. ren V sales2019

. 
. forv i = 1999(1)2019{
  2.         gen price`i' = .
  3.         gen batt_cap`i' = .
  4.         gen msrp`i' = .
  5.         gen mpg`i' = .
  6. }
(61 missing values generated)
(61 missing values generated)
(61 missing values generated)
(61 missing values generated)
(61 missing values generated)
(61 missing values generated)
(61 missing values generated)
(61 missing values generated)
(61 missing values generated)
(61 missing values generated)
(61 missing values generated)
(61 missing values generated)
(61 missing values generated)
(61 missing values generated)
(61 missing values generated)
(61 missing values generated)
(61 missing values generated)
(61 missing values generated)
(61 missing values generated)
(61 missing values generated)
(61 missing values generated)
(61 missing values generated)
(61 missing values generated)
(61 missing values generated)
(61 missing values generated)
(61 missing values generated)
(61 missing values generated)
(61 missing values generated)
(61 missing values generated)
(61 missing values generated)
(61 missing values generated)
(61 missing values generated)
(61 missing values generated)
(61 missing values generated)
(61 missing values generated)
(61 missing values generated)
(61 missing values generated)
(61 missing values generated)
(61 missing values generated)
(61 missing values generated)
(61 missing values generated)
(61 missing values generated)
(61 missing values generated)
(61 missing values generated)
(61 missing values generated)
(61 missing values generated)
(61 missing values generated)
(61 missing values generated)
(61 missing values generated)
(61 missing values generated)
(61 missing values generated)
(61 missing values generated)
(61 missing values generated)
(61 missing values generated)
(61 missing values generated)
(61 missing values generated)
(61 missing values generated)
(61 missing values generated)
(61 missing values generated)
(61 missing values generated)
(61 missing values generated)
(61 missing values generated)
(61 missing values generated)
(61 missing values generated)
(61 missing values generated)
(61 missing values generated)
(61 missing values generated)
(61 missing values generated)
(61 missing values generated)
(61 missing values generated)
(61 missing values generated)
(61 missing values generated)
(61 missing values generated)
(61 missing values generated)
(61 missing values generated)
(61 missing values generated)
(61 missing values generated)
(61 missing values generated)
(61 missing values generated)
(61 missing values generated)
(61 missing values generated)
(61 missing values generated)
(61 missing values generated)
(61 missing values generated)

. 
. replace batt_cap2000 = 6.5 * 144 / 1000 if Vehicle == "Honda Insight" // https://electronhybridsolution.com/product/honda-insight-1999-2006-remanufactured-hybrid-battery-rebuild-kit
> /
(1 real change made)

. replace batt_cap2001 = 6.5 * 144 / 1000 if Vehicle == "Honda Insight"
(1 real change made)

. replace batt_cap2002 = 6.5 * 144 / 1000 if Vehicle == "Honda Insight"
(1 real change made)

. replace batt_cap2003 = 6.5 * 144 / 1000 if Vehicle == "Honda Insight"
(1 real change made)

. replace batt_cap2004 = 6.5 * 144 / 1000 if Vehicle == "Honda Insight"
(1 real change made)

. replace batt_cap2005 = 6.5 * 144 / 1000 if Vehicle == "Honda Insight"
(1 real change made)

. replace batt_cap2006 = 6.5 * 144 / 1000 if Vehicle == "Honda Insight"
(1 real change made)

. 
. replace batt_cap2001 = 6.5 * 273.6 / 1000 if Vehicle == "Toyota Prius" // https://ennocar.com/product/ni-mh-273-6v-6-5ah-prismatic-hybrid-car-battery-toyota-prius-gen1-2000-2001-200
> 2-2003/
(1 real change made)

. replace batt_cap2002 = 6.5 * 273.6 / 1000 if Vehicle == "Toyota Prius"
(1 real change made)

. replace batt_cap2003 = 6.5 * 273.6 / 1000 if Vehicle == "Toyota Prius"
(1 real change made)

. replace batt_cap2004 = 6.5 * 201.6 / 1000 if Vehicle == "Toyota Prius" // https://poweringautos.com/what-is-the-capacity-prius-car-battery/
(1 real change made)

. replace batt_cap2005 = 6.5 * 201.6 / 1000 if Vehicle == "Toyota Prius" 
(1 real change made)

. replace batt_cap2006 = 6.5 * 201.6 / 1000 if Vehicle == "Toyota Prius"
(1 real change made)

. 
. replace batt_cap2003 = 6.5 * 144 / 1000 if Vehicle == "Honda Civic" // https://ihybridbattery.com/product/honda-civic-g1-hybrid-battery-2003-2005/
(1 real change made)

. replace batt_cap2004 = 6.5 * 144 / 1000 if Vehicle == "Honda Civic"
(1 real change made)

. replace batt_cap2005 = 6 * 144 / 1000 if Vehicle == "Honda Civic" // https://hondanews.com/en-US/honda-automobiles/releases/release-e23d1cf6dc1ef9a37d3be9004c34c347-2005-honda-civic
> -hybrid-specifications
(1 real change made)

. replace batt_cap2006 = 5.5 * 158 / 1000 if Vehicle == "Honda Civic" // https://hondanews.com/en-US/honda-automobiles/releases/release-591334b5ff2cd7fdfabb17004c34c1b5-2006-honda-civ
> ic-sedan-and-civic-hybrid-specifications
(1 real change made)

. 
. replace batt_cap2005 = 5.5 * 330 / 1000 if Vehicle == "Ford Escape/Mercury Mariner" // https://en.wikipedia.org/wiki/Ford_Escape#2004%E2%80%932006_(ZB)
(1 real change made)

. replace batt_cap2006 = 5.5 * 330 / 1000 if Vehicle == "Ford Escape/Mercury Mariner"
(1 real change made)

. 
. replace batt_cap2005 = 6 * 144 / 1000 if Vehicle == "Honda Accord" // https://avt.inl.gov/sites/default/files/pdf/hev/batteryaccord1096.pdf
(1 real change made)

. replace batt_cap2006 = 6 * 144 / 1000 if Vehicle == "Honda Accord"
(1 real change made)

. 
. replace batt_cap2006 = 6.5 * 288 / 1000 if Vehicle == "Toyota Highlander" // https://www.besthybridbatteries.com/products/toyota-highlander-2006-2007-hybrid-battery
(1 real change made)

. 
. replace batt_cap2006 = 6.5 * 288 / 1000 if Vehicle == "Lexus RX 450h" // http://www.ae.pwr.wroc.pl/filez/20110606092430_HEV_Toyota.pdf
(1 real change made)

. 
. preserve

. 
. * Importing Table 4 from Kelley Blue Book
. 
.         import excel using "${code_files}/1_assumptions/evs/Q4-2021-Kelley-Blue-Book-Sales-Report-Electrified-Light-Vehicles.xlsx", ///
>                 clear sheet("Table 4") cellrange(A3) firstrow
(10 vars, 45 obs)

.         keep A G  // Keep vehicle names and 2020 sales

.         rename A vehicle_raw

.         rename G sales2020

.         destring sales2020, replace force
sales2020: contains nonnumeric characters; replaced as int
(3 missing values generated)

.         drop if missing(vehicle_raw) | vehicle_raw == ""
(0 observations deleted)

.         
.     tempfile table4_data

.     save "`table4_data'", replace       
(file /var/folders/ss/lfl5qx6955x8ysd601l8w13r0000gq/T//S_30199.000002 not found)
file /var/folders/ss/lfl5qx6955x8ysd601l8w13r0000gq/T//S_30199.000002 saved as .dta format

.         
.         * Importing Table 5 from Kelley Blue Book
.         
.         import excel using "${code_files}/1_assumptions/evs/Q4-2021-Kelley-Blue-Book-Sales-Report-Electrified-Light-Vehicles.xlsx", ///
>                 clear sheet("Table 5") cellrange(A3) firstrow
(10 vars, 14 obs)

.         keep A G  // Keep vehicle names and 2020 sales

.         rename A vehicle_raw

.         rename G sales2020

.         destring sales2020, replace force
sales2020 already numeric; no replace

.         drop if missing(vehicle_raw) | vehicle_raw == ""
(0 observations deleted)

.         append using "`table4_data'"

.         
.     // Standardize vehicle names
.     gen Vehicle = vehicle_raw

.     replace Vehicle = "Acura MDX Hybrid" if vehicle_raw == "Acura MDX"
(1 real change made)

.     replace Vehicle = "Acura NSX" if vehicle_raw == "Acura NS-X"  
(1 real change made)

.         replace Vehicle = "Audi Q5 Hybrid" if vehicle_raw == "Audi Q5"  
(1 real change made)

.     replace Vehicle = "Ford Escape/Mercury Mariner" if vehicle_raw == "Ford Escape"
variable Vehicle was str26 now str27
(1 real change made)

.     replace Vehicle = "Ford Fusion & Milan" if vehicle_raw == "Ford Fusion"
(1 real change made)

.     replace Vehicle = "Hyundai Ioniq Hybrid" if vehicle_raw == "Hyundai Ioniq"
(1 real change made)

.     replace Vehicle = "Kia Optima" if vehicle_raw == "Kia Optima/K5"
(1 real change made)

.     replace Vehicle = "Lexus LC500h" if vehicle_raw == "Lexus LC"
(1 real change made)

.     replace Vehicle = "Lexus LS 500h" if vehicle_raw == "Lexus LS"
(1 real change made)

.     replace Vehicle = "Lexus NX Hybrid" if vehicle_raw == "Lexus NX"
(1 real change made)

.     replace Vehicle = "Lexus RX 450h" if vehicle_raw == "Lexus RX"
(1 real change made)

.         replace Vehicle = "Lexus  ES Hybrid" if vehicle_raw == "Lexus ES"
(1 real change made)

.         replace Vehicle = "Toyota Prius" if vehicle_raw == "Toyota Prius / Prius Prime"
(1 real change made)

. 
. 
.         save "${code_files}/1_assumptions/evs/Q4-2021-Kelley-Blue-Book-Sales-Report-Electrified-Light-Vehicles.dta", replace
file /Users/beatrice/Documents/GitHub/mvpf-climate/data/1_assumptions/evs/Q4-2021-Kelley-Blue-Book-Sales-Report-Electrified-Light-Vehicles.dta saved

. 
. restore

.         
. merge 1:1 Vehicle using "${code_files}/1_assumptions/evs/Q4-2021-Kelley-Blue-Book-Sales-Report-Electrified-Light-Vehicles.dta", gen(source) keep(1 2 3)

    Result                      Number of obs
    -----------------------------------------
    Not matched                            68
        from master                        35  (source==1)
        from using                         33  (source==2)

    Matched                                26  (source==3)
    -----------------------------------------

. 
. drop if Vehicle == "Total"
(1 observation deleted)

. 
. gen batt_cap2020 = .
(93 missing values generated)

. gen mpg2020 = .
(93 missing values generated)

. 
. replace batt_cap2020 = 1.3 if Vehicle == "Acura RLX" | Vehicle == "Acura NSX" // https://www.autoweb.com/acura/nsx/2020 and https://en.wikipedia.org/wiki/Acura_RLX
(2 real changes made)

. replace batt_cap2020 = 1.1 if Vehicle == "Ford Escape/Mercury Mariner" // https://www.caranddriver.com/news/a27006951/2020-ford-escape-hybrid-plug-in-photos-info/
(1 real change made)

. replace batt_cap2020 = 1.1 if Vehicle == "Ford Explorer" // https://www.caranddriver.com/news/a27006951/2020-ford-escape-hybrid-plug-in-photos-info/
(1 real change made)

. replace batt_cap2020 = 1.4 if Vehicle == "Ford Fusion & Milan" // https://www.holzhauers.com/blog/2020/september/9/everything-you-need-to-know-about-the-ford-fusion-hybrid-battery.h
> tm
(1 real change made)

. replace batt_cap2020 = 1.3 if Vehicle == "Honda Accord" // https://www.caranddriver.com/honda/accord/specs/2020/honda_accord_honda-accord-hybrid_2020
(1 real change made)

. replace batt_cap2020 = 1.2 if Vehicle == "Honda Insight" // https://www.topspeed.com/real-cost-replacing-honda-insight-hybrid-battery/
(1 real change made)

. replace batt_cap2020 = 6.5 * 244.8 / 1000 if Vehicle == "Toyota RAV4" // https://www.guideautoweb.com/en/articles/53908/2020-toyota-rav4-hybrid-the-best-rav4-you-can-buy/
(1 real change made)

. replace batt_cap2020 = 6.5 * 288 / 1000 if Vehicle == "Toyota Highlander" // https://assets.sia.toyota.com/publications/en/om-s/OM0E037U/pdf/OM0E037U.pdf p. 508
(1 real change made)

. replace batt_cap2020 = ((3.6 * 207.2 + 6.5 * 201.6) / 1000) / 2 if Vehicle == "Toyota Prius" // https://www.velocityjournal.com/journal/2020/toyota/33872/reviews/310.html
(1 real change made)

. replace batt_cap2020 = ((4  * 259 + 6.5 * 244.8) / 1000) / 2 if Vehicle == "Toyota Camry" // avg of AXVH70 and AXVH71 models, https://assets.sia.toyota.com/publications/en/om-s/OM06
> 233U/pdf/OM06233U.pdf p. 524
(1 real change made)

. replace batt_cap2020 = 6.5 * 201.6 / 1000 if Vehicle == "Toyota Corolla" // https://assets.sia.toyota.com/publications/en/om-s/OM12K81U/pdf/OM12K81U.pdf, p. 498
(1 real change made)

. replace batt_cap2020 = 6.5 * 244.8 / 1000 if Vehicle == "Toyota Avalon" // https://assets.sia.toyota.com/publications/en/om-s/OM07017U/pdf/OM07017U.pd, p. 502
(1 real change made)

. replace batt_cap2020 = 6.5 * 240 / 1000 if Vehicle == "Kia Niro" // https://www.kniro.net/description_and_operation-724.html
(1 real change made)

. replace batt_cap2020 = 6.5 * 288 / 1000 if Vehicle == "Lexus RX 450h" // https://assets.sia.toyota.com/publications/en/om-s/OM0E059U/pdf/OM0E059U.pdf, p. 466
(1 real change made)

. replace batt_cap2020 = 6.5 * 270 / 1000 if Vehicle == "Kia Optima" // https://www.kiamedia.com/us/en/models/optima-hybrid/2020/specifications
(1 real change made)

. replace batt_cap2020 = 6.5 * 216 / 1000 if Vehicle == "Lexus UX" // https://www.okacc.com/product/216v-6-5ah-nimh-hybrid-car-battery-replacement-for-lexus-ux-250h-2019/
(1 real change made)

. replace batt_cap2020 = 6.5 * 244.8 / 1000 if Vehicle == "Lexus NX Hybrid" | Vehicle == "Lexus ES Hybrid" // https://assets.sia.toyota.com/publications/en/om-s/OM0E059U/pdf/OM0E059U.
> pdf, p. 402
(1 real change made)

. replace batt_cap2020 = 3.6 * 310.8 / 1000 if Vehicle == "Lexus LS 500h" | Vehicle == "Lexus LC500h" // https://www.caranddriver.com/reviews/a32132012/2020-lexus-ls500h-drive/ and ht
> tps://www.caranddriver.com/lexus/lc
(2 real changes made)

. replace batt_cap2020 = 1.56 if Vehicle == "Hyundai Ioniq Hybrid" // https://www.encycarpedia.com/us/hyundai/16-ioniq-hybrid-hatch
(1 real change made)

. replace batt_cap2020 = 1.62 if Vehicle == "Hyundai Sonata" // https://www.motortrend.com/reviews/2020-hyundai-sonata-hybrid-first-drive
(1 real change made)

. replace batt_cap2020 = 1 if Vehicle == "Lincoln MKZ" // https://www.cars.com/research/compare/?vehicles=lincoln-mkz-2020,lincoln-mkz_hybrid-2020
(1 real change made)

. 
. *** All msrp info is from edmunds unless otherwise noted
. 
. gen msrp2020 = .
(93 missing values generated)

. replace msrp2020 = (36750 + 42500) / 2 if Vehicle == "Lincoln MKZ" //https://www.edmunds.com/lincoln/mkz/2020/features-specs/
(1 real change made)

. replace msrp2020 = (24325 + 25535 + 26935 + 28375 + 29375 + 32500) / 6 if Vehicle == "Toyota Prius" //https://www.edmunds.com/toyota/prius/2020/features-specs/
(1 real change made)

. replace msrp2020 = 52530 if Vehicle == "Ford Explorer" //https://www.edmunds.com/ford/explorer/2020/features-specs/
(1 real change made)

. replace msrp2020 = (28265 + 33550) / 2 if Vehicle == "Ford Escape/Mercury Mariner" //https://www.edmunds.com/ford/escape/2020/features-specs/
(1 real change made)

. replace msrp2020 = 97510 if Vehicle == "Lexus LC500h" //https://www.edmunds.com/lexus/lc500h/2020/features-specs/
(1 real change made)

. replace msrp2020 = 80010 if Vehicle == "Lexus LS 500h" //https://www.edmunds.com/lexus/ls500h/2020/features-specs/
(1 real change made)

. replace msrp2020 = (22930 + 24310 + 28340) / 3 if Vehicle == "Honda Insight" //https://www.edmunds.com/honda/insight/2020/features-specs/
(1 real change made)

. replace msrp2020 = 157500 if Vehicle == "Acura NSX" //https://www.edmunds.com/acura/nsx/2020/features-specs/
(1 real change made)

. replace msrp2020 = 61900 if Vehicle == "Acura RLX" //https://www.edmunds.com/acura/rlx/2020/features-specs/
(1 real change made)

. replace msrp2020 = (24975 + 27785 + 27785 + 28875 + 31375 + 32315 + 32315 + 33375 + 37205) / 9  if Vehicle == "Honda Accord" // https://hondanews.com/en-US/honda-automobiles/release
> s/release-807c080220275f828905387c4f006348-2020-honda-accord-pricing-and-epa-ratings-172020#:~:text=Included%20Divisions,Cookie%20Preferences
(1 real change made)

. replace msrp2020 = 23100 if Vehicle == "Toyota Corolla" // https://www.worldtoyota.com/2020-toyota-corolla-hybrid-research/#:~:text=ft%20@%203%2C600%20rpm-,TRANSMISSION,for%202%20ye
> ars/unlimited%20miles.
(1 real change made)

. replace msrp2020 = (28430 + 30130 + 32730) / 3 if Vehicle == "Toyota Camry" //https://www.seegertoyota.com/research-camry.html
(1 real change made)

. replace msrp2020 = (28000 + 31630 + 34595) / 3 if Vehicle == "Ford Fusion & Milan" //https://www.cars.com/research/ford-fusion_hybrid-2020/
(1 real change made)

. replace msrp2020 = (34500 + 36500 + 39700) / 3 if Vehicle == "Lexus UX" //https://www.cars.com/research/lexus-ux_250h-2020/
(1 real change made)

. replace msrp2020 = (23200 + 25150 + 28400 + 31200) / 4 if Vehicle == "Hyundai Ioniq Hybrid" //https://www.edmunds.com/hyundai/ioniq-hybrid/2020/features-specs/
(1 real change made)

. replace msrp2020 = (24590 + 25990 + 28290 + 30790 + 32790) / 5 if Vehicle == "Kia Niro" //https://www.edmunds.com/kia/niro/2020/features-specs/
(1 real change made)

. replace msrp2020 = (37000 + 39500 + 43300) / 3  if Vehicle == "Toyota Avalon" //https://www.toyotaplace.com/2020-avalon-hybrid/
(1 real change made)

. replace msrp2020 = (41810 + 44665 + 45660) / 3 if Vehicle == "Lexus ES Hybrid" //https://www.cars.com/research/lexus-es_300h-2020/
(0 real changes made)

. replace msrp2020 = (39070 + 46160) / 2 if Vehicle == "Lexus NX Hybrid" //https://www.edmunds.com/lexus/nx-300h/2020/features-specs/
(1 real change made)

. replace msrp2020 = (28350 + 29645 + 34300 + 36880) / 4 if Vehicle == "Toyota RAV4" //https://www.carvertoyota.com/2020-rav4-hybrid/
(1 real change made)

. replace msrp2020 = (27750 + 29900 + 35300) / 3 if Vehicle == "Hyundai Sonata" //https://www.cars.com/research/hyundai-sonata_hybrid-2020/
(1 real change made)

. replace msrp2020 = 29310 if Vehicle == "Kia Optima" //https://www.cars.com/research/kia-optima_hybrid-2020/
(1 real change made)

. replace msrp2020 = (46800 + 50600 + 52920) / 3 if Vehicle == "Lexus RX 450h" //https://www.edmunds.com/lexus/rx-450h/2020/features-specs/
(1 real change made)

. replace msrp2020 = (38200 + 41000 + 45050 + 48250) / 4 if Vehicle == "Toyota Highlander" //https://www.toyotaofsaratogasprings.com/2020-highlander-hybrid/
(1 real change made)

. replace msrp2020 = (69000 + 73600 + 79700) / 3 if Vehicle == "Audi A7" //https://www.edmunds.com/audi/a7/2020/features-specs/
(1 real change made)

. //replace msrp2020 = (43450 + 44465 + 46950 + 49750) / 4 if Vehicle == "Jeep Wrangler" XX no jeep wrangler hybrid in 2020
. replace msrp2020 = 85200 if Vehicle == "Audi A8" //https://media.audiusa.com/releases/383
(1 real change made)

. replace msrp2020 = 52530 if Vehicle == "Ford Explorer" //https://www.edmunds.com/ford/explorer/2020/features-specs/
(0 real changes made)

. replace msrp2020 = (90900 + 96150) / 2 if Vehicle == "Land Rover Range Rover" //https://media.jaguarlandrover.com/en-us/news/2019/04/2020-range-rover-offers-straight-six-performance
> -and-efficient-mild-hybrid-refinement
(1 real change made)

. replace msrp2020 = 53000 if Vehicle == "Acura MDX Hybrid" //https://www.edmunds.com/acura/mdx/2020/st-401818478/features-specs/
(1 real change made)

. 
. replace msrp2000 = 20495 if Vehicle == "Honda Insight" // https://www.kbb.com/honda/insight/2000/
(1 real change made)

. replace msrp2001 = 18980 if Vehicle == "Honda Insight" //https://hondanews.com/en-US/honda-automobiles/releases/release-098c5538bed9019c638afd004c34c826-2001-honda-insight-prices-an
> d-epa-data
(1 real change made)

. replace msrp2001 = 19995 if Vehicle == "Toyota Prius" //https://www.edmunds.com/toyota/prius/2001/review/
(1 real change made)

. replace msrp2002 = 19080 if Vehicle == "Honda Insight" //https://www.cars.com/research/honda-insight-2002/
(1 real change made)

. replace msrp2002 = 19995 if Vehicle == "Toyota Prius" //https://www.edmunds.com/toyota/prius/2002/review/
(1 real change made)

. replace msrp2003 = 19080 if Vehicle == "Honda Insight" //https://www.edmunds.com/honda/insight/2003/review/
(1 real change made)

. replace msrp2003 = 19995 if Vehicle == "Toyota Prius" //https://www.edmunds.com/toyota/prius/2003/review/
(1 real change made)

. replace msrp2004 = 19650 if Vehicle == "Honda Civic" //https://www.edmunds.com/honda/civic/2004/features-specs/
(1 real change made)

. replace msrp2004 = 19180 if Vehicle == "Honda Insight" //https://www.edmunds.com/honda/insight/2004/review/
(1 real change made)

. replace msrp2004 = 20295 if Vehicle == "Toyota Prius" //https://www.edmunds.com/toyota/prius/2004/review/
(1 real change made)

. replace msrp2005 = 26830 if Vehicle == "Ford Escape/Mercury Mariner" //https://www.edmunds.com/ford/escape/2005/features-specs/
(1 real change made)

. replace msrp2005 = 19900 if Vehicle == "Honda Civic" //https://www.edmunds.com/honda/civic/2005/review/
(1 real change made)

. replace msrp2005 = 19330 if Vehicle == "Honda Insight" //https://www.edmunds.com/honda/insight/2005/review/
(1 real change made)

. replace msrp2005 = 21275 if Vehicle == "Toyota Prius" //https://www.edmunds.com/toyota/prius/2005/review/
(1 real change made)

. replace msrp2006 = 44660 if Vehicle == "Lexus RX 450h" //https://www.edmunds.com/lexus/rx-400h/2006/review/
(1 real change made)

. replace msrp2006 = 30990 if Vehicle == "Honda Accord" //https://hondanews.com/en-US/honda-automobiles/releases/release-62d354a9c0790131b8228e004c34c067-honda-announces-pricing-for-r
> edesigned-2006-accord-hybrid
(1 real change made)

. replace msrp2006 = 26900 if Vehicle == "Ford Escape/Mercury Mariner"
(1 real change made)

. replace msrp2006 = 19330 if Vehicle == "Honda Insight" //https://www.edmunds.com/honda/insight/2006/review/
(1 real change made)

. replace msrp2006 = 21725 if Vehicle == "Toyota Prius" //https://www.edmunds.com/toyota/prius/2006/review/
(1 real change made)

. 
. replace mpg2000 = 53 if Vehicle == "Honda Insight" //https://www.edmunds.com/honda/insight/2000/features-specs/
(1 real change made)

. 
. replace mpg2001 = (53 + 47) / 3 if Vehicle == "Honda Insight" // https://www.edmunds.com/honda/insight/2001/features-specs/
(1 real change made)

. replace mpg2001 = 41 if Vehicle == "Toyota Prius" //https://www.edmunds.com/toyota/prius/2001/review/
(1 real change made)

. 
. replace mpg2002 = (53 + 47) / 3 if Vehicle == "Honda Insight" //https://www.edmunds.com/honda/insight/2002/features-specs/
(1 real change made)

. replace mpg2002 = 41 if Vehicle == "Toyota Prius" //https://www.edmunds.com/toyota/prius/2002/review/
(1 real change made)

. 
. replace mpg2003 = (53 + 47) / 3 if Vehicle == "Honda Insight" //https://www.edmunds.com/honda/insight/2003/features-specs/
(1 real change made)

. replace mpg2003 = 41 if Vehicle == "Honda Civic" //https://www.edmunds.com/honda/civic/2003/features-specs/
(1 real change made)

. replace mpg2003 = 41 if Vehicle == "Toyota Prius" //https://www.edmunds.com/toyota/prius/2003/review/
(1 real change made)

. 
. replace mpg2004 = (52 + 47) / 3 if Vehicle == "Honda Insight" //https://www.edmunds.com/honda/insight/2004/features-specs/
(1 real change made)

. replace mpg2004 = 40 if Vehicle == "Honda Civic" //https://www.edmunds.com/honda/civic/2004/features-specs/
(1 real change made)

. replace mpg2004 = 46 if Vehicle == "Toyota Prius" //https://www.edmunds.com/toyota/prius/2004/review/
(1 real change made)

. 
. replace mpg2005 = (52 + 47) / 2 if Vehicle == "Honda Insight" //https://www.edmunds.com/honda/insight/2005/features-specs/
(1 real change made)

. replace mpg2005 = 28 if Vehicle == "Honda Accord" // https://www.fueleconomy.gov/feg/noframes/21539.shtml
(1 real change made)

. replace mpg2005 = (29 + 27) / 2 if Vehicle == "Ford Escape/Mercury Mariner" //https://www.edmunds.com/ford/escape/2005/features-specs/
(1 real change made)

. replace mpg2005 = 40 if Vehicle == "Honda Civic" //https://www.edmunds.com/honda/civic/2005/features-specs/
(1 real change made)

. replace mpg2005 = 46 if Vehicle == "Toyota Prius" //https://www.edmunds.com/toyota/prius/2005/review/
(1 real change made)

. 
. replace mpg2006 = (52 + 47) / 2 if Vehicle == "Honda Insight" //https://www.edmunds.com/honda/insight/2006/features-specs/
(1 real change made)

. replace mpg2006 = 25 if Vehicle == "Honda Accord" //https://www.fueleconomy.gov/feg/noframes/22676.shtml
(1 real change made)

. replace mpg2006 = (27 + 25) / 2 if Vehicle == "Lexus RX 450h" //https://www.kbb.com/lexus/rx/2006/rx-400h-sport-utility-4d/
(1 real change made)

. replace mpg2006 = (29 + 27) / 2 if Vehicle == "Ford Escape/Mercury Mariner" //https://www.edmunds.com/ford/escape-hybrid/2006/mpg/?style=100531499
(1 real change made)

. replace mpg2006 = 42 if Vehicle == "Honda Civic" // https://www.edmunds.com/honda/civic/2006/review/
(1 real change made)

. replace mpg2006 = (27 + 26) / 2 if Vehicle == "Toyota Highlander"
(1 real change made)

. replace mpg2006 = 46 if Vehicle == "Toyota Prius" //https://www.edmunds.com/toyota/prius/2006/review/
(1 real change made)

. 
. sort sales2020

. 
. // All MPG numbers come from fueleconomy.gov
. replace mpg2020 = 24 if Vehicle == "Audi A7" //https://fueleconomy.gov/feg/Find.do?action=sbs&id=42295
(1 real change made)

. replace mpg2020 = 30 if Vehicle == "Lexus LC500h" //https://www.fueleconomy.gov/feg/Find.do?action=sbs&id=41552
(1 real change made)

. replace mpg2020 = (28 + 26) / 2 if Vehicle == "Lexus LS 500h" //https://www.fueleconomy.gov/feg/Find.do?action=sbs&id=42131&id=42132
(1 real change made)

. replace mpg2020 = (21 + 21 + 20) / 3 if Vehicle == "Jeep Wrangler" //https://www.fueleconomy.gov/feg/Find.do?action=sbs&id=42906&id=42908&id=43801
(1 real change made)

. replace mpg2020 = (21 + 18) / 2 if Vehicle == "Audi A8" //https://www.fueleconomy.gov/feg/Find.do?action=sbs&id=42241&id=42306
(1 real change made)

. replace mpg2020 = 21 if Vehicle == "Acura NSX" //https://www.fueleconomy.gov/feg/Find.do?action=sbs&id=42192
(1 real change made)

. replace mpg2020 = 28 if Vehicle == "Acura RLX" //https://www.fueleconomy.gov/feg/Find.do?action=sbs&id=41718
(1 real change made)

. replace mpg2020 = 42 if Vehicle == "Kia Optima" //https://www.fueleconomy.gov/feg/Find.do?action=sbs&id=41437
(1 real change made)

. replace mpg2020 = (18 + 24) / 2 if Vehicle == "Land Rover Range Rover" // https://www.fueleconomy.gov/feg/Find.do?action=sbs&id=41636&id=41634
(1 real change made)

. replace mpg2020 = 27 if Vehicle == "Acura MDX Hybrid" //https://www.fueleconomy.gov/feg/Find.do?action=sbs&id=41665
(1 real change made)

. replace mpg2020 = (28 + 26) / 2 if Vehicle == "Lexus LS 500h" //https://www.fueleconomy.gov/feg/Find.do?action=sbs&id=42131&id=42132
(0 real changes made)

. replace mpg2020 = 41 if Vehicle == "Lincoln MKZ" //https://www.fueleconomy.gov/feg/Find.do?action=sbs&id=41808
(1 real change made)

. replace mpg2020 = (52 + 47) / 2 if Vehicle == "Hyundai Sonata" //https://www.fueleconomy.gov/feg/Find.do?action=sbs&id=42475&id=42476
(1 real change made)

. replace mpg2020 = (44 + 43) / 2 if Vehicle == "Toyota Avalon" //https://www.fueleconomy.gov/feg/Find.do?action=sbs&id=41813&id=41814
(1 real change made)

. replace mpg2020 = 44 if Vehicle == "Lexus ES Hybrid" //https://www.fueleconomy.gov/feg/Find.do?action=sbs&id=41913
(0 real changes made)

. replace mpg2020 = (28 + 25) / 2 if Vehicle == "Ford Explorer" //https://www.fueleconomy.gov/feg/Find.do?action=sbs&id=41939&id=41937
(1 real change made)

. replace mpg2020 = 31 if Vehicle == "Lexus NX Hybrid" //https://www.edmunds.com/lexus/nx-300h/2020/review/
(1 real change made)

. replace mpg2020 = (42 + 39) / 2 if Vehicle == "Lexus UX" //https://www.fueleconomy.gov/feg/Find.do?action=sbs&id=42222&id=42223
(1 real change made)

. replace mpg2020 = (58 + 55) / 2 if Vehicle == "Hyundai Ioniq Hybrid" //https://www.fueleconomy.gov/feg/Find.do?action=sbs&id=42243&id=42242
(1 real change made)

. replace mpg2020 = (30 + 29) / 2 if Vehicle == "Lexus RX 450h" //https://www.fueleconomy.gov/feg/Find.do?action=sbs&id=41974&id=41975
(1 real change made)

. replace mpg2020 = (50 + 49 + 43) / 3 if Vehicle == "Kia Niro" //https://www.fueleconomy.gov/feg/Find.do?action=sbs&id=42307&id=42308&id=42309
(1 real change made)

. replace mpg2020 = (52 + 48) / 2 if Vehicle == "Honda Insight" //https://www.fueleconomy.gov/feg/Find.do?action=sbs&id=41648&id=41649
(1 real change made)

. replace mpg2020 = 52 if Vehicle == "Toyota Corolla" //https://www.fueleconomy.gov/feg/Find.do?action=sbs&id=41214
(1 real change made)

. replace mpg2020 = 48 if Vehicle == "Honda Accord" //https://www.fueleconomy.gov/feg/Find.do?action=sbs&id=42135
(1 real change made)

. replace mpg2020 = (42 + 41) / 2 if Vehicle == "Ford Fusion & Milan" //https://www.fueleconomy.gov/feg/Find.do?action=sbs&id=41802&id=41803
(1 real change made)

. replace mpg2020 = (41 + 40) / 2 if Vehicle == "Ford Escape/Mercury Mariner" //https://www.fueleconomy.gov/feg/Find.do?action=sbs&id=42258&id=42253
(1 real change made)

. replace mpg2020 = (52 + 46) / 2 if Vehicle == "Toyota Camry" //https://www.fueleconomy.gov/feg/Find.do?action=sbs&id=42016&id=42017
(1 real change made)

. replace mpg2020 = (56 + 52 + 50 + 46) / 4 if Vehicle == "Toyota Prius" //https://www.fueleconomy.gov/feg/Find.do?action=sbs&id=41915&id=41917&id=41916&id=41716
(1 real change made)

. replace mpg2020 = (36 + 35 + 35) / 3 if Vehicle == "Toyota Highlander" //https://www.fueleconomy.gov/feg/Find.do?action=sbs&id=42477&id=42478&id=42479
(1 real change made)

. replace mpg2020 = 40 if Vehicle == "Toyota RAV4" //https://www.fueleconomy.gov/feg/Find.do?action=sbs&id=42187
(1 real change made)

. 
. forv i = 1999(1)2020{
  2.         gen sales_msrp`i' = sales`i'
  3.         gen sales_mpg`i' = sales`i'
  4.         ren sales`i' sales_batt_cap`i'
  5.         replace sales_msrp`i' = 0 if missing(msrp`i')
  6.         replace sales_mpg`i' = 0 if missing(mpg`i')
  7.         replace sales_batt_cap`i' = 0 if missing(batt_cap`i')
  8. }
(33 missing values generated)
(33 missing values generated)
(34 real changes made)
(34 real changes made)
(34 real changes made)
(33 missing values generated)
(33 missing values generated)
(34 real changes made)
(34 real changes made)
(34 real changes made)
(33 missing values generated)
(33 missing values generated)
(33 real changes made)
(33 real changes made)
(33 real changes made)
(33 missing values generated)
(33 missing values generated)
(34 real changes made)
(34 real changes made)
(34 real changes made)
(33 missing values generated)
(33 missing values generated)
(34 real changes made)
(33 real changes made)
(33 real changes made)
(33 missing values generated)
(33 missing values generated)
(35 real changes made)
(35 real changes made)
(35 real changes made)
(33 missing values generated)
(33 missing values generated)
(36 real changes made)
(35 real changes made)
(35 real changes made)
(33 missing values generated)
(33 missing values generated)
(37 real changes made)
(35 real changes made)
(35 real changes made)
(33 missing values generated)
(33 missing values generated)
(45 real changes made)
(45 real changes made)
(45 real changes made)
(33 missing values generated)
(33 missing values generated)
(48 real changes made)
(48 real changes made)
(48 real changes made)
(33 missing values generated)
(33 missing values generated)
(52 real changes made)
(52 real changes made)
(52 real changes made)
(33 missing values generated)
(33 missing values generated)
(57 real changes made)
(57 real changes made)
(57 real changes made)
(33 missing values generated)
(33 missing values generated)
(63 real changes made)
(63 real changes made)
(63 real changes made)
(33 missing values generated)
(33 missing values generated)
(69 real changes made)
(69 real changes made)
(69 real changes made)
(33 missing values generated)
(33 missing values generated)
(72 real changes made)
(72 real changes made)
(72 real changes made)
(33 missing values generated)
(33 missing values generated)
(73 real changes made)
(73 real changes made)
(73 real changes made)
(33 missing values generated)
(33 missing values generated)
(73 real changes made)
(73 real changes made)
(73 real changes made)
(33 missing values generated)
(33 missing values generated)
(70 real changes made)
(70 real changes made)
(70 real changes made)
(33 missing values generated)
(33 missing values generated)
(69 real changes made)
(69 real changes made)
(69 real changes made)
(33 missing values generated)
(33 missing values generated)
(67 real changes made)
(67 real changes made)
(67 real changes made)
(33 missing values generated)
(33 missing values generated)
(65 real changes made)
(65 real changes made)
(65 real changes made)
(37 missing values generated)
(37 missing values generated)
(66 real changes made)
(65 real changes made)
(70 real changes made)

. 
. forv i = 1999(1)2020{
  2.         egen msrp_N`i' = total(sales_msrp`i')
  3.         egen batt_cap_N`i' = total(sales_batt_cap`i')
  4.         egen mpg_N`i' = total(sales_mpg`i')
  5.         egen msrp_weighted_avg`i' = total(sales_msrp`i' * msrp`i')
  6.         replace msrp_weighted_avg`i' = msrp_weighted_avg`i' / msrp_N`i'
  7.         egen batt_cap_weighted_avg`i' = total(sales_batt_cap`i' * batt_cap`i')
  8.         replace batt_cap_weighted_avg`i' = batt_cap_weighted_avg`i' / batt_cap_N`i'
  9.         egen mpg_weighted_avg`i' = total(sales_mpg`i' * mpg`i')
 10.         replace mpg_weighted_avg`i' = mpg_weighted_avg`i' / mpg_N`i'
 11. }
(93 real changes made, 93 to missing)
(93 real changes made, 93 to missing)
(93 real changes made, 93 to missing)
(93 real changes made)
(93 real changes made)
(93 real changes made)
(93 real changes made)
(93 real changes made)
(93 real changes made)
(93 real changes made)
(93 real changes made)
(93 real changes made)
(93 real changes made)
(93 real changes made)
(93 real changes made)
(93 real changes made)
(93 real changes made)
(93 real changes made)
(93 real changes made)
(93 real changes made)
(93 real changes made)
(93 real changes made)
(93 real changes made)
(93 real changes made)
(93 real changes made, 93 to missing)
(93 real changes made, 93 to missing)
(93 real changes made, 93 to missing)
(93 real changes made, 93 to missing)
(93 real changes made, 93 to missing)
(93 real changes made, 93 to missing)
(93 real changes made, 93 to missing)
(93 real changes made, 93 to missing)
(93 real changes made, 93 to missing)
(93 real changes made, 93 to missing)
(93 real changes made, 93 to missing)
(93 real changes made, 93 to missing)
(93 real changes made, 93 to missing)
(93 real changes made, 93 to missing)
(93 real changes made, 93 to missing)
(93 real changes made, 93 to missing)
(93 real changes made, 93 to missing)
(93 real changes made, 93 to missing)
(93 real changes made, 93 to missing)
(93 real changes made, 93 to missing)
(93 real changes made, 93 to missing)
(93 real changes made, 93 to missing)
(93 real changes made, 93 to missing)
(93 real changes made, 93 to missing)
(93 real changes made, 93 to missing)
(93 real changes made, 93 to missing)
(93 real changes made, 93 to missing)
(93 real changes made, 93 to missing)
(93 real changes made, 93 to missing)
(93 real changes made, 93 to missing)
(93 real changes made, 93 to missing)
(93 real changes made, 93 to missing)
(93 real changes made, 93 to missing)
(93 real changes made, 93 to missing)
(93 real changes made, 93 to missing)
(93 real changes made, 93 to missing)
(93 real changes made, 93 to missing)
(93 real changes made, 93 to missing)
(93 real changes made, 93 to missing)
(93 real changes made)
(93 real changes made)
(93 real changes made)

. 
. 
. duplicates drop batt_cap_weighted_avg2001 batt_cap_weighted_avg2002, force

Duplicates in terms of batt_cap_weighted_avg2001 batt_cap_weighted_avg2002

(92 observations deleted)

. 
. * reshape long batt_cap_weighted_avg msrp_weighted_avg mpg_weighted_avg, i(Vehicle) j(year)
. reshape long msrp_N batt_cap_N mpg_N batt_cap_weighted_avg msrp_weighted_avg mpg_weighted_avg, i(Vehicle) j(year)
(j = 1999 2000 2001 2002 2003 2004 2005 2006 2007 2008 2009 2010 2011 2012 2013 2014 2015 2016 2017 2018 2019 2020)

Data                               Wide   ->   Long
-----------------------------------------------------------------------------
Number of observations                1   ->   22          
Number of variables                 289   ->   164         
j variable (22 values)                    ->   year
xij variables:
   msrp_N1999 msrp_N2000 ... msrp_N2020   ->   msrp_N
batt_cap_N1999 batt_cap_N2000 ... batt_cap_N2020->batt_cap_N
      mpg_N1999 mpg_N2000 ... mpg_N2020   ->   mpg_N
batt_cap_weighted_avg1999 batt_cap_weighted_avg2000 ... batt_cap_weighted_avg2020->batt_cap_weighted_avg
msrp_weighted_avg1999 msrp_weighted_avg2000 ... msrp_weighted_avg2020->msrp_weighted_avg
mpg_weighted_avg1999 mpg_weighted_avg2000 ... mpg_weighted_avg2020->mpg_weighted_avg
-----------------------------------------------------------------------------

. * keep year batt_cap_weighted* msrp_weighted* mpg_weighted*
. keep year msrp_N batt_cap_N mpg_N batt_cap_weighted_avg msrp_weighted_avg mpg_weighted_avg

. 
. 
. ren msrp_weighted_avg msrp

. ren batt_cap_weighted_avg batt_cap 

. ren mpg_weighted_avg mpg 

. gen mpg_cf = 1 / ((1 / mpg) - -0.000011 * 100) // formula and -0.000011 come from Muehlegger & Rapson (2023), assuming difference between HEV mpg and counterfactual mpg is the same 
> over time
(14 missing values generated)

. 
. save "${code_files}/1_assumptions/evs/processed/hev_data.dta", replace
file /Users/beatrice/Documents/GitHub/mvpf-climate/data/1_assumptions/evs/processed/hev_data.dta saved

. 
. 
. 
. 
. 
. 
. 
. 
. 
. 
. 
. 
. 
. 
. 
. 
. 
. 
. 
end of do-file

. 
. do "${github}/data_cleaning/build_scc_epa_data.do"

. ******************************************************
. /* Creates dataset of EPA SCCs from Table A5
>  https://www.epa.gov/system/files/documents/2023-12/epa_scghg_2023_report_final.pdf
>  */
. ******************************************************
. 
. clear

. input year epa_scc

          year    epa_scc
  1. 2020    193
  2. 2021    197
  3. 2022    200
  4. 2023    204
  5. 2024    208
  6. 2025    212
  7. 2026    215
  8. 2027    219
  9. 2028    223
 10. 2029    226
 11. 2030    230
 12. 2031    234
 13. 2032    237
 14. 2033    241
 15. 2034    245
 16. 2035    248
 17. 2036    252
 18. 2037    256
 19. 2038    259
 20. 2039    263
 21. 2040    267
 22. 2041    271
 23. 2042    275
 24. 2043    279
 25. 2044    283
 26. 2045    287
 27. 2046    291
 28. 2047    296
 29. 2048    300
 30. 2049    304
 31. 2050    308
 32. 2051    312
 33. 2052    315
 34. 2053    319
 35. 2054    323
 36. 2055    326
 37. 2056    330
 38. 2057    334
 39. 2058    338
 40. 2059    341
 41. 2060    345
 42. 2061    348
 43. 2062    351
 44. 2063    354
 45. 2064    357
 46. 2065    360
 47. 2066    363
 48. 2067    366
 49. 2068    369
 50. 2069    372
 51. 2070    375
 52. 2071    378
 53. 2072    382
 54. 2073    385
 55. 2074    388
 56. 2075    391
 57. 2076    394
 58. 2077    398
 59. 2078    401
 60. 2079    404
 61. 2080    407
 62. end

. 
. save "${code_files}/1_assumptions/evs/processed/epa_scc.dta", replace
file /Users/beatrice/Documents/GitHub/mvpf-climate/data/1_assumptions/evs/processed/epa_scc.dta saved

. 
end of do-file

. 
. 
. 
end of do-file

. /***************************************************************************
>  *              METAFILE FOR MVPF ENVIRONMENTAL PROJECT                    *
>  ***************************************************************************
>     This file produces all MVPF estimates.
>     It requires not only this code repository, but also the separate sets of
>     policy-specific input files found in Dropbox. The GitHub READ ME file 
>     provides more detail on the required file structure.
>     
>     To get started, 3 user-specific file paths must be set (cf. I.1. below).
> ****************************************************************************/
. version 18

. cap log close
